2023-10-05 00:58:24.688058,120,139,250,128,131,166,115,119,222,136,130,233,127,130,125,128,125,187
2023-10-05 00:58:24.789706,137,171,237,282,125,367,124,122,239,131,129,233,126,131,128,128,125,187
2023-10-05 00:58:24.890056,144,182,160,225,258,360,141,123,10,131,129,233,132,128,130,128,125,187
2023-10-05 00:58:24.990364,-155,-38,421,71,170,239,142,132,33,130,130,235,136,114,126,128,125,188
2023-10-05 00:58:25.090754,68,1,263,-48,35,-38,137,127,26,143,133,237,122,136,127,129,124,188
2023-10-05 00:58:25.191109,84,199,185,75,-4,-161,136,120,1,139,132,236,124,132,127,129,124,187
2023-10-05 00:58:25.291418,150,521,129,-14,97,-35,132,116,228,129,127,237,147,107,122,128,125,187
2023-10-05 00:58:25.391719,162,245,123,598,276,305,131,118,233,134,132,229,144,119,122,128,125,187
2023-10-05 00:58:25.492044,91,172,241,49,236,385,140,125,3,127,128,235,130,127,125,128,125,187
2023-10-05 00:58:25.592356,-78,89,294,-43,312,331,143,133,32,133,125,235,112,140,136,128,125,187
2023-10-05 00:58:25.692690,7,29,294,152,48,-25,139,134,39,152,144,233,144,109,118,129,123,186
2023-10-05 00:58:25.793005,36,91,248,143,-17,-172,132,126,13,140,132,232,119,135,135,129,124,187
2023-10-05 00:58:25.893346,58,204,216,-1,34,-185,132,118,239,131,128,233,117,142,140,128,125,187
2023-10-05 00:58:25.993666,91,33,251,133,102,239,119,116,223,170,108,202,127,202,132,128,125,187
2023-10-05 00:58:26.093974,59,370,182,158,256,337,144,123,240,126,134,239,142,128,128,128,125,187
2023-10-05 00:58:26.194290,120,78,203,326,283,376,138,128,12,131,127,232,127,116,117,128,125,187
2023-10-05 00:58:26.294586,-15,104,294,176,94,169,148,135,33,115,121,236,109,176,147,129,125,186
2023-10-05 00:58:26.394879,36,164,305,-38,-17,-47,143,131,22,142,131,233,113,145,139,130,123,186
2023-10-05 00:58:26.495169,60,131,187,235,22,-160,132,123,249,136,129,236,121,133,134,129,124,187
2023-10-05 00:58:26.595360,142,399,74,-46,69,-49,140,119,222,129,126,240,131,126,125,129,124,187
2023-10-05 00:58:26.695626,144,195,179,541,247,306,132,123,226,131,131,235,125,138,124,128,124,187
2023-10-05 00:58:26.795959,76,333,162,61,305,341,149,130,249,131,131,233,133,123,122,128,125,187
2023-10-05 00:58:26.896245,4,166,303,61,291,286,149,135,23,155,137,228,78,194,149,129,124,186
2023-10-05 00:58:26.996555,3,24,292,281,55,105,141,135,32,136,129,237,124,127,124,129,124,186
2023-10-05 00:58:27.096844,72,56,248,29,-2,-98,133,128,15,138,131,232,123,138,137,129,124,186
2023-10-05 00:58:27.197166,85,267,170,76,-14,-124,138,119,243,141,133,234,123,133,131,129,124,187
2023-10-05 00:58:27.297438,105,292,165,-61,78,127,134,113,221,138,132,230,122,135,126,129,124,187
2023-10-05 00:58:27.397753,171,261,187,405,251,283,137,116,233,139,143,229,125,125,129,128,125,187
2023-10-05 00:58:27.498019,98,161,208,180,288,322,141,124,0,129,129,233,127,125,125,128,125,187
2023-10-05 00:58:27.598353,3,85,306,213,249,275,147,134,24,134,130,234,127,133,132,128,125,187
2023-10-05 00:58:27.698640,60,132,274,165,65,93,144,134,31,140,127,237,124,132,125,129,124,186
2023-10-05 00:58:27.798971,66,77,214,31,-3,-111,134,127,13,133,129,233,120,137,135,129,125,187
2023-10-05 00:58:27.899250,67,216,211,98,32,-153,135,120,241,137,131,235,123,130,131,129,125,187
2023-10-05 00:58:27.999587,35,166,305,-62,123,196,124,118,222,147,136,235,114,145,128,129,124,187
2023-10-05 00:58:28.099877,130,288,192,358,264,337,136,124,239,131,130,237,128,128,125,128,125,187
2023-10-05 00:58:28.200191,62,98,239,72,283,351,140,133,9,130,127,234,136,116,118,129,125,187
2023-10-05 00:58:28.300469,-32,40,287,-142,189,221,142,139,31,106,116,240,127,125,129,128,125,187
2023-10-05 00:58:28.400795,39,128,274,78,5,-66,138,135,24,141,134,236,125,133,132,130,124,186
2023-10-05 00:58:28.501108,86,107,223,149,11,-152,129,125,253,132,129,236,122,135,132,129,124,187
2023-10-05 00:58:28.601401,162,402,55,-191,76,-99,133,117,226,136,130,235,124,135,127,129,124,187
2023-10-05 00:58:28.701706,110,142,246,322,182,263,116,121,221,134,129,232,126,136,124,128,125,187
2023-10-05 00:58:28.802003,75,182,232,59,161,371,127,128,241,132,129,236,130,121,123,128,125,187
2023-10-05 00:58:28.902283,107,151,197,193,260,348,135,134,11,143,139,225,145,98,112,129,124,186
2023-10-05 00:58:29.002607,49,-48,292,166,112,153,129,138,26,124,131,231,161,83,114,129,125,186
2023-10-05 00:58:29.102891,54,43,268,62,62,-85,126,133,15,136,128,231,119,137,136,129,124,186
2023-10-05 00:58:29.203215,94,156,200,171,26,-137,123,121,246,138,131,234,127,125,130,129,124,187
2023-10-05 00:58:29.303499,168,487,137,-67,88,-23,126,113,223,142,132,236,134,122,125,129,124,187
2023-10-05 00:58:29.403826,143,319,165,315,221,298,130,119,233,135,128,233,127,143,131,128,125,187
2023-10-05 00:58:29.504113,96,99,216,77,186,384,124,126,1,133,129,231,129,118,124,128,125,187
2023-10-05 00:58:29.604433,7,66,293,46,226,322,130,136,24,140,131,235,116,144,134,129,125,187
2023-10-05 00:58:29.704718,60,9,277,119,112,67,129,138,30,134,130,235,143,114,123,129,124,186
2023-10-05 00:58:29.805129,73,63,241,113,38,-92,123,131,13,134,131,233,120,136,134,129,124,187
2023-10-05 00:58:29.905419,72,189,225,153,36,-124,128,120,245,135,129,234,122,132,129,129,124,187
2023-10-05 00:58:30.005711,148,469,182,-48,117,18,126,114,223,134,125,236,127,130,126,129,124,187
2023-10-05 00:58:30.106008,137,316,165,403,260,310,131,120,236,125,131,238,142,118,122,128,125,187
2023-10-05 00:58:30.206312,69,162,203,97,248,372,128,130,4,131,129,233,129,126,124,128,125,187
2023-10-05 00:58:30.306607,-9,102,293,185,222,284,138,141,27,138,130,235,109,153,138,129,125,187
2023-10-05 00:58:30.406880,55,79,306,180,49,21,132,138,25,140,128,240,130,128,127,129,124,186
2023-10-05 00:58:30.507125,101,18,241,75,38,-119,121,129,7,134,131,234,125,126,134,129,124,187
2023-10-05 00:58:30.607470,91,306,154,58,45,-113,128,117,238,127,127,235,131,117,127,129,125,187
2023-10-05 00:58:30.707796,93,135,250,-64,125,231,113,114,227,138,126,233,122,125,129,129,124,187
2023-10-05 00:58:30.808082,151,283,204,514,286,342,126,124,242,133,132,233,136,115,122,128,125,187
2023-10-05 00:58:30.908373,93,40,247,96,209,362,125,135,10,133,129,232,134,125,124,129,125,187
2023-10-05 00:58:31.008687,-14,87,267,114,130,187,136,143,28,116,120,237,119,135,131,128,126,187
2023-10-05 00:58:31.108979,42,88,290,105,46,-48,127,139,20,149,136,230,122,135,133,129,124,186
2023-10-05 00:58:31.209310,91,112,217,148,43,-136,118,126,252,137,132,237,124,133,131,129,124,187
2023-10-05 00:58:31.309641,150,444,126,-141,98,-42,123,115,230,140,134,234,127,129,126,129,124,187
2023-10-05 00:58:31.409934,143,191,235,232,170,282,113,117,234,131,133,234,136,128,124,128,125,187
2023-10-05 00:58:31.510231,99,115,209,201,180,366,117,127,254,135,131,232,133,124,125,129,125,187
2023-10-05 00:58:31.610539,101,99,244,274,237,318,131,139,20,143,140,231,129,124,125,129,124,187
2023-10-05 00:58:31.710835,9,-93,319,90,104,111,128,144,27,127,128,237,144,99,121,129,125,187
2023-10-05 00:58:31.811151,79,83,256,-44,14,-80,121,135,11,143,133,233,124,129,130,129,124,187
2023-10-05 00:58:31.911469,75,148,209,181,51,-147,116,120,243,140,131,233,124,131,128,129,124,187
2023-10-05 00:58:32.011698,113,319,249,22,122,-13,114,111,222,132,124,235,125,136,126,129,125,187
2023-10-05 00:58:32.111961,148,211,201,380,202,309,119,116,232,133,129,236,119,143,129,128,125,187
2023-10-05 00:58:32.212271,87,192,192,14,220,362,123,128,253,132,131,234,130,121,126,129,125,187
2023-10-05 00:58:32.312535,-11,40,314,30,229,293,126,142,19,130,127,236,115,158,136,128,125,187
2023-10-05 00:58:32.412799,67,-29,283,71,77,34,123,141,20,137,134,240,133,120,125,129,124,187
2023-10-05 00:58:32.513112,111,98,231,62,36,-141,112,128,1,137,131,234,122,131,132,129,124,187
2023-10-05 00:58:32.613376,125,325,143,126,50,-85,120,112,234,136,132,233,126,134,127,129,124,187
2023-10-05 00:58:32.713686,110,133,258,119,136,182,104,108,226,132,126,237,120,133,126,129,125,187
2023-10-05 00:58:32.813956,132,342,180,270,231,312,124,119,238,133,131,235,127,129,127,128,125,187
2023-10-05 00:58:32.914264,106,83,213,173,213,362,118,131,4,135,131,233,134,123,124,129,125,187
2023-10-05 00:58:33.014533,26,74,307,124,169,185,127,142,18,127,128,235,133,121,127,129,125,187
2023-10-05 00:58:33.114842,94,117,252,115,61,-21,123,138,10,141,134,234,131,118,129,129,124,187
2023-10-05 00:58:33.215133,89,87,220,32,36,-111,110,124,247,138,132,236,124,128,130,129,124,187
2023-10-05 00:58:33.315523,101,362,251,-10,116,-93,108,110,225,133,130,236,127,133,124,129,125,187
2023-10-05 00:58:33.415788,143,69,225,344,148,225,101,111,224,142,132,229,136,140,131,128,125,187
2023-10-05 00:58:33.516096,105,230,245,154,188,360,117,123,240,126,130,236,128,126,125,129,125,187
2023-10-05 00:58:33.616362,92,53,234,239,204,327,119,135,4,137,133,235,136,113,121,129,124,187
2023-10-05 00:58:33.716681,65,25,290,75,118,148,126,140,14,132,129,235,126,128,131,129,125,187
2023-10-05 00:58:33.816947,96,56,284,27,51,-18,118,134,6,137,131,236,133,118,128,129,124,187
2023-10-05 00:58:33.917290,97,115,221,170,80,-132,110,119,241,134,133,237,126,125,130,129,124,187
2023-10-05 00:58:34.017575,128,178,260,-132,135,127,102,109,226,140,131,231,131,122,127,129,124,187
2023-10-05 00:58:34.117881,155,207,210,423,184,277,110,117,231,134,129,234,121,142,130,128,125,187
2023-10-05 00:58:34.218169,82,152,230,52,187,362,117,130,250,132,129,233,133,117,122,129,125,187
2023-10-05 00:58:34.318496,97,186,225,158,258,318,129,144,16,141,137,232,140,109,116,130,124,186
2023-10-05 00:58:34.418779,18,4,279,162,104,107,128,149,27,129,132,232,153,96,116,129,125,187
2023-10-05 00:58:34.519098,20,69,293,16,0,-103,118,139,11,140,130,228,121,131,132,129,124,187
2023-10-05 00:58:34.619376,87,235,169,121,-7,-139,117,118,243,131,126,235,123,130,129,129,125,187
2023-10-05 00:58:34.719733,98,3,291,-297,152,125,92,110,231,145,137,232,126,124,127,129,124,187
2023-10-05 00:58:34.820041,113,305,242,249,209,298,112,121,237,130,131,240,135,124,130,129,125,187
2023-10-05 00:58:34.920565,132,129,220,225,177,350,112,133,0,136,128,231,128,123,123,129,125,187
2023-10-05 00:58:35.020887,34,98,247,111,227,275,123,147,17,148,143,227,105,163,143,129,124,187
2023-10-05 00:58:35.121137,55,35,257,149,83,69,126,149,20,146,141,228,130,118,123,129,124,187
2023-10-05 00:58:35.221437,75,104,243,27,42,-129,113,138,2,135,130,232,124,129,131,129,124,187
2023-10-05 00:58:35.321734,51,260,278,163,67,-165,109,121,235,125,123,236,125,137,129,129,124,187
2023-10-05 00:58:35.422034,105,-123,370,-52,125,141,81,110,225,125,117,235,116,141,129,128,125,187
2023-10-05 00:58:35.522332,102,211,249,136,112,308,102,122,232,135,131,233,131,115,122,128,125,187
2023-10-05 00:58:35.622641,142,137,208,286,143,342,107,133,249,134,129,233,129,122,125,129,124,187
2023-10-05 00:58:35.722947,53,87,254,26,246,292,120,148,11,135,130,234,96,176,145,128,125,187
2023-10-05 00:58:35.823261,69,-10,248,-5,62,38,122,148,13,164,158,223,157,88,118,130,123,187
2023-10-05 00:58:35.923584,114,96,205,-36,62,-149,104,133,250,134,130,233,121,133,131,129,124,187
2023-10-05 00:58:36.023881,88,289,229,187,132,-95,101,115,229,142,134,232,123,139,130,129,124,187
2023-10-05 00:58:36.124176,96,-167,346,40,86,204,76,113,225,133,125,230,119,136,127,128,125,187
2023-10-05 00:58:36.224498,67,198,264,-25,132,397,99,131,236,136,134,233,125,131,125,128,125,187
2023-10-05 00:58:36.324772,117,180,163,379,261,386,112,152,2,130,129,234,138,114,120,129,125,187
2023-10-05 00:58:36.425112,-39,46,253,23,223,258,134,170,30,109,116,240,141,103,124,128,126,187
2023-10-05 00:58:36.525377,-5,73,261,87,9,-90,116,164,15,145,134,231,120,141,135,129,124,187
2023-10-05 00:58:36.625656,102,101,213,181,-6,-170,100,139,248,127,125,239,137,117,127,129,124,187
2023-10-05 00:58:36.725930,137,520,160,-151,105,-130,94,113,232,135,133,231,132,120,126,129,125,187
2023-10-05 00:58:36.826282,83,415,183,400,189,202,85,110,222,138,147,232,79,105,133,128,126,188
2023-10-05 00:58:36.926586,100,107,275,235,135,377,90,127,232,134,127,231,121,130,119,128,125,187
2023-10-05 00:58:37.026870,68,87,244,172,222,375,103,149,247,132,124,233,130,118,120,128,125,187
2023-10-05 00:58:37.127129,17,137,206,52,243,275,120,168,10,135,138,237,143,119,132,128,125,186
2023-10-05 00:58:37.227446,56,32,281,-31,95,-4,122,170,16,148,138,232,128,131,133,129,123,186
2023-10-05 00:58:37.327709,55,54,242,64,-3,-152,98,151,249,139,135,235,123,132,132,129,124,187
2023-10-05 00:58:37.427974,88,290,184,-28,35,-159,97,123,235,140,130,232,110,157,130,129,124,187
2023-10-05 00:58:37.528334,75,237,265,23,172,99,79,106,221,147,142,223,122,117,128,129,124,187
2023-10-05 00:58:37.628710,82,245,267,243,157,353,83,117,223,137,140,232,162,110,120,129,125,187
2023-10-05 00:58:37.728989,81,119,210,211,144,415,85,141,236,132,129,233,130,119,122,128,125,186
2023-10-05 00:58:37.829304,16,185,207,90,235,397,100,165,250,112,119,240,120,137,135,129,125,186
2023-10-05 00:58:37.929578,44,-45,227,157,136,264,135,179,39,145,131,236,141,117,127,129,123,185
2023-10-05 00:58:38.029897,1,-58,231,143,116,-91,89,171,1,142,132,231,125,132,131,130,123,186
2023-10-05 00:58:38.130171,51,91,233,241,66,-174,84,144,241,135,130,237,127,132,129,129,124,187
2023-10-05 00:58:38.230499,62,275,270,128,126,-144,80,116,230,138,133,232,130,121,125,129,124,187
2023-10-05 00:58:38.330770,120,34,249,175,148,222,71,111,228,114,143,261,129,150,139,128,125,187
2023-10-05 00:58:38.431093,82,129,270,105,127,340,82,129,230,133,130,233,118,135,125,128,125,187
2023-10-05 00:58:38.531375,92,139,199,124,205,338,92,151,240,132,131,234,130,124,128,128,125,187
2023-10-05 00:58:38.631709,17,36,272,237,198,277,96,171,249,137,131,236,109,154,139,128,125,187
2023-10-05 00:58:38.732003,43,25,248,77,83,-36,95,167,249,139,133,233,138,114,121,130,123,186
2023-10-05 00:58:38.832346,93,6,221,-3,79,-123,80,147,241,134,131,232,122,134,131,129,124,187
2023-10-05 00:58:38.932638,119,284,217,-128,101,-151,77,119,234,140,134,231,129,124,130,129,124,187
2023-10-05 00:58:39.032952,135,20,239,211,121,207,61,109,232,144,138,229,128,120,128,129,124,187
2023-10-05 00:58:39.133259,146,227,235,418,201,334,83,125,233,127,123,239,115,140,128,128,125,187
2023-10-05 00:58:39.233559,96,106,216,158,193,365,88,146,240,137,130,235,131,112,120,128,125,187
2023-10-05 00:58:39.333849,-37,29,277,52,211,314,95,170,248,146,135,232,102,172,144,128,125,187
2023-10-05 00:58:39.434179,52,-11,245,84,110,54,99,175,2,149,141,232,128,132,128,129,124,186
2023-10-05 00:58:39.534470,62,79,241,-19,49,-71,87,162,247,138,134,232,123,128,130,129,124,187
2023-10-05 00:58:39.634792,89,110,260,78,136,-127,73,139,239,141,135,233,121,141,132,129,124,187
2023-10-05 00:58:39.735102,136,331,243,-49,220,-68,64,115,232,136,132,233,125,129,126,129,125,187
2023-10-05 00:58:39.835394,151,171,208,352,163,258,69,114,229,134,124,228,119,135,130,128,125,187
2023-10-05 00:58:39.935832,114,135,229,214,162,341,80,133,230,134,131,234,127,121,127,128,125,187
2023-10-05 00:58:40.036105,75,134,236,160,218,328,88,155,235,134,129,234,132,123,124,129,125,187
2023-10-05 00:58:40.136389,-20,-6,261,153,105,145,87,170,241,143,139,225,143,109,124,129,125,187
2023-10-05 00:58:40.236607,62,76,261,20,78,-59,82,160,239,138,132,235,125,133,129,129,124,186
2023-10-05 00:58:40.336883,54,35,228,211,114,-135,73,137,234,131,127,235,126,133,131,129,125,187
2023-10-05 00:58:40.437186,90,440,285,4,154,-142,70,108,227,137,134,233,125,125,130,129,125,187
2023-10-05 00:58:40.537467,136,153,204,377,138,275,64,108,227,136,126,229,135,125,125,128,125,187
2023-10-05 00:58:40.637796,115,142,251,114,118,323,73,126,230,134,133,233,130,126,126,129,125,187
2023-10-05 00:58:40.738090,112,80,221,272,179,357,79,147,234,134,126,233,130,125,126,129,125,187
2023-10-05 00:58:40.838414,-37,-3,292,151,144,230,84,165,237,133,130,234,117,145,133,128,125,187
2023-10-05 00:58:40.938696,57,26,265,81,99,-6,81,159,237,138,133,237,116,141,133,129,124,187
2023-10-05 00:58:41.039010,87,33,215,129,102,-116,73,138,233,136,131,235,127,128,129,129,124,187
2023-10-05 00:58:41.139298,72,214,252,-6,117,-186,72,110,228,134,133,234,128,125,128,129,125,187
2023-10-05 00:58:41.239639,99,-49,240,120,104,204,47,98,226,148,133,232,116,137,129,129,125,187
2023-10-05 00:58:41.339957,109,100,241,148,56,297,61,114,227,139,138,234,130,114,122,128,125,187
2023-10-05 00:58:41.440258,142,110,190,447,133,370,73,134,232,133,132,234,126,125,125,128,125,187
2023-10-05 00:58:41.540553,27,173,239,-24,269,280,94,157,235,141,135,232,128,124,125,129,125,187
2023-10-05 00:58:41.640853,37,46,261,149,113,161,88,172,239,135,134,234,142,109,122,129,125,187
2023-10-05 00:58:41.741120,32,96,266,81,39,-35,85,162,237,137,131,233,125,130,129,129,124,187
2023-10-05 00:58:41.841452,89,111,225,100,73,-150,79,138,234,136,133,234,122,136,131,129,124,187
2023-10-05 00:58:41.941788,79,248,244,48,179,-135,69,110,226,133,130,233,126,128,129,129,125,187
2023-10-05 00:58:42.042106,85,49,230,9,96,235,56,104,224,124,115,233,121,128,128,128,125,187
2023-10-05 00:58:42.142408,92,283,235,181,146,345,76,122,223,137,128,235,124,128,126,128,125,187
2023-10-05 00:58:42.242720,105,113,188,216,171,380,77,146,229,131,129,233,132,125,126,128,125,187
2023-10-05 00:58:42.343021,21,48,225,107,162,285,77,168,231,107,113,236,130,121,128,128,126,187
2023-10-05 00:58:42.443332,36,59,249,114,86,-43,79,165,232,144,134,231,124,132,132,130,124,187
2023-10-05 00:58:42.543623,78,45,222,144,102,-143,71,142,230,136,131,232,123,134,130,129,124,187
2023-10-05 00:58:42.643925,92,227,241,31,95,-150,70,115,228,134,132,234,122,135,130,129,125,187
2023-10-05 00:58:42.744398,82,48,257,64,121,178,55,100,228,139,136,239,116,140,132,128,125,187
2023-10-05 00:58:42.844701,114,261,246,327,212,353,81,118,224,139,129,238,121,129,128,128,125,187
2023-10-05 00:58:42.945007,89,122,219,156,183,356,83,140,229,132,128,234,131,122,122,129,125,187
2023-10-05 00:58:43.045324,30,122,222,-60,222,273,86,162,233,142,138,231,128,130,127,129,125,187
2023-10-05 00:58:43.145623,29,33,247,23,108,2,77,165,233,142,136,228,135,122,124,129,124,186
2023-10-05 00:58:43.245908,71,86,244,107,84,-126,71,143,231,138,134,234,120,129,132,129,124,187
2023-10-05 00:58:43.346191,83,142,215,100,82,-136,71,116,231,144,136,233,119,141,132,129,124,187
2023-10-05 00:58:43.446459,199,172,205,-176,113,93,55,99,231,138,131,237,115,143,129,129,124,187
2023-10-05 00:58:43.546736,174,234,189,563,206,284,74,108,227,124,121,242,135,126,126,128,125,187
2023-10-05 00:58:43.647005,116,169,215,29,203,348,84,130,230,135,130,232,125,126,125,128,125,187
2023-10-05 00:58:43.747273,41,122,203,52,236,313,85,154,232,133,129,234,110,160,138,128,125,187
2023-10-05 00:58:43.847547,28,23,310,151,119,109,87,163,232,151,153,226,156,93,112,129,124,186
2023-10-05 00:58:43.947813,53,-10,246,-13,85,-93,71,147,229,134,130,234,126,130,131,129,124,187
2023-10-05 00:58:44.048126,89,153,191,170,77,-182,72,119,228,127,126,236,138,120,125,129,124,187
2023-10-05 00:58:44.148398,126,455,218,-168,107,114,57,98,225,135,126,238,134,117,123,129,125,187
2023-10-05 00:58:44.248667,162,190,197,564,181,349,73,112,222,153,146,227,117,136,130,128,125,187
2023-10-05 00:58:44.348980,83,54,223,70,109,302,70,132,225,132,130,230,129,119,124,128,125,187
2023-10-05 00:58:44.449278,116,142,212,150,175,298,79,149,228,126,126,235,132,116,118,128,125,187
2023-10-05 00:58:44.549590,4,19,298,60,124,185,79,161,231,138,130,231,130,123,128,128,125,187
2023-10-05 00:58:44.649853,83,72,233,141,87,-80,77,148,231,142,138,238,115,136,131,129,124,187
2023-10-05 00:58:44.750187,102,53,208,71,115,-136,70,124,229,141,130,234,126,122,130,129,124,187
2023-10-05 00:58:44.850458,160,518,116,-108,89,-12,64,99,226,136,128,236,131,120,128,129,125,187
2023-10-05 00:58:44.950904,118,153,293,262,154,287,70,106,220,134,130,229,132,140,131,128,125,187
2023-10-05 00:58:45.051349,125,154,235,104,109,321,75,124,225,136,137,232,118,135,125,128,125,187
2023-10-05 00:58:45.151626,111,136,195,288,241,327,84,143,227,134,129,234,133,117,121,128,125,187
2023-10-05 00:58:45.251911,10,108,291,158,210,223,87,162,223,131,131,236,129,121,130,128,125,187
2023-10-05 00:58:45.352196,74,84,272,95,59,14,85,160,225,138,134,237,137,115,126,129,124,187
2023-10-05 00:58:45.452477,83,59,227,37,60,-117,75,140,225,135,132,232,128,125,130,129,124,187
2023-10-05 00:58:45.552764,74,220,183,100,101,-141,74,113,222,138,134,231,118,143,131,129,125,187
2023-10-05 00:58:45.653054,111,233,207,-78,124,170,65,102,221,143,132,230,117,145,128,129,125,187
2023-10-05 00:58:45.753369,117,241,235,417,229,373,82,122,219,121,121,241,126,135,129,128,125,187
2023-10-05 00:58:45.853686,81,86,223,59,193,367,81,146,223,137,130,234,130,115,121,128,125,187
2023-10-05 00:58:45.953981,-11,-55,286,85,152,260,74,166,221,146,140,231,129,133,128,129,125,187
2023-10-05 00:58:46.054272,59,43,246,95,101,26,76,166,224,151,138,230,126,127,130,129,124,186
2023-10-05 00:58:46.154661,63,32,243,63,58,-83,72,148,225,133,130,234,125,130,131,129,125,187
2023-10-05 00:58:46.254976,97,173,185,-3,96,-155,71,122,224,137,136,236,123,137,132,129,125,187
2023-10-05 00:58:46.355339,144,434,252,-62,114,115,64,103,222,139,133,229,129,124,129,129,125,187
2023-10-05 00:58:46.455757,129,192,255,337,155,357,70,120,220,142,140,230,125,131,128,128,125,188
2023-10-05 00:58:46.556064,74,83,216,97,128,364,75,142,225,142,135,230,124,135,122,129,125,187
2023-10-05 00:58:46.656357,4,49,265,45,203,291,79,164,226,115,118,241,94,177,133,129,125,187
2023-10-05 00:58:46.756656,51,30,240,243,107,93,77,170,225,136,129,235,133,121,129,129,124,187
2023-10-05 00:58:46.856943,39,-6,224,47,85,-82,71,154,225,138,133,231,122,130,133,129,124,187
2023-10-05 00:58:46.957237,76,117,224,161,103,-137,72,128,223,140,134,234,122,131,129,129,125,187
2023-10-05 00:58:47.057523,90,331,277,34,184,-60,65,103,216,139,131,235,127,126,128,129,125,187
2023-10-05 00:58:47.157792,103,198,233,231,151,318,70,110,214,130,123,235,128,131,127,128,125,187
2023-10-05 00:58:47.258065,75,177,228,153,165,389,75,135,216,130,129,235,127,127,126,128,125,187
2023-10-05 00:58:47.358333,-59,-100,293,120,156,336,74,159,218,132,130,234,135,120,125,129,125,187
2023-10-05 00:58:47.458599,116,90,197,105,111,129,80,166,222,126,125,245,116,138,124,129,125,187
2023-10-05 00:58:47.558868,32,61,222,6,102,-31,73,159,218,135,129,235,128,121,131,129,124,187
2023-10-05 00:58:47.659135,62,131,198,140,60,-133,73,135,219,134,131,235,120,141,133,129,124,187
2023-10-05 00:58:47.759401,74,417,237,139,125,-50,72,109,216,141,132,234,126,131,127,129,124,187
2023-10-05 00:58:47.859707,125,243,207,275,171,323,71,111,215,129,120,239,130,139,127,128,125,187
2023-10-05 00:58:47.959973,55,168,244,119,189,407,79,137,216,136,131,230,128,127,126,129,124,187
2023-10-05 00:58:48.060253,-35,70,242,160,245,354,82,165,218,128,127,234,142,114,121,129,125,187
2023-10-05 00:58:48.160550,81,-45,222,124,118,138,77,178,224,112,112,246,145,94,113,129,124,187
2023-10-05 00:58:48.261296,67,46,248,78,94,-27,75,169,221,131,128,232,133,122,123,129,124,186
2023-10-05 00:58:48.361589,20,52,288,235,70,-120,73,148,219,129,128,233,120,135,140,129,125,186
2023-10-05 00:58:48.461883,46,138,266,120,118,-183,67,120,217,133,130,236,109,144,140,129,124,188
2023-10-05 00:58:48.562151,83,147,240,-113,108,161,58,102,218,153,126,235,120,149,126,129,124,188
2023-10-05 00:58:48.662843,87,170,267,221,183,373,73,121,215,134,137,232,136,125,122,129,125,188
2023-10-05 00:58:48.763113,53,93,247,232,188,381,76,146,216,134,131,232,127,132,125,129,125,187
2023-10-05 00:58:48.863393,6,43,268,-165,124,328,72,165,219,139,136,231,130,130,124,129,125,187
2023-10-05 00:58:48.963677,41,44,261,165,119,172,79,177,227,143,142,232,155,86,111,130,124,186
2023-10-05 00:58:49.063959,32,6,242,106,87,-61,73,166,226,135,130,234,129,125,131,129,124,187
2023-10-05 00:58:49.164246,69,66,218,129,115,-158,69,140,225,141,134,237,128,125,130,129,124,187
2023-10-05 00:58:49.264532,85,285,341,-24,171,-129,61,111,222,140,136,234,130,122,125,129,124,187
2023-10-05 00:58:49.364814,114,90,254,113,134,261,53,110,221,143,133,232,114,140,129,129,124,187
2023-10-05 00:58:49.465127,47,233,233,-21,145,354,69,131,217,135,133,233,130,122,126,129,125,187
2023-10-05 00:58:49.565412,64,60,215,114,168,368,73,156,219,130,130,234,134,127,127,129,125,187
2023-10-05 00:58:49.665709,67,-1,223,84,135,245,69,173,218,130,127,233,150,99,126,129,125,187
2023-10-05 00:58:49.766005,71,69,233,47,85,10,71,172,221,143,135,231,130,129,133,130,124,187
2023-10-05 00:58:49.866353,72,66,230,103,78,-87,70,153,224,136,133,233,126,126,131,129,124,187
2023-10-05 00:58:49.966652,92,165,215,57,105,-145,70,128,223,143,134,231,122,135,128,129,124,187
2023-10-05 00:58:50.066865,81,417,269,95,130,-38,66,104,219,137,131,233,126,127,125,129,124,187
2023-10-05 00:58:50.167325,117,276,217,217,141,282,70,108,218,141,131,231,127,129,129,129,124,187
2023-10-05 00:58:50.267632,109,99,245,197,155,395,70,130,219,128,129,234,127,126,127,129,125,187
2023-10-05 00:58:50.367933,36,139,246,43,249,340,83,157,220,145,140,228,138,118,127,129,124,187
2023-10-05 00:58:50.468228,35,-47,259,-3,130,177,73,172,220,137,135,234,131,122,127,129,124,187
2023-10-05 00:58:50.568518,69,38,255,80,74,-26,74,166,223,139,133,233,129,125,128,129,124,187
2023-10-05 00:58:50.668822,77,119,203,147,66,-131,76,144,224,134,132,233,126,128,132,129,124,187
2023-10-05 00:58:50.769181,73,255,240,84,156,-161,69,115,218,137,133,230,124,129,127,129,124,187
2023-10-05 00:58:50.869507,68,160,263,32,117,216,64,101,217,140,128,232,130,131,126,129,124,187
2023-10-05 00:58:50.969757,94,164,224,261,190,373,77,121,217,133,132,235,128,130,125,129,125,187
2023-10-05 00:58:51.069999,90,121,208,195,228,400,79,147,219,133,125,232,123,137,129,129,125,187
2023-10-05 00:58:51.170255,6,87,223,282,157,277,78,171,220,138,136,229,159,90,126,130,124,187
2023-10-05 00:58:51.270517,65,33,252,97,89,-26,73,169,220,140,134,229,129,129,132,130,123,186
2023-10-05 00:58:51.370767,110,57,209,116,80,-92,72,149,222,136,131,232,127,126,130,129,124,187
2023-10-05 00:58:51.471043,83,97,213,69,107,-129,71,126,221,131,130,235,129,125,129,129,124,187
2023-10-05 00:58:51.571347,173,322,160,-131,113,3,71,103,219,142,132,233,129,122,125,129,124,187
2023-10-05 00:58:51.671634,123,249,217,155,188,291,73,109,215,134,129,230,126,132,125,129,124,187
2023-10-05 00:58:51.771897,86,187,219,70,206,359,77,131,215,130,130,232,128,129,128,129,124,187
2023-10-05 00:58:51.872162,18,191,220,73,253,349,81,158,214,138,134,231,136,123,127,129,124,187
2023-10-05 00:58:51.972423,16,-7,239,-8,148,227,68,178,212,131,125,241,122,126,125,130,124,187
2023-10-05 00:58:52.072685,71,-22,234,144,115,-7,63,173,214,134,129,235,131,121,126,129,124,187
2023-10-05 00:58:52.172967,86,80,224,41,69,-86,70,155,219,134,128,235,124,133,132,129,124,187
2023-10-05 00:58:52.273289,46,133,221,144,83,-169,71,130,220,139,136,233,129,122,129,129,124,187
2023-10-05 00:58:52.373546,127,285,308,-133,133,-30,54,102,220,140,132,232,125,128,125,129,124,187
2023-10-05 00:58:52.474379,115,175,263,172,146,320,62,111,217,129,120,233,126,132,129,129,124,187
2023-10-05 00:58:52.574670,76,181,197,130,156,385,70,135,217,133,133,233,130,126,126,129,124,187
2023-10-05 00:58:52.674951,41,32,234,284,209,399,68,159,215,135,129,233,118,139,129,129,125,187
2023-10-05 00:58:52.775229,9,112,240,-43,185,228,70,182,205,135,130,240,131,121,120,130,123,186
2023-10-05 00:58:52.875517,76,26,254,142,99,6,63,180,206,129,128,237,122,136,131,129,124,186
2023-10-05 00:58:52.975828,47,19,234,138,55,-95,72,162,216,137,131,233,129,126,136,129,124,187
2023-10-05 00:58:53.076110,46,66,224,80,94,-174,71,135,217,139,138,233,120,129,134,129,124,188
2023-10-05 00:58:53.176383,74,352,194,46,99,-122,73,106,214,144,134,235,124,130,122,129,123,188
2023-10-05 00:58:53.276671,121,94,272,405,155,258,62,101,209,138,130,236,112,163,123,129,124,187
2023-10-05 00:58:53.376967,41,237,195,59,204,401,77,124,209,130,129,236,132,125,124,129,125,187
2023-10-05 00:58:53.477283,53,42,224,424,214,435,75,153,211,131,133,233,134,122,129,129,125,187
2023-10-05 00:58:53.577574,-50,39,274,52,166,262,76,178,207,121,124,234,169,81,113,129,124,187
2023-10-05 00:58:53.677869,44,79,274,144,66,-30,74,173,208,140,132,233,117,146,138,130,123,187
2023-10-05 00:58:53.778161,65,63,242,163,51,-128,74,151,212,141,131,232,127,127,133,129,123,187
2023-10-05 00:58:53.878477,48,91,243,-98,92,-187,70,122,212,150,149,228,119,141,129,129,124,187
2023-10-05 00:58:53.978767,98,360,267,146,130,12,67,97,210,151,134,237,124,131,123,129,124,187
2023-10-05 00:58:54.079043,94,243,190,301,200,346,73,106,206,131,120,235,155,114,121,129,124,187
2023-10-05 00:58:54.179334,46,141,229,97,212,411,80,133,207,131,129,232,128,126,127,129,125,187
2023-10-05 00:58:54.279624,-49,164,249,69,246,352,82,162,207,131,131,234,132,123,129,129,124,187
2023-10-05 00:58:54.379892,46,-43,283,268,66,118,79,174,215,123,124,235,185,52,110,130,123,187
2023-10-05 00:58:54.480134,55,17,241,48,88,-46,75,161,214,134,128,235,122,139,137,130,123,187
2023-10-05 00:58:54.580387,51,58,241,256,80,-143,72,137,214,140,134,234,129,126,132,129,123,187
2023-10-05 00:58:54.680649,83,158,308,130,178,-140,68,110,212,139,128,231,131,116,124,129,124,187
2023-10-05 00:58:54.780910,103,3,328,46,127,204,57,100,210,128,127,241,124,143,126,129,124,187
2023-10-05 00:58:54.881167,61,186,232,73,151,351,69,118,208,128,124,235,132,123,123,129,124,187
2023-10-05 00:58:54.981418,81,110,224,233,132,395,68,143,210,134,132,233,129,128,130,129,125,187
2023-10-05 00:58:55.081656,37,99,226,92,182,261,78,164,211,142,132,232,125,133,131,129,124,187
2023-10-05 00:58:55.181907,82,89,241,137,113,89,78,168,212,150,138,227,125,128,129,130,123,186
2023-10-05 00:58:55.282316,22,10,242,149,63,-50,76,155,213,141,134,232,128,122,130,129,124,187
2023-10-05 00:58:55.382562,64,135,211,142,42,-112,80,132,213,145,136,232,122,127,127,129,124,187
2023-10-05 00:58:55.482854,101,348,233,-47,117,-90,70,107,208,141,132,236,125,132,125,129,124,187
2023-10-05 00:58:55.583122,99,187,225,374,145,280,70,107,205,135,123,235,120,131,130,128,124,187
2023-10-05 00:58:55.683454,37,132,255,48,132,391,71,130,208,137,133,232,130,124,126,129,125,187
2023-10-05 00:58:55.783746,70,92,203,289,224,399,80,157,211,132,131,234,133,124,125,129,125,187
2023-10-05 00:58:55.884079,-1,-89,262,51,127,225,78,174,213,131,137,234,159,93,112,129,125,187
2023-10-05 00:58:55.984429,85,42,258,55,73,-55,75,164,215,138,133,232,128,129,132,129,124,186
2023-10-05 00:58:56.084715,77,69,229,179,63,-134,76,140,215,143,135,232,125,130,133,129,124,187
2023-10-05 00:58:56.184985,59,236,190,180,94,-133,78,116,213,135,135,234,126,128,128,129,124,187
2023-10-05 00:58:56.285297,78,202,288,-115,175,82,67,98,208,140,132,229,131,127,123,129,124,187
2023-10-05 00:58:56.385577,74,245,227,65,163,318,75,109,206,139,135,231,128,134,125,129,124,187
2023-10-05 00:58:56.485954,93,111,239,168,142,374,70,131,210,132,133,232,128,130,129,129,125,187
2023-10-05 00:58:56.586354,24,116,227,-14,251,339,80,157,211,140,137,232,128,132,128,129,124,187
2023-10-05 00:58:56.686639,32,-68,246,91,121,165,73,174,209,140,134,235,129,120,123,130,124,186
2023-10-05 00:58:56.786951,29,-18,251,107,73,-62,72,164,212,135,131,234,128,126,131,129,124,187
2023-10-05 00:58:56.887262,80,117,207,139,50,-120,76,140,214,142,134,233,122,136,131,129,124,187
2023-10-05 00:58:56.987646,106,229,167,48,104,-109,74,114,212,139,131,234,122,130,127,129,124,187
2023-10-05 00:58:57.087938,95,284,201,26,133,155,66,102,209,136,130,231,130,126,124,129,124,187
2023-10-05 00:58:57.188236,83,198,237,98,134,342,68,118,209,134,130,235,120,135,127,129,124,187
2023-10-05 00:58:57.288543,82,84,216,248,153,404,69,144,210,131,130,234,129,127,130,129,125,187
2023-10-05 00:58:57.388895,11,125,227,51,171,304,76,168,210,126,124,232,142,115,126,129,125,187
2023-10-05 00:58:57.489124,99,81,245,139,106,95,77,173,214,142,133,233,118,134,130,130,124,186
2023-10-05 00:58:57.589409,48,51,229,114,72,-48,75,161,215,140,131,232,122,128,130,129,124,187
2023-10-05 00:58:57.689696,56,118,228,109,57,-160,76,135,215,138,137,233,125,131,128,129,124,187
2023-10-05 00:58:57.790033,71,365,170,254,17,-100,84,106,213,138,131,232,124,128,126,129,124,187
2023-10-05 00:58:57.890323,80,246,260,358,199,227,80,102,206,134,131,235,124,134,126,129,124,187
2023-10-05 00:58:57.990600,26,174,259,-37,171,374,79,123,208,137,132,233,128,130,126,129,125,186
2023-10-05 00:58:58.090866,97,124,191,353,224,417,83,151,213,135,131,233,134,123,127,129,125,187
2023-10-05 00:58:58.191129,-17,53,213,117,208,307,71,175,206,124,125,237,151,100,119,129,124,187
2023-10-05 00:58:58.291392,71,37,255,111,98,38,66,177,206,133,130,235,127,128,132,129,124,187
2023-10-05 00:58:58.391654,44,69,242,139,43,-67,74,161,213,140,132,232,125,128,130,129,124,187
2023-10-05 00:58:58.491914,70,128,217,124,36,-116,79,136,214,139,134,233,131,125,128,129,124,187
2023-10-05 00:58:58.592227,85,272,172,101,72,-102,81,111,211,139,133,232,125,128,126,129,124,187
2023-10-05 00:58:58.692494,102,191,244,-17,213,125,71,100,203,135,127,241,130,129,125,129,124,187
2023-10-05 00:58:58.792804,61,220,213,100,173,312,79,113,200,140,131,234,127,129,128,129,124,187
2023-10-05 00:58:58.893093,67,130,230,147,134,379,76,136,206,129,127,234,123,134,128,129,124,187
2023-10-05 00:58:58.993399,4,108,221,8,231,366,76,162,208,133,132,234,126,132,128,129,124,187
2023-10-05 00:58:59.093663,25,18,212,88,133,268,64,183,204,136,130,237,118,141,125,130,124,186
2023-10-05 00:58:59.193975,58,12,228,108,114,-2,61,178,208,137,132,234,125,126,129,129,124,187
2023-10-05 00:58:59.294264,18,5,248,155,63,-109,73,160,214,134,125,234,126,137,132,129,124,187
2023-10-05 00:58:59.394560,53,123,226,153,53,-167,75,130,214,135,133,234,124,129,129,129,124,187
2023-10-05 00:58:59.494823,116,257,230,-184,138,-17,73,105,212,141,133,231,129,124,126,129,124,187
2023-10-05 00:58:59.595091,90,258,185,153,212,289,78,112,208,129,127,234,128,130,125,129,124,187
2023-10-05 00:58:59.695370,82,152,233,130,211,365,79,133,208,136,129,232,128,128,125,129,124,187
2023-10-05 00:58:59.795655,23,133,233,242,264,378,87,160,209,133,132,233,134,122,128,129,124,187
2023-10-05 00:58:59.895934,4,3,254,45,148,263,77,181,213,135,140,229,161,88,113,129,124,187
2023-10-05 00:58:59.996223,71,40,258,69,72,-17,76,174,217,135,130,233,116,148,138,130,123,186
2023-10-05 00:59:00.096506,73,31,216,99,83,-122,74,153,218,136,129,235,126,128,131,129,124,187
2023-10-05 00:59:00.196784,78,71,228,18,131,-178,69,125,214,133,133,237,125,130,128,129,124,187
2023-10-05 00:59:00.297067,100,239,253,-114,126,33,62,104,210,142,134,236,126,131,126,129,124,187
2023-10-05 00:59:00.397546,101,185,234,143,142,290,72,115,209,124,128,234,129,131,124,129,124,187
2023-10-05 00:59:00.497844,102,200,201,266,161,376,82,137,213,134,131,234,126,131,127,129,124,187
2023-10-05 00:59:00.598139,33,125,245,41,236,342,85,163,217,139,135,232,118,135,132,129,125,187
2023-10-05 00:59:00.698472,36,55,231,102,154,219,79,179,219,136,131,236,122,126,127,130,124,186
2023-10-05 00:59:00.798835,76,-12,253,128,102,-11,72,172,220,134,129,234,129,123,129,130,124,187
2023-10-05 00:59:00.899137,81,18,232,59,74,-111,72,152,222,141,133,234,126,131,130,129,124,187
2023-10-05 00:59:00.999479,98,175,231,160,77,-124,75,125,220,139,135,233,125,128,127,129,124,187
2023-10-05 00:59:01.099786,77,161,280,-231,141,86,58,108,219,135,130,234,129,126,126,129,124,187
2023-10-05 00:59:01.200157,146,252,239,330,214,302,77,123,214,131,125,231,134,120,128,129,124,187
2023-10-05 00:59:01.300479,85,97,239,138,180,361,72,145,214,135,131,230,128,124,127,129,124,187
2023-10-05 00:59:01.400789,12,140,256,30,209,306,74,167,210,139,132,233,129,129,127,129,124,187
2023-10-05 00:59:01.501056,19,39,263,-14,128,123,70,178,211,139,131,236,117,137,128,129,124,186
2023-10-05 00:59:01.601402,58,65,240,175,93,-7,71,169,214,132,129,236,130,122,127,129,124,187
2023-10-05 00:59:01.701757,55,54,208,29,89,-126,70,148,214,127,127,238,128,134,132,129,124,187
2023-10-05 00:59:01.802042,93,282,201,75,87,-148,69,120,214,143,133,233,125,126,129,129,124,187
2023-10-05 00:59:01.902369,119,139,284,548,202,281,61,112,212,140,129,239,124,129,126,129,124,187
2023-10-05 00:59:02.002630,95,146,237,156,124,338,69,129,211,131,127,241,133,127,126,129,124,187
2023-10-05 00:59:02.102893,110,166,212,336,189,371,80,152,215,132,129,235,130,127,126,129,124,187
2023-10-05 00:59:02.203199,19,57,222,108,197,265,76,172,215,154,156,225,139,114,123,129,124,187
2023-10-05 00:59:02.303459,46,23,257,51,121,72,69,177,211,136,130,234,124,130,128,129,124,187
2023-10-05 00:59:02.403768,25,29,270,138,73,-81,70,163,214,142,132,235,124,130,129,129,124,187
2023-10-05 00:59:02.504028,59,68,233,168,154,-179,62,135,215,136,135,236,126,131,128,129,124,187
2023-10-05 00:59:02.604326,142,464,138,-86,131,-55,70,108,214,132,129,233,127,128,126,129,124,187
2023-10-05 00:59:02.704607,116,212,204,287,167,296,68,110,209,135,128,235,116,145,129,129,124,187
2023-10-05 00:59:02.804935,76,270,209,146,237,361,88,133,210,133,130,236,130,120,126,129,124,187
2023-10-05 00:59:02.905245,19,81,284,14,239,314,85,159,213,142,134,232,136,124,126,129,124,187
2023-10-05 00:59:03.005562,52,-76,260,107,141,194,76,173,215,123,129,238,165,89,111,130,124,187
2023-10-05 00:59:03.105815,101,58,248,50,96,17,77,170,215,134,133,230,129,130,130,129,124,187
2023-10-05 00:59:03.206141,86,52,237,134,102,-82,72,153,215,131,129,235,134,122,132,129,124,187
2023-10-05 00:59:03.306401,40,29,229,124,89,-157,72,131,213,140,136,234,128,126,128,129,124,187
2023-10-05 00:59:03.406682,180,487,74,-240,60,-80,71,104,212,141,132,234,127,129,125,129,124,187
2023-10-05 00:59:03.506963,123,221,173,270,183,286,70,109,210,137,133,229,107,153,131,129,125,187
2023-10-05 00:59:03.607249,82,215,198,-3,235,342,81,131,208,132,131,232,127,124,125,129,124,187
2023-10-05 00:59:03.707542,55,37,303,265,230,347,79,156,207,133,131,231,133,123,130,129,124,187
2023-10-05 00:59:03.807826,68,20,224,-9,112,186,73,168,210,128,131,236,152,99,120,130,124,187
2023-10-05 00:59:03.908118,82,61,220,108,88,-14,71,161,212,137,126,233,115,145,133,129,124,187
2023-10-05 00:59:04.008416,62,3,236,173,96,-134,71,141,213,142,135,234,125,129,129,129,123,187
2023-10-05 00:59:04.108721,116,338,163,17,84,-119,70,113,212,138,132,235,126,130,127,129,124,187
2023-10-05 00:59:04.209023,139,106,232,316,159,232,62,107,209,141,129,234,113,137,131,129,124,187
2023-10-05 00:59:04.309331,94,116,258,78,127,338,63,122,207,137,134,239,127,130,128,129,124,187
2023-10-05 00:59:04.409627,93,107,228,236,140,375,67,146,208,137,130,233,128,126,128,129,124,187
2023-10-05 00:59:04.509924,11,84,247,102,192,280,76,168,206,138,135,233,126,131,129,129,124,187
2023-10-05 00:59:04.610220,54,64,261,47,115,79,71,175,206,144,131,239,116,144,125,130,123,187
2023-10-05 00:59:04.710522,52,12,234,126,94,-48,67,163,210,135,130,233,126,124,128,129,124,187
2023-10-05 00:59:04.810810,42,85,239,158,83,-136,71,141,211,129,132,238,132,124,130,129,124,187
2023-10-05 00:59:04.911096,41,214,257,148,160,-151,66,111,209,140,133,233,126,127,126,129,124,187
2023-10-05 00:59:05.011369,118,6,270,235,142,242,58,105,206,137,130,236,129,131,127,129,124,187
2023-10-05 00:59:05.111635,62,216,256,133,140,370,74,123,205,135,136,235,131,125,125,129,124,187
2023-10-05 00:59:05.211891,119,123,204,459,230,395,79,149,209,137,130,233,131,124,127,129,124,187
2023-10-05 00:59:05.312155,-10,85,230,8,204,276,81,173,207,122,124,235,149,106,124,129,124,187
2023-10-05 00:59:05.412418,85,94,255,50,91,26,76,176,207,138,130,235,114,140,129,129,124,187
2023-10-05 00:59:05.512830,46,52,246,78,53,-78,74,160,209,141,131,233,124,125,131,129,124,187
2023-10-05 00:59:05.613117,98,146,184,32,105,-158,70,134,210,136,134,235,123,133,132,129,124,187
2023-10-05 00:59:05.713388,65,203,279,201,192,-53,63,108,204,141,130,231,124,128,127,129,124,187
2023-10-05 00:59:05.813675,111,154,286,311,158,295,67,109,200,140,131,232,125,128,128,129,124,187
2023-10-05 00:59:05.913936,65,146,215,120,123,399,70,131,203,134,130,233,127,128,127,129,124,187
2023-10-05 00:59:06.014194,43,164,222,95,244,365,78,159,204,135,132,235,128,133,129,129,124,187
2023-10-05 00:59:06.114456,23,-44,250,113,115,185,74,178,205,141,135,234,119,135,124,130,124,187
2023-10-05 00:59:06.214722,107,59,237,68,104,-24,71,169,206,131,130,235,125,131,130,129,124,187
2023-10-05 00:59:06.314987,76,101,235,157,74,-70,72,151,207,143,135,231,118,139,135,129,124,187
2023-10-05 00:59:06.415257,61,41,226,117,128,-153,67,127,207,138,136,234,126,127,129,129,124,188
2023-10-05 00:59:06.515526,114,312,226,-11,121,-71,68,101,204,141,131,235,126,128,123,129,123,187
2023-10-05 00:59:06.615928,93,250,176,243,196,337,72,111,201,135,130,234,127,139,123,129,124,187
2023-10-05 00:59:06.716215,33,197,209,67,234,417,80,140,201,133,129,233,122,137,127,129,124,187
2023-10-05 00:59:06.816551,-24,60,288,159,216,354,78,167,201,135,137,233,133,130,129,129,124,187
2023-10-05 00:59:06.916841,98,27,240,104,93,74,71,177,204,170,158,220,128,114,120,130,123,186
2023-10-05 00:59:07.017128,90,54,246,154,76,-30,72,164,208,135,127,235,131,116,128,129,123,187
2023-10-05 00:59:07.117417,69,168,160,149,70,-106,75,144,209,140,133,237,120,132,136,129,123,187
2023-10-05 00:59:07.217731,80,223,185,97,106,-124,72,118,207,140,133,233,126,126,123,129,123,188
2023-10-05 00:59:07.318009,109,59,199,-20,130,141,56,104,205,144,129,234,127,134,123,129,123,187
2023-10-05 00:59:07.418291,113,191,236,216,139,289,66,112,201,135,127,234,126,130,125,129,124,187
2023-10-05 00:59:07.518586,80,147,236,260,177,373,71,134,200,129,128,235,126,131,130,129,124,187
2023-10-05 00:59:07.618890,27,142,211,30,242,338,78,160,199,139,136,232,132,125,130,129,124,187
2023-10-05 00:59:07.719195,71,56,223,53,87,108,74,172,200,137,128,233,126,127,127,129,124,187
2023-10-05 00:59:07.819500,58,68,237,125,55,-70,73,159,205,133,129,235,120,135,130,129,124,187
2023-10-05 00:59:07.919801,89,145,199,106,56,-105,73,135,208,136,135,234,127,130,130,129,124,187
2023-10-05 00:59:08.020109,138,262,164,-21,105,-68,68,112,208,141,133,234,126,128,127,129,124,187
2023-10-05 00:59:08.120410,111,105,290,278,160,172,57,103,204,136,131,234,129,128,125,129,124,187
2023-10-05 00:59:08.220721,91,153,235,124,114,334,64,117,203,135,132,233,129,127,127,129,124,187
2023-10-05 00:59:08.321017,103,120,207,335,205,388,71,141,203,139,133,232,123,132,129,129,124,187
2023-10-05 00:59:08.421330,-44,84,277,-46,216,278,74,166,197,131,129,238,125,132,126,129,124,187
2023-10-05 00:59:08.521603,56,12,257,73,99,90,65,173,197,160,145,228,121,134,126,130,123,187
2023-10-05 00:59:08.621867,56,53,232,149,28,-65,71,160,205,134,128,232,129,120,129,129,124,187
2023-10-05 00:59:08.722139,76,88,212,142,95,-138,70,135,208,136,134,234,126,126,130,129,124,187
2023-10-05 00:59:08.822394,123,377,172,-28,106,-45,67,111,206,142,131,233,127,127,127,129,124,187
2023-10-05 00:59:08.922652,125,187,175,444,187,290,65,114,203,136,123,232,124,135,126,129,124,187
2023-10-05 00:59:09.022909,31,173,221,9,161,421,72,140,202,136,131,233,126,132,126,129,124,187
2023-10-05 00:59:09.123168,35,154,229,243,261,395,72,170,197,135,132,231,134,124,128,129,124,187
2023-10-05 00:59:09.223432,37,90,223,-48,135,138,51,185,182,144,139,230,132,124,120,130,124,187
2023-10-05 00:59:09.323695,32,66,245,162,68,-47,68,173,203,130,126,232,128,124,130,129,124,187
2023-10-05 00:59:09.423958,90,72,211,148,66,-114,71,149,210,145,135,234,125,133,133,129,123,187
2023-10-05 00:59:09.524218,95,225,188,144,77,-100,74,125,210,142,136,232,129,123,127,129,124,187
2023-10-05 00:59:09.624490,113,190,258,20,130,113,61,112,209,140,134,236,127,135,124,129,124,187
2023-10-05 00:59:09.724758,127,197,231,192,155,316,69,125,207,135,132,234,123,132,125,129,124,187
2023-10-05 00:59:09.825027,87,127,221,124,190,378,75,149,207,133,131,233,124,128,129,129,124,187
2023-10-05 00:59:09.925312,16,67,274,321,220,340,75,174,202,136,133,234,126,128,131,129,124,187
2023-10-05 00:59:10.025578,69,41,256,46,113,92,72,181,204,159,137,229,115,134,129,130,123,187
2023-10-05 00:59:10.125863,50,1,254,122,55,-48,75,170,210,131,130,233,139,111,125,130,124,187
2023-10-05 00:59:10.226188,85,114,227,107,36,-121,78,145,212,137,134,234,130,127,131,129,124,187
2023-10-05 00:59:10.326450,90,248,206,176,75,-104,77,121,211,139,131,232,128,123,128,129,124,187
2023-10-05 00:59:10.426727,164,54,254,152,161,156,63,109,209,142,132,231,131,125,125,129,124,187
2023-10-05 00:59:10.527006,112,208,223,204,176,273,73,119,204,134,129,234,132,127,126,129,124,187
2023-10-05 00:59:10.627438,110,162,234,308,222,346,81,138,204,134,132,233,129,126,128,129,124,187
2023-10-05 00:59:10.727746,59,154,220,25,248,303,86,161,205,144,138,231,128,133,128,129,124,187
2023-10-05 00:59:10.828051,18,57,241,23,187,206,77,178,200,128,125,236,127,128,127,129,124,187
2023-10-05 00:59:10.928363,55,72,254,98,59,-14,77,174,202,130,128,236,134,119,127,129,124,187
2023-10-05 00:59:11.028664,76,82,242,130,39,-81,77,154,207,140,135,232,126,130,130,129,124,187
2023-10-05 00:59:11.128958,69,151,217,185,27,-119,80,129,208,137,131,233,127,128,127,129,124,187
2023-10-05 00:59:11.229277,107,141,240,-182,151,51,62,109,206,137,132,235,126,130,126,129,124,187
2023-10-05 00:59:11.329576,87,228,248,105,170,336,72,123,202,136,127,232,124,129,128,129,124,187
2023-10-05 00:59:11.429869,110,100,224,242,181,387,75,148,204,133,132,233,127,129,130,129,124,187
2023-10-05 00:59:11.530154,21,148,232,183,275,322,82,174,200,134,131,234,131,125,127,129,124,187
2023-10-05 00:59:11.630443,36,39,245,55,112,122,63,186,192,135,134,232,154,96,119,130,124,187
2023-10-05 00:59:11.730724,28,8,248,152,59,-50,72,172,205,137,128,233,124,127,127,129,124,187
2023-10-05 00:59:11.831005,68,102,230,95,44,-130,76,147,208,142,130,233,126,127,130,129,124,187
2023-10-05 00:59:11.931326,72,198,198,144,69,-124,80,120,206,137,133,233,126,127,127,129,124,187
2023-10-05 00:59:12.031583,113,63,253,102,165,168,68,109,204,140,129,236,126,132,125,129,124,187
2023-10-05 00:59:12.131852,88,238,227,219,216,353,82,127,202,139,134,235,129,129,126,129,124,187
2023-10-05 00:59:12.232144,64,134,220,198,284,369,88,154,203,133,130,234,126,132,129,129,125,187
2023-10-05 00:59:12.332409,-79,162,220,-5,254,321,82,181,200,133,131,233,131,125,129,129,125,187
2023-10-05 00:59:12.432671,50,41,255,113,102,44,80,187,207,138,133,235,117,134,131,129,124,187
2023-10-05 00:59:12.532936,9,39,255,165,26,-121,81,166,206,138,133,232,130,120,125,129,124,187
2023-10-05 00:59:12.633128,72,195,194,79,32,-141,80,137,205,149,143,230,123,130,130,129,124,187
2023-10-05 00:59:12.733386,120,254,212,-25,141,-20,69,115,201,142,130,235,124,137,127,129,124,187
2023-10-05 00:59:12.833641,106,210,204,334,179,286,71,122,198,135,130,233,132,125,126,129,124,187
2023-10-05 00:59:12.933904,55,108,235,69,116,386,70,145,201,136,131,234,129,129,127,129,124,187
2023-10-05 00:59:13.034167,85,190,186,287,238,374,82,171,202,134,130,235,134,124,125,129,125,187
2023-10-05 00:59:13.134433,31,177,182,265,93,168,91,186,211,133,130,236,119,133,123,130,124,186
2023-10-05 00:59:13.234697,74,-58,219,16,76,-104,71,169,209,141,138,229,126,125,129,129,124,187
2023-10-05 00:59:13.334975,75,193,198,143,53,-111,78,144,208,142,132,234,120,134,133,129,124,187
2023-10-05 00:59:13.435253,91,307,221,4,67,-91,73,122,206,132,129,233,132,120,128,129,124,187
2023-10-05 00:59:13.535527,121,131,255,145,146,231,59,117,207,135,127,232,117,148,125,129,124,187
2023-10-05 00:59:13.635799,110,189,204,101,129,328,64,132,206,131,127,235,128,127,126,129,125,187
2023-10-05 00:59:13.736086,136,59,227,332,146,385,68,155,206,131,130,234,130,122,129,129,125,187
2023-10-05 00:59:13.836351,-22,143,269,67,232,291,79,180,201,138,132,233,127,126,130,129,124,187
2023-10-05 00:59:13.936635,17,-54,277,169,123,127,61,190,192,142,135,241,118,133,122,130,123,187
2023-10-05 00:59:14.036922,62,-8,233,71,68,-62,74,175,209,130,129,234,137,118,125,129,124,187
2023-10-05 00:59:14.137244,87,123,224,64,56,-136,75,151,209,129,125,234,129,128,130,129,124,187
2023-10-05 00:59:14.237540,97,259,196,126,126,-114,74,126,206,137,133,233,127,123,128,129,124,187
2023-10-05 00:59:14.337842,91,144,284,147,159,150,66,115,202,138,130,237,128,134,126,129,124,187
2023-10-05 00:59:14.438151,93,209,225,125,200,321,76,131,199,135,128,236,129,128,126,129,124,187
2023-10-05 00:59:14.538456,71,108,224,146,225,373,75,154,198,136,131,232,127,130,128,129,124,187
2023-10-05 00:59:14.638757,-52,145,190,-34,283,331,63,181,181,139,137,232,126,131,129,129,124,187
2023-10-05 00:59:14.739049,28,35,246,-66,118,73,229,188,103,163,147,224,114,144,128,130,124,187
2023-10-05 00:59:14.839335,16,83,251,90,43,-72,79,179,208,133,132,234,124,124,128,130,124,187
2023-10-05 00:59:14.939626,62,154,206,119,21,-137,81,153,208,140,136,231,131,120,131,129,124,187
2023-10-05 00:59:15.039929,71,235,183,155,95,-127,80,125,203,136,133,234,129,123,130,129,124,187
2023-10-05 00:59:15.140226,90,146,269,3,118,197,71,117,200,139,129,232,131,126,124,129,124,187
2023-10-05 00:59:15.240519,89,244,205,155,228,335,86,136,200,139,136,236,125,135,126,129,124,187
2023-10-05 00:59:15.340803,64,107,201,243,275,378,85,162,202,136,132,232,130,125,127,129,124,187
2023-10-05 00:59:15.441134,-72,186,245,138,227,296,75,188,188,135,133,232,128,125,124,129,124,187
2023-10-05 00:59:15.541392,70,25,260,127,83,30,83,186,208,152,140,226,118,139,129,130,124,186
2023-10-05 00:59:15.641651,30,65,244,196,56,-102,80,167,202,137,131,232,126,127,132,129,124,187
2023-10-05 00:59:15.742148,65,139,235,76,34,-131,79,141,200,140,139,232,133,121,131,129,124,187
2023-10-05 00:59:15.842476,109,322,169,109,78,-21,82,118,198,149,129,233,125,128,128,129,123,188
2023-10-05 00:59:15.942772,113,68,256,243,156,256,66,116,196,141,127,235,120,135,124,129,124,187
2023-10-05 00:59:16.043032,37,130,232,-64,145,378,77,137,196,130,127,236,126,128,125,129,124,187
2023-10-05 00:59:16.143290,61,266,160,165,282,362,89,165,200,132,128,233,134,119,131,129,124,187
2023-10-05 00:59:16.243572,-71,8,230,-77,200,323,99,191,219,139,132,232,124,127,130,129,124,187
2023-10-05 00:59:16.343837,60,24,253,101,88,26,190,189,63,143,135,230,120,138,131,129,124,187
2023-10-05 00:59:16.444150,23,53,233,111,35,-112,79,183,204,138,131,233,127,122,128,129,123,187
2023-10-05 00:59:16.544415,79,131,207,35,21,-152,77,155,203,139,136,232,124,131,132,129,124,188
2023-10-05 00:59:16.644676,98,281,176,145,54,-81,81,128,201,139,131,232,126,126,124,129,124,188
2023-10-05 00:59:16.744991,90,136,282,98,148,202,70,119,198,142,128,233,128,131,125,129,124,187
2023-10-05 00:59:16.845286,52,193,182,16,207,363,77,137,197,135,128,234,126,128,125,129,124,187
2023-10-05 00:59:16.945666,34,146,229,191,256,389,76,161,194,133,129,232,127,129,129,129,124,187
2023-10-05 00:59:17.046094,-64,129,244,7,185,328,45,188,168,141,140,235,122,131,129,129,124,187
2023-10-05 00:59:17.146416,64,66,231,77,103,82,171,188,46,129,122,245,121,138,127,130,123,187
2023-10-05 00:59:17.246702,20,115,247,216,36,-44,87,180,211,138,131,234,122,125,129,129,124,187
2023-10-05 00:59:17.346981,61,104,220,170,55,-150,79,154,207,132,126,240,121,141,130,129,124,187
2023-10-05 00:59:17.447272,74,176,219,179,116,-123,76,126,203,140,133,233,125,129,126,129,123,188
2023-10-05 00:59:17.547557,101,202,258,190,162,224,75,120,200,133,128,235,128,127,124,129,124,187
2023-10-05 00:59:17.647849,100,147,225,122,165,394,79,141,202,135,129,235,129,128,125,129,124,187
2023-10-05 00:59:17.748135,33,154,233,-29,228,368,86,167,209,129,128,233,142,114,125,129,124,187
2023-10-05 00:59:17.848466,-24,43,273,201,190,313,137,189,4,135,133,233,146,96,120,129,124,187
2023-10-05 00:59:17.948771,74,-2,253,139,70,-38,173,191,44,136,129,236,122,143,132,129,123,187
2023-10-05 00:59:18.049094,64,35,255,141,56,-134,40,189,166,139,133,233,124,127,128,129,124,187
2023-10-05 00:59:18.149395,57,180,235,152,46,-139,76,162,200,130,134,236,125,131,129,129,124,187
2023-10-05 00:59:18.249700,107,274,222,10,117,77,73,142,200,141,131,234,128,123,125,129,124,187
2023-10-05 00:59:18.350005,79,244,226,118,185,337,76,153,199,143,135,230,122,138,125,129,124,187
2023-10-05 00:59:18.450302,104,173,156,290,251,395,88,179,205,129,128,233,129,125,125,129,125,187
2023-10-05 00:59:18.550590,-72,37,284,143,270,346,217,178,78,135,135,234,133,114,129,129,125,187
2023-10-05 00:59:18.651041,102,23,282,-85,75,48,209,172,73,139,130,237,142,94,115,130,123,186
2023-10-05 00:59:18.751322,101,32,264,54,47,-83,197,187,67,133,128,233,128,136,131,129,124,187
2023-10-05 00:59:18.851584,87,129,215,74,47,-131,78,173,202,140,135,233,117,140,134,129,124,187
2023-10-05 00:59:18.952063,91,354,153,120,32,-57,83,148,201,134,128,233,135,114,124,129,124,187
2023-10-05 00:59:19.052362,138,265,164,217,163,264,75,143,202,142,129,232,127,130,124,129,124,187
2023-10-05 00:59:19.153159,84,238,211,182,239,370,83,166,201,131,129,234,134,125,122,129,125,187
2023-10-05 00:59:19.253442,41,151,254,145,298,357,124,189,239,138,134,232,118,139,130,129,125,186
2023-10-05 00:59:19.353715,16,92,272,232,159,242,209,180,70,125,129,235,149,96,120,129,125,187
2023-10-05 00:59:19.453976,70,43,262,255,80,5,198,183,65,143,133,232,125,134,133,129,124,187
2023-10-05 00:59:19.554236,66,76,224,171,-7,-103,85,185,207,139,132,234,132,121,130,129,124,187
2023-10-05 00:59:19.654507,71,206,197,97,37,-141,81,157,202,136,132,232,125,129,127,129,124,187
2023-10-05 00:59:19.754791,81,308,251,-48,129,109,71,137,200,143,132,233,127,128,123,129,124,187
2023-10-05 00:59:19.855054,81,272,234,147,198,331,77,152,198,126,125,235,124,136,127,129,125,187
2023-10-05 00:59:19.955310,101,103,245,285,229,374,76,176,199,130,130,232,123,129,128,129,125,187
2023-10-05 00:59:20.055573,-12,112,228,152,299,334,206,191,65,121,123,240,119,140,135,129,125,187
2023-10-05 00:59:20.155841,62,35,239,-64,106,82,211,180,76,149,136,232,127,125,129,130,123,186
2023-10-05 00:59:20.256112,34,98,257,-35,19,-89,93,188,221,131,127,234,131,131,129,129,124,187
2023-10-05 00:59:20.356381,71,163,219,235,12,-118,85,162,209,139,133,234,121,137,133,129,124,187
2023-10-05 00:59:20.456644,122,269,150,-118,127,-133,72,135,205,130,130,239,129,124,129,129,124,187
2023-10-05 00:59:20.556910,100,289,200,212,172,253,68,131,201,138,136,234,128,131,125,129,124,187
2023-10-05 00:59:20.657130,117,169,215,145,153,354,72,151,201,143,136,232,131,131,121,129,124,187
2023-10-05 00:59:20.757430,92,179,220,347,265,366,78,174,197,133,129,234,128,131,126,129,124,187
2023-10-05 00:59:20.857903,-41,48,339,249,235,343,215,186,80,118,122,237,138,120,128,129,125,187
2023-10-05 00:59:20.958192,60,6,268,-5,74,30,202,180,71,142,132,233,113,150,136,130,124,186
2023-10-05 00:59:21.058475,53,24,260,130,37,-86,182,190,54,128,126,232,135,117,126,129,125,187
2023-10-05 00:59:21.158760,76,126,207,138,35,-139,81,170,206,134,130,233,127,130,134,129,124,187
2023-10-05 00:59:21.259041,119,347,146,46,65,-76,81,144,203,134,131,235,139,109,129,129,124,187
2023-10-05 00:59:21.359335,125,228,185,173,188,242,75,140,201,147,135,233,122,139,127,129,124,187
2023-10-05 00:59:21.459640,101,211,223,127,223,346,82,159,199,135,129,235,139,115,121,129,124,187
2023-10-05 00:59:21.559939,72,207,208,199,316,323,83,185,191,127,127,234,132,126,123,129,125,187
2023-10-05 00:59:21.660268,5,108,235,-43,189,258,213,181,74,133,135,230,136,118,125,129,125,187
2023-10-05 00:59:21.760574,90,13,276,128,115,47,197,180,73,140,133,233,118,140,132,129,124,186
2023-10-05 00:59:21.860872,56,87,216,31,49,-92,203,190,78,136,131,234,132,124,130,129,124,187
2023-10-05 00:59:21.961131,79,187,202,195,68,-119,74,177,202,130,129,237,123,131,134,129,125,187
2023-10-05 00:59:22.061429,81,190,221,213,96,-75,73,153,200,150,140,228,125,123,128,129,124,187
2023-10-05 00:59:22.161732,117,179,244,150,142,236,70,147,200,142,133,233,131,131,123,129,124,187
2023-10-05 00:59:22.262027,105,182,183,233,256,365,73,168,195,136,138,234,135,127,122,129,124,187
2023-10-05 00:59:22.362347,34,233,200,133,315,344,232,187,90,121,121,237,139,119,125,129,125,187
2023-10-05 00:59:22.462630,-18,127,254,86,181,287,212,163,76,125,128,238,128,124,122,129,125,187
2023-10-05 00:59:22.562906,78,74,253,146,74,41,204,163,73,141,130,233,124,137,131,129,124,187
2023-10-05 00:59:22.663173,59,85,248,172,31,-61,198,180,65,134,129,235,125,130,132,129,125,187
2023-10-05 00:59:22.763441,55,117,245,145,17,-127,79,183,200,134,131,234,127,126,133,129,125,187
2023-10-05 00:59:22.863727,77,337,174,164,33,-95,83,156,200,148,144,231,126,126,128,129,124,188
2023-10-05 00:59:22.963995,116,190,194,245,169,269,77,155,200,147,133,232,122,143,124,129,124,187
2023-10-05 00:59:23.064302,117,242,160,3,236,319,80,175,199,126,123,237,139,118,120,128,125,187
2023-10-05 00:59:23.164564,80,238,204,197,284,321,96,190,209,129,126,233,128,129,128,129,125,187
2023-10-05 00:59:23.264827,-26,-2,309,65,155,232,203,182,70,126,131,235,137,115,126,129,125,187
2023-10-05 00:59:23.365132,89,54,256,90,76,2,179,188,49,143,134,231,124,129,129,129,124,187
2023-10-05 00:59:23.465400,87,129,217,153,25,-75,83,175,206,132,126,233,128,125,131,129,125,187
2023-10-05 00:59:23.565709,83,190,196,183,49,-95,81,151,203,131,129,237,122,134,132,129,125,187
2023-10-05 00:59:23.665971,118,291,217,172,110,27,79,133,199,142,133,233,128,126,126,129,124,187
2023-10-05 00:59:23.766284,107,241,187,128,187,290,80,141,200,135,130,231,127,129,124,129,125,187
2023-10-05 00:59:23.866551,93,162,205,133,230,350,80,164,200,125,124,235,125,128,127,128,125,187
2023-10-05 00:59:23.966819,15,120,233,53,275,326,55,188,174,137,136,234,117,139,131,129,125,187
2023-10-05 00:59:24.067081,39,25,278,82,134,184,201,180,71,135,132,234,136,115,124,129,125,187
2023-10-05 00:59:24.167346,63,52,258,209,80,2,188,189,58,136,129,234,127,129,130,129,125,187
2023-10-05 00:59:24.267639,42,89,247,165,11,-93,83,178,206,126,121,235,121,134,129,129,125,187
2023-10-05 00:59:24.368025,96,160,191,98,43,-94,81,150,205,133,132,235,125,127,127,129,125,187
2023-10-05 00:59:24.468301,134,313,201,153,110,71,83,136,203,140,129,232,127,125,125,129,124,187
2023-10-05 00:59:24.568584,108,265,180,99,185,328,84,145,205,137,130,233,126,132,125,129,125,187
2023-10-05 00:59:24.668853,80,124,193,246,273,369,90,170,211,131,128,236,132,125,125,129,125,187
2023-10-05 00:59:24.769134,-89,-30,313,-54,216,300,224,189,90,128,129,233,137,120,126,129,125,187
2023-10-05 00:59:24.869417,87,23,302,56,73,24,209,187,76,133,126,235,128,126,126,129,125,186
2023-10-05 00:59:24.969708,61,66,239,75,30,-118,78,178,204,135,130,231,125,125,133,129,125,187
2023-10-05 00:59:25.070185,67,168,185,7,73,-143,74,150,202,133,135,236,128,128,130,129,125,187
2023-10-05 00:59:25.170485,81,310,232,221,131,24,75,132,199,143,134,231,129,124,124,129,125,187
2023-10-05 00:59:25.270867,100,231,229,155,181,315,77,142,198,131,131,232,126,132,126,129,125,187
2023-10-05 00:59:25.371235,79,117,247,110,183,374,76,166,200,131,130,235,129,126,127,129,125,187
2023-10-05 00:59:25.471536,17,125,198,-15,264,344,63,190,185,143,147,233,124,132,128,129,125,187
2023-10-05 00:59:25.571879,36,37,269,108,103,106,189,188,55,137,133,229,144,95,117,129,125,187
2023-10-05 00:59:25.672176,78,81,235,83,41,-70,81,179,206,137,132,235,128,133,130,129,125,187
2023-10-05 00:59:25.772550,79,162,210,104,28,-129,81,153,204,139,131,235,123,131,130,129,125,187
2023-10-05 00:59:25.872898,57,291,190,207,62,-79,82,128,201,138,138,231,128,125,129,129,125,187
2023-10-05 00:59:25.973379,127,200,221,177,160,242,75,125,201,140,131,235,128,133,124,129,125,187
2023-10-05 00:59:26.073670,115,200,204,312,279,358,83,148,199,132,130,236,134,121,125,129,125,187
2023-10-05 00:59:26.173958,43,106,255,189,296,355,83,175,193,133,132,232,130,126,130,129,125,187
2023-10-05 00:59:26.274229,8,-32,311,105,131,190,198,190,58,104,109,244,122,134,131,128,126,187
2023-10-05 00:59:26.374490,63,78,267,110,57,-24,81,182,199,134,129,237,122,143,133,129,124,187
2023-10-05 00:59:26.474771,67,151,211,249,-15,-62,88,160,203,138,131,234,122,129,130,129,124,187
2023-10-05 00:59:26.575025,77,116,239,101,86,-118,77,136,201,133,134,231,129,122,128,129,125,187
2023-10-05 00:59:26.675329,88,357,208,15,110,84,77,119,198,145,136,230,131,121,126,129,125,187
2023-10-05 00:59:26.775590,91,264,203,103,208,329,80,135,199,134,128,234,121,136,124,129,125,187
2023-10-05 00:59:26.875852,115,95,246,192,207,369,79,159,200,122,122,239,125,130,128,129,125,187
2023-10-05 00:59:26.976163,-43,141,257,-37,278,290,78,185,190,148,150,231,137,118,127,129,125,187
2023-10-05 00:59:27.076450,75,112,265,-11,93,86,80,190,196,139,135,231,138,109,119,129,124,187
2023-10-05 00:59:27.176808,55,92,252,131,18,-54,84,177,205,137,130,235,124,131,131,129,124,187
2023-10-05 00:59:27.277149,64,112,217,159,36,-113,82,153,205,130,128,235,132,127,129,129,124,187
2023-10-05 00:59:27.377420,103,313,170,136,38,-54,86,129,202,139,134,232,128,122,126,129,125,187
2023-10-05 00:59:27.477679,132,199,204,226,188,303,81,128,203,140,129,229,132,124,125,129,124,187
2023-10-05 00:59:27.577986,69,223,181,91,293,340,90,153,203,132,128,233,135,123,126,129,125,187
2023-10-05 00:59:27.678250,2,204,211,-4,311,330,90,181,202,125,126,235,131,123,127,129,125,187
2023-10-05 00:59:27.778561,48,51,265,-78,122,109,206,187,72,144,144,229,118,133,127,129,125,187
2023-10-05 00:59:27.878824,80,91,265,154,82,0,74,189,198,137,129,234,127,128,130,129,124,187
2023-10-05 00:59:27.979155,65,168,206,192,6,-87,84,164,206,139,134,232,125,125,133,129,124,187
2023-10-05 00:59:28.079438,80,155,233,170,67,-94,79,139,203,136,138,231,129,122,127,129,125,187
2023-10-05 00:59:28.179732,134,332,199,-56,94,45,76,124,202,141,132,235,127,127,124,129,124,187
2023-10-05 00:59:28.279994,137,310,177,249,215,310,81,136,202,136,128,233,124,133,126,129,125,187
2023-10-05 00:59:28.380281,94,129,189,145,237,369,78,159,202,124,126,236,121,140,127,128,125,187
2023-10-05 00:59:28.480570,-23,165,277,37,269,312,74,185,190,133,135,232,148,104,123,129,125,187
2023-10-05 00:59:28.580853,54,22,257,83,141,158,195,186,65,125,128,240,142,99,114,129,124,187
2023-10-05 00:59:28.681139,47,50,247,120,54,-69,79,185,204,131,126,234,129,129,129,129,125,187
2023-10-05 00:59:28.781437,64,130,230,196,33,-89,82,161,204,142,140,233,121,134,134,129,125,187
2023-10-05 00:59:28.881761,97,225,196,50,52,-94,81,137,202,136,132,234,124,131,129,129,125,187
2023-10-05 00:59:28.982073,97,357,177,389,145,175,78,125,201,138,127,230,135,116,124,129,124,187
2023-10-05 00:59:29.082373,93,196,182,48,210,374,80,145,203,127,125,237,136,125,125,129,125,187
2023-10-05 00:59:29.182662,87,139,207,342,259,384,92,173,207,132,132,231,139,117,127,129,125,187
2023-10-05 00:59:29.283111,6,43,273,221,215,290,237,189,101,145,150,224,135,115,126,129,125,187
2023-10-05 00:59:29.383452,48,92,265,202,64,14,229,191,96,143,133,232,119,136,133,129,124,187
2023-10-05 00:59:29.483719,35,29,246,86,10,-126,81,169,207,140,131,235,125,131,128,129,124,187
2023-10-05 00:59:29.584008,85,250,166,127,-10,-114,89,141,206,130,132,236,121,138,128,129,125,187
2023-10-05 00:59:29.684294,91,236,267,183,151,164,72,124,201,141,135,235,126,128,126,129,125,187
2023-10-05 00:59:29.784615,96,217,240,154,215,345,81,142,200,136,128,231,129,125,126,129,125,187
2023-10-05 00:59:29.884877,77,146,230,271,256,372,85,167,202,129,130,235,127,133,127,129,125,187
2023-10-05 00:59:29.985123,-25,95,252,119,243,334,15,189,134,157,148,228,112,140,131,129,125,187
2023-10-05 00:59:30.085378,57,11,295,60,117,88,206,179,73,143,133,233,124,128,124,129,124,186
2023-10-05 00:59:30.185635,50,57,256,125,43,-71,68,189,191,134,131,235,131,131,128,129,125,187
2023-10-05 00:59:30.285897,68,157,232,113,7,-93,85,166,203,135,131,235,125,130,130,129,125,187
2023-10-05 00:59:30.386162,82,197,198,69,92,-122,77,139,200,136,136,232,123,130,133,129,125,187
2023-10-05 00:59:30.486424,96,306,250,177,129,164,74,124,197,138,131,233,127,125,126,129,125,187
2023-10-05 00:59:30.586683,71,209,207,74,202,365,77,141,198,135,125,233,112,145,130,128,125,187
2023-10-05 00:59:30.686981,59,153,222,210,267,388,77,169,195,135,130,234,124,129,126,129,125,187
2023-10-05 00:59:30.787288,-36,22,278,91,180,293,208,189,72,124,123,235,141,114,126,128,125,187
2023-10-05 00:59:30.887552,62,30,263,133,91,0,185,188,57,131,131,239,122,138,133,130,124,186
2023-10-05 00:59:30.987815,59,87,247,154,37,-51,83,186,206,135,131,232,128,121,129,129,125,187
2023-10-05 00:59:31.088230,69,130,215,82,15,-111,83,163,205,133,129,234,119,143,133,129,125,187
2023-10-05 00:59:31.188493,104,332,152,165,41,-73,87,138,201,138,133,233,124,127,126,129,125,187
2023-10-05 00:59:31.288754,121,262,171,195,199,246,82,134,199,140,129,230,135,112,126,129,124,187
2023-10-05 00:59:31.389010,83,214,204,44,236,338,85,155,199,133,133,234,136,121,126,129,125,187
2023-10-05 00:59:31.489302,51,145,224,276,283,349,87,178,197,130,130,233,129,129,127,129,125,187
2023-10-05 00:59:31.589581,23,81,257,-22,203,231,226,188,86,147,145,227,123,133,125,129,125,187
2023-10-05 00:59:31.689856,42,90,272,99,68,26,220,189,81,135,127,234,122,132,128,129,125,187
2023-10-05 00:59:31.790161,48,95,249,112,-6,-61,89,177,207,135,132,235,125,129,130,129,124,187
2023-10-05 00:59:31.890510,74,201,186,92,2,-110,87,151,205,134,131,234,124,130,128,129,125,187
2023-10-05 00:59:31.990797,95,207,257,-43,123,35,74,130,201,137,131,234,126,128,126,129,125,187
2023-10-05 00:59:32.091071,111,300,213,209,213,330,84,142,201,131,129,235,125,132,126,129,125,187
2023-10-05 00:59:32.191365,76,146,182,195,249,376,88,167,207,129,129,236,126,131,128,129,125,187
2023-10-05 00:59:32.291704,-48,7,270,-53,193,285,112,190,236,148,143,233,114,144,130,129,125,187
2023-10-05 00:59:32.392137,54,6,294,32,117,62,215,188,87,140,138,234,153,93,113,129,124,187
2023-10-05 00:59:32.492430,37,67,256,134,30,-59,83,183,207,133,127,234,127,128,127,129,124,187
2023-10-05 00:59:32.592734,73,180,193,144,2,-124,86,157,206,137,134,230,126,131,128,129,125,187
2023-10-05 00:59:32.693118,116,363,180,62,66,-27,84,133,202,135,132,233,126,123,128,129,125,187
2023-10-05 00:59:32.793430,141,256,198,282,190,287,81,135,202,136,129,237,131,127,128,129,124,187
2023-10-05 00:59:32.893731,105,198,187,135,239,374,89,158,205,132,131,233,128,130,126,129,125,187
2023-10-05 00:59:32.994023,44,132,201,157,284,349,103,185,220,129,129,232,137,119,125,129,125,187
2023-10-05 00:59:33.094298,36,57,260,34,158,178,216,190,80,142,142,229,138,113,122,129,125,187
2023-10-05 00:59:33.194576,86,100,259,109,82,36,76,190,198,136,131,236,122,136,132,129,124,187
2023-10-05 00:59:33.294860,70,111,252,187,-3,-60,87,173,208,138,130,233,124,133,132,129,124,187
2023-10-05 00:59:33.395113,73,122,230,190,19,-97,87,148,207,136,139,234,119,139,131,129,125,187
2023-10-05 00:59:33.495368,168,389,106,-245,50,-51,80,124,205,139,132,232,127,125,126,129,125,187
2023-10-05 00:59:33.595619,157,280,194,361,235,316,80,131,204,141,133,231,119,139,127,129,125,187
2023-10-05 00:59:33.695874,90,144,195,104,229,372,83,154,206,133,134,235,128,129,127,129,125,187
2023-10-05 00:59:33.796125,-18,114,227,-8,269,350,83,182,206,138,135,234,131,120,126,129,125,187
2023-10-05 00:59:33.896542,47,84,258,-11,127,97,195,189,64,145,136,232,133,116,118,130,124,186
2023-10-05 00:59:33.996791,67,116,244,182,73,-9,167,190,38,137,132,235,124,133,131,130,124,186
2023-10-05 00:59:34.097106,81,100,235,120,24,-62,86,175,210,139,132,232,118,141,135,129,124,187
2023-10-05 00:59:34.197363,96,122,229,125,40,-115,82,151,206,133,134,234,124,128,129,129,124,187
2023-10-05 00:59:34.297616,124,340,163,-65,98,-42,75,128,202,138,133,233,127,127,125,129,124,187
2023-10-05 00:59:34.397869,116,256,210,169,207,302,81,138,201,132,125,233,125,133,126,129,124,187
2023-10-05 00:59:34.498148,78,143,176,111,232,381,79,162,201,134,131,235,128,132,125,129,124,187
2023-10-05 00:59:34.598405,32,190,206,125,287,321,69,188,183,137,133,232,122,134,128,129,125,187
2023-10-05 00:59:34.698662,47,-1,265,40,167,217,205,179,74,138,135,234,128,125,126,130,124,186
2023-10-05 00:59:34.798927,51,73,237,136,74,-15,211,186,79,130,128,235,124,133,133,129,125,187
2023-10-05 00:59:34.899240,54,65,257,136,31,-109,80,179,204,143,135,233,122,130,133,129,124,187
2023-10-05 00:59:34.999560,74,166,199,169,34,-112,83,151,201,137,134,235,126,127,128,129,124,187
2023-10-05 00:59:35.099868,107,272,194,0,117,-44,79,131,197,141,131,232,128,127,125,129,124,187
2023-10-05 00:59:35.200171,105,312,179,151,215,298,86,137,197,135,126,235,129,125,123,129,124,187
2023-10-05 00:59:35.300469,84,127,233,213,240,370,85,160,200,135,133,236,128,130,127,129,125,187
2023-10-05 00:59:35.400736,-35,73,261,51,260,324,79,188,196,139,138,232,117,142,131,129,125,187
2023-10-05 00:59:35.501025,48,50,244,-84,131,120,200,184,68,144,138,230,125,126,128,129,124,187
2023-10-05 00:59:35.601382,63,99,253,109,73,3,142,191,8,138,129,234,120,136,133,129,124,187
2023-10-05 00:59:35.701704,65,106,243,216,45,-79,82,175,202,129,122,238,122,138,130,129,124,187
2023-10-05 00:59:35.802049,33,166,218,262,44,-141,81,149,200,136,136,234,128,127,127,129,124,187
2023-10-05 00:59:35.902338,74,335,219,-79,144,80,76,126,197,138,132,234,128,128,126,129,124,187
2023-10-05 00:59:36.002618,80,196,264,137,202,322,81,141,196,138,129,233,111,146,131,129,124,187
2023-10-05 00:59:36.102905,101,187,167,170,246,345,95,164,202,130,133,234,123,133,129,129,125,187
