2023-10-05 01:35:49.661987,0.4453,1.1372,0.416,150.6958,92.8955,132.8735,24.95,-26.614,112.797,0.1577,-0.0493,1.0,0.3052,-1.709,5.9204,-1.121,-8.696,65.16
2023-10-05 01:35:49.762424,0.2866,0.4316,0.5303,-20.2637,187.1948,232.9102,15.392,-20.341,137.763,0.1807,-0.0322,0.9927,1.1597,2.3804,7.6294,-1.17,-8.855,65.83
2023-10-05 01:35:49.862714,-1.6279,-0.4722,2.3755,-80.7495,172.3022,182.373,12.096,-4.235,166.306,0.1733,-0.0083,0.9731,-0.4272,-0.7324,3.479,-1.17,-9.02,66.445
2023-10-05 01:35:49.962998,-0.2417,0.2183,0.8838,-190.6738,-227.2339,-187.9272,18.951,-13.057,160.362,0.1821,0.0347,1.0078,-0.4272,6.5308,-7.1411,-0.786,-9.179,66.292
2023-10-05 01:35:50.063316,-0.6606,1.9824,0.4307,37.3535,-197.7539,-298.9502,17.1,-25.027,122.036,0.1646,-0.0635,0.9775,-0.7935,2.9907,-8.4839,-1.093,-8.882,65.22
2023-10-05 01:35:50.163611,0.792,0.3574,0.2295,439.5752,115.7227,279.7852,1.516,-25.06,128.809,0.1313,-0.0171,1.0166,-2.5024,5.3711,2.8076,-1.011,-8.503,65.089
2023-10-05 01:35:50.263913,-1.292,0.939,1.0259,-420.0439,245.4224,196.8994,0.807,-3.554,156.78,0.1421,-0.0122,1.0059,-0.061,-0.9766,-0.9766,-1.137,-8.41,65.242
2023-10-05 01:35:50.364199,1.2856,5.0747,-0.3823,-315.6738,-177.3071,-89.5386,37.562,-15.502,160.812,0.147,0.0444,1.0142,4.8218,1.3428,-2.4414,-0.857,-8.701,65.165
2023-10-05 01:35:50.464490,-0.2119,1.1602,0.5654,108.9478,-173.5229,-299.1333,9.684,-25.395,127.447,0.188,-0.0679,0.9673,1.709,-1.9531,-3.8452,-1.093,-8.828,64.539
2023-10-05 01:35:50.564826,0.5513,-0.2334,0.0552,12.6343,37.9639,125.7935,3.488,-30.981,116.862,0.126,-0.0156,1.0132,1.5259,0.6104,6.2866,-1.06,-8.443,64.858
2023-10-05 01:35:50.665139,0.4814,2.3379,-0.2065,124.2065,289.5508,267.395,21.379,-15.87,145.41,0.0166,-0.0713,1.0547,-6.2256,29.1748,3.9673,-1.318,-8.201,65.424
2023-10-05 01:35:50.765475,-1.8857,-4.043,2.2896,261.2915,-6.7139,24.4141,-8.987,-3.263,162.361,0.1982,0.0259,0.9751,3.9673,-0.6714,-1.8921,-0.604,-9.207,65.352
2023-10-05 01:35:50.865842,-0.3613,0.3594,0.3809,191.5894,-235.4736,-178.1006,17.93,-19.27,146.981,0.1514,-0.0386,1.0093,-3.6621,2.6855,-10.6812,-0.764,-8.597,64.731
2023-10-05 01:35:50.966157,0.6709,2.4976,-0.1182,-167.3584,-122.2534,-150.8179,7.57,-29.553,113.093,0.1494,-0.0269,1.0059,0.4883,1.1597,6.1035,-1.181,-8.289,64.468
2023-10-05 01:35:51.066453,0.3291,1.7451,0.3545,335.022,187.0117,208.4351,7.965,-22.615,129.65,0.126,-0.0098,0.9971,-0.9766,0.1221,6.958,-1.165,-8.047,65.468
2023-10-05 01:35:51.166714,-1.2881,-1.4937,0.8003,-539.978,100.0366,182.6172,-19.44,-5.158,156.78,0.1538,-0.0107,0.9775,2.3804,-3.479,-2.5024,-0.978,-8.427,65.588
2023-10-05 01:35:51.266987,0.2373,1.2925,0.7319,-681.6406,-150.3296,-200.9888,14.919,-12.898,156.561,0.146,0.0,1.0127,-1.709,9.5825,-5.7373,-0.769,-8.306,65.226
2023-10-05 01:35:51.367245,-0.5933,1.8296,0.2148,317.1997,-149.4751,-291.8701,9.613,-26.312,119.817,0.1577,-0.0508,0.9756,-1.4648,5.0659,-0.1831,-1.236,-7.789,64.627
2023-10-05 01:35:51.467512,0.7212,-0.3696,0.2388,317.749,77.0264,266.1133,-7.85,-25.944,122.943,0.0869,-0.0215,0.9937,-1.0986,1.2817,4.1504,-1.373,-7.114,65.253
2023-10-05 01:35:51.567828,-0.9136,0.873,1.3018,-93.9941,202.5146,252.3193,2.329,-5.647,151.331,0.144,-0.0186,0.981,0.2441,-7.019,-1.8311,-1.263,-7.405,65.369
2023-10-05 01:35:51.668109,-0.0552,2.2783,0.835,281.9214,-214.6606,95.6421,38.754,-11.036,161.175,0.1611,0.0186,1.0405,2.6245,0.3052,-6.1035,-0.807,-8.08,64.896
2023-10-05 01:35:51.768411,-0.7661,0.4697,0.6411,472.168,-254.1504,-256.7139,19.622,-22.181,131.655,0.1152,-0.0723,0.9561,-0.3662,2.9297,-0.4883,-1.318,-7.657,64.462
2023-10-05 01:35:51.868672,0.5317,-0.249,-0.0547,-572.3267,-38.6963,-0.5493,-6.817,-33.492,111.489,0.1221,0.0015,1.0,0.6714,0.6104,6.5308,-1.423,-7.037,64.83
2023-10-05 01:35:51.968934,0.1548,1.8052,0.3408,-17.2729,256.0425,204.2847,13.03,-18.842,134.275,0.1367,-0.0093,0.9854,1.8921,-2.3804,2.4414,-1.434,-7.031,65.248
2023-10-05 01:35:52.069119,-2.0435,-2.5806,1.8921,-399.8413,87.8296,215.21,-14.837,0.335,162.103,0.1299,-0.0132,0.98,1.4648,-3.6011,-4.2725,-1.225,-7.311,65.094
2023-10-05 01:35:52.169386,-0.5356,-1.1372,1.6665,-739.9292,-164.7949,-287.0483,4.021,-5.477,158.802,0.1416,-0.001,1.0459,1.2817,3.479,-4.7607,-0.989,-7.443,64.759
2023-10-05 01:35:52.269655,0.1968,2.3433,-0.2964,-221.9849,-232.1777,-233.5815,10.267,-27.702,125.903,0.123,-0.0391,0.9604,1.0376,2.0142,-0.3052,-1.307,-7.322,64.418
2023-10-05 01:35:52.370001,0.5728,1.5034,-0.0439,397.7051,202.6978,159.4849,3.702,-27.636,129.144,0.1392,-0.0054,1.0044,-0.9766,1.5869,5.8594,-1.362,-7.02,64.819
2023-10-05 01:35:52.470253,-0.3052,0.3325,0.6772,-83.4351,197.937,286.7432,-2.615,-6.751,155.792,0.1167,-0.0073,0.9956,1.2817,-4.3335,-1.5869,-1.198,-7.196,65.171
2023-10-05 01:35:52.570515,-2.0332,-4.2998,2.9658,1530.0293,-25.5737,114.4409,19.935,5.048,175.743,0.1587,-0.0244,0.9902,1.8311,-12.6953,-5.7983,-1.027,-7.729,64.693
2023-10-05 01:35:52.670785,-0.8452,-2.499,1.834,79.1626,-196.6553,-298.7061,-2.181,-7.449,159.489,0.1484,-0.0552,1.0317,-8.4839,8.1787,-5.9814,-0.978,-7.833,63.935
2023-10-05 01:35:52.771060,0.2988,1.8823,-0.1265,-172.6685,-205.3223,-202.2705,7.701,-29.317,128.837,0.0869,-0.0156,0.9893,-0.7324,9.3994,9.0942,-1.384,-7.394,64.221
2023-10-05 01:35:52.871339,0.6387,1.9438,-0.5649,272.3389,252.3193,188.1104,6.4,-23.599,136.049,0.1465,-0.022,1.0181,-1.3428,2.9297,5.0049,-1.368,-7.07,64.885
2023-10-05 01:35:52.971623,-1.2681,-0.5884,1.7334,-168.457,244.3237,277.71,-5.273,3.988,164.795,0.1133,-0.0156,0.98,1.3428,-2.5024,-0.061,-1.329,-7.35,65.319
2023-10-05 01:35:53.071910,0.0542,-1.2866,-2.1587,1248.8403,-195.8618,281.9214,29.108,1.895,176.611,0.1826,0.0151,0.9985,-0.4272,-1.8311,-3.0518,-0.972,-7.784,65.078
2023-10-05 01:35:53.172200,-0.2876,1.0142,0.4209,110.7788,-270.4468,-310.3027,-0.192,-15.667,147.052,0.1377,-0.0654,0.9893,-0.061,0.8545,-6.0425,-1.198,-7.641,64.374
2023-10-05 01:35:53.272492,0.7969,1.7554,-0.4746,-305.481,-6.2866,-18.0054,-5.317,-31.685,128.875,0.0957,-0.0107,0.9912,-0.1831,0.3052,8.4229,-1.274,-7.344,64.808
2023-10-05 01:35:53.372795,-0.0361,1.0337,0.3989,86.0596,265.0146,252.1973,-1.648,-11.118,149.304,0.0615,-0.0396,1.0347,9.3994,-14.2212,-0.5493,-1.176,-7.383,65.149
2023-10-05 01:35:53.473110,-2.3452,-3.5938,1.9185,-424.5605,-0.7935,231.0791,-27.307,13.519,174.304,0.1445,-0.0122,0.9771,0.9155,-2.4414,-0.6714,-0.928,-7.877,65.209
2023-10-05 01:35:53.573404,-0.6206,-0.8647,1.688,252.0142,-162.2925,-76.1108,3.093,8.119,174.666,0.1396,-0.0225,0.9976,-0.3052,-0.5493,-7.9346,-1.027,-7.646,64.797
2023-10-05 01:35:53.673702,0.1348,1.5063,0.103,-49.0112,-253.418,-252.1973,0.725,-16.128,148.151,0.0947,-0.0479,0.9863,2.3804,-1.0986,-0.3662,-1.225,-7.322,64.265
2023-10-05 01:35:53.774013,0.9331,1.5723,-0.2881,-378.2959,60.4858,27.9541,-13.716,-28.295,136.214,0.1343,-0.0166,0.9854,2.3193,-4.1504,7.3242,-1.148,-7.674,64.99
2023-10-05 01:35:53.874306,0.1128,1.3271,0.4204,2.6245,284.79,187.1338,1.022,-7.971,155.303,0.1699,0.0117,0.9858,0.5493,-2.1973,3.9062,-0.989,-7.954,65.429
2023-10-05 01:35:53.974599,-2.3623,-4.0239,2.3003,104.3701,-16.7847,78.2471,-20.687,10.728,169.843,0.1421,-0.0142,0.9819,-0.7324,1.3428,-6.2256,-0.945,-7.789,65.22
2023-10-05 01:35:54.074890,-0.6445,-2.7891,1.585,-855.7129,-180.2979,-321.2891,-22.231,-3.131,160.593,0.1211,-0.0527,1.0171,-5.3101,2.6855,-9.2773,-0.846,-7.597,64.424
2023-10-05 01:35:54.175210,0.061,1.6357,0.1523,-43.2129,-181.8848,-241.5161,-6.762,-25.538,136.555,0.1138,-0.0195,0.9878,2.0142,4.9438,3.3569,-1.181,-7.504,64.061
2023-10-05 01:35:54.275494,0.5947,0.7632,0.0869,195.5566,123.7793,162.7808,-9.185,-25.889,137.455,0.02,-0.0552,1.0044,4.8218,-7.5684,-1.0986,-1.027,-7.24,64.446
2023-10-05 01:35:54.375825,-0.3672,1.4043,0.7183,-351.1353,235.7788,227.356,-13.431,-1.357,154.715,0.1528,-0.04,0.9868,2.1362,-3.1128,-1.2207,-1.016,-7.553,64.545
2023-10-05 01:35:54.476122,-1.1885,0.0688,1.7271,556.3354,-72.1436,10.1318,-14.073,9.459,166.097,0.1606,-0.0093,0.9775,-0.8545,1.9531,0.9155,-1.093,-7.69,64.506
2023-10-05 01:35:54.576438,-0.1646,1.7539,0.8901,-452.5146,-141.7236,-289.1235,-9.772,-6.515,156.264,0.1221,-0.0645,0.9902,-4.7607,0.5493,-5.7983,-1.192,-7.427,64.16
2023-10-05 01:35:54.676714,0.1963,1.3906,0.4263,86.1816,-94.7266,-142.6392,-15.771,-26.109,136.384,0.1343,0.0073,1.0005,0.3662,3.8452,5.4932,-1.362,-7.251,64.039
2023-10-05 01:35:54.777123,0.5103,0.2173,0.3843,235.8398,101.5625,253.479,-25.104,-22.621,142.619,0.125,-0.019,0.9756,-0.1831,-5.127,2.0752,-1.368,-7.136,64.38
2023-10-05 01:35:54.877382,-0.731,0.2153,0.8857,-50.2319,239.3799,334.4727,-17.177,5.9,164.724,0.1367,-0.0078,0.9951,1.0376,-0.7935,3.6011,-1.28,-7.443,64.775
2023-10-05 01:35:54.977684,-0.6714,0.5781,1.1929,-105.1025,-105.3467,-32.7148,-2.269,19.347,-178.841,0.168,-0.0181,0.9897,-0.3662,0.3662,-5.188,-1.263,-7.614,64.633
2023-10-05 01:35:55.077943,-0.9829,0.7285,0.3862,557.373,-246.8262,-244.9341,-7.339,0.538,163.603,0.1123,-0.0601,1.0049,-3.418,2.0142,-5.4932,-1.28,-7.295,64.039
2023-10-05 01:35:55.178196,0.1333,1.3975,-0.0039,91.0645,-180.9692,-189.6973,-6.63,-24.423,138.186,0.0786,-0.0176,0.9824,-1.5869,9.9487,6.2256,-1.538,-6.713,64.199
2023-10-05 01:35:55.278497,0.5952,0.9219,0.0449,170.2271,152.771,212.0361,-12.623,-23.456,139.779,0.1348,-0.0151,1.0059,0.061,-0.6714,4.6387,-1.56,-6.542,64.704
2023-10-05 01:35:55.378757,-0.6782,0.519,0.8711,-13.3667,220.7642,289.6118,-15.518,3.049,161.104,0.105,-0.0142,0.9756,1.9531,-1.8921,2.9907,-1.533,-6.713,65.237
2023-10-05 01:35:55.479016,-0.772,-0.6538,1.4995,663.5742,-105.5298,54.9316,-7.454,16.062,176.27,0.1738,-0.0122,1.0645,-0.8545,1.1597,-6.7749,-1.11,-7.366,64.803
2023-10-05 01:35:55.579296,-0.5156,0.1641,1.0977,72.0825,-229.0039,-260.376,-9.124,-1.5,160.692,0.1147,-0.0576,1.0366,-4.9438,8.4229,-6.4697,-1.351,-6.938,64.265
2023-10-05 01:35:55.679643,0.7241,2.7759,-0.0928,-93.1396,-137.8784,-148.4985,-13.804,-26.955,137.34,0.0825,-0.022,0.9966,-1.2207,4.5166,3.7842,-1.544,-6.597,64.232
2023-10-05 01:35:55.779948,0.3623,1.6392,0.2036,291.9312,200.1343,216.8579,-14.211,-19.297,146.36,0.126,-0.0239,0.9731,1.1597,-2.8687,7.7515,-1.582,-6.537,64.825
2023-10-05 01:35:55.880253,-0.4771,0.4165,0.8115,-115.0513,249.6948,305.4199,-15.062,7.158,164.916,0.1055,-0.0103,0.9541,3.7231,-10.0098,-1.5869,-1.34,-7.064,65.138
2023-10-05 01:35:55.980640,-1.3237,-3.0098,3.0728,1126.6479,-163.9404,65.3687,12.437,17.139,178.484,0.2173,-0.0293,0.938,-2.6245,-6.2256,-0.9766,-1.362,-7.487,64.677
2023-10-05 01:35:56.080960,-0.5928,-0.2827,1.0146,144.5923,-112.5488,-289.0625,-22.939,2.274,162.834,0.0952,-0.0488,1.0029,-3.9062,0.7935,-7.3853,-1.434,-6.685,64.023
2023-10-05 01:35:56.181258,0.4492,2.6948,0.1406,3.8452,-140.3198,-203.4302,-15.623,-23.368,141.092,0.0879,-0.0171,1.0098,0.0,4.6997,5.3711,-1.478,-6.482,64.078
2023-10-05 01:35:56.281533,0.6084,0.6201,0.2041,493.6523,155.8228,195.3125,-19.215,-17.902,145.8,0.1094,-0.0322,0.9902,0.3662,-3.479,6.2866,-1.62,-6.427,64.836
2023-10-05 01:35:56.381831,-0.2588,0.2603,0.7178,-399.8413,157.8979,282.6538,-27.548,6.669,163.163,0.1646,-0.0356,1.0073,-0.8545,-3.54,0.3052,-1.291,-7.196,65.105
2023-10-05 01:35:56.482119,-1.6895,-1.562,1.6333,802.5513,-10.1929,-16.1743,-23.126,19.484,174.199,0.1372,-0.0225,0.979,-5.4932,4.5166,-0.6714,-1.395,-7.075,65.067
2023-10-05 01:35:56.582394,-0.3955,0.2417,1.3389,-478.9429,-149.5972,-341.9189,-20.347,0.72,163.372,0.0996,-0.0674,1.0024,-5.127,1.0376,-8.728,-1.456,-6.603,64.182
2023-10-05 01:35:56.682676,0.6812,4.248,-0.5669,-379.9438,-193.9697,-259.0332,-20.198,-29.515,138.972,0.0938,-0.0039,1.0132,2.8076,0.6714,5.4321,-1.406,-6.581,64.199
2023-10-05 01:35:56.782956,0.4307,0.4746,0.2705,517.0898,129.8218,148.4985,-33.662,-24.719,141.938,0.1445,-0.0361,0.9321,1.1597,-2.5024,9.8877,-1.527,-6.74,64.803
2023-10-05 01:35:56.883235,0.0708,0.0273,0.8188,-288.5742,110.1074,249.8779,-21.182,-4.79,157.917,0.1328,-0.0103,1.0029,-1.6479,-2.0752,-2.1362,-1.373,-6.724,65.198
2023-10-05 01:35:56.983494,-2.2969,-1.2661,2.4443,-357.7881,-57.1899,-90.3931,-9.135,12.112,172.43,0.1519,-0.0244,0.9956,0.3662,0.2441,-2.4414,-1.291,-7.064,64.94
2023-10-05 01:35:57.083749,-0.687,-0.7661,1.457,127.8076,-174.1333,-272.522,-20.242,-4.845,160.334,0.0986,-0.0225,1.0327,-4.8828,4.5166,-11.7798,-1.099,-6.894,64.297
2023-10-05 01:35:57.184022,0.5386,2.5376,-0.1382,-54.6875,-132.8125,-226.0132,-17.435,-32.344,133.077,0.1064,-0.019,0.9927,0.1831,2.4414,5.7373,-1.379,-6.872,63.918
2023-10-05 01:35:57.284303,0.6309,1.3359,0.3262,403.0151,199.707,211.6089,-13.359,-27.372,137.362,0.1406,-0.0186,0.9868,-0.7935,-3.6621,5.7983,-1.428,-6.806,64.506
2023-10-05 01:35:57.384578,-0.126,-0.3223,0.5737,-101.1963,205.2002,292.3584,-19.418,-3.12,159.033,0.1328,0.0054,0.9736,-0.061,-3.1738,0.9155,-1.176,-7.207,65.028
2023-10-05 01:35:57.484876,-0.938,-1.4365,1.8281,489.7461,-79.1016,68.6035,-11.783,12.881,171.249,0.1484,-0.0146,1.0244,0.1221,3.7842,-6.1646,-1.187,-7.251,64.638
2023-10-05 01:35:57.585160,-0.5815,-0.4849,1.5269,98.0835,-245.5444,-283.6304,-9.086,-4.323,159.159,0.0796,-0.0591,1.019,-3.9673,2.2583,-7.6294,-1.192,-6.96,64.006
2023-10-05 01:35:57.685428,0.7173,3.8032,-0.9243,-123.7183,-179.3213,-134.5215,-10.618,-32.042,133.352,0.1064,-0.0142,0.9995,2.1362,0.9766,5.9204,-1.291,-7.13,64.078
2023-10-05 01:35:57.785706,0.4844,1.9297,-0.2275,646.3013,257.3853,193.5425,-12.458,-23.703,139.482,0.1553,-0.0312,0.9595,-1.77,-3.8452,7.7515,-1.45,-7.278,64.753
2023-10-05 01:35:57.885962,-0.6318,-0.8818,0.5513,-219.4214,223.0835,298.2178,-19.825,3.889,158.478,0.1333,0.0059,1.0093,0.7324,0.061,-1.0376,-1.258,-7.344,65.176
2023-10-05 01:35:57.986236,-0.5601,-2.6284,-2.4385,1419.8608,-310.3027,261.0474,0.527,14.255,172.161,0.1519,-0.0361,0.9692,-0.1831,0.7935,-3.9673,-1.236,-7.509,64.803
2023-10-05 01:35:58.086498,-0.1602,0.2837,1.1494,208.1299,-126.6479,-294.1284,-30.855,-3.972,155.687,0.0972,-0.0635,1.0176,-6.6528,3.479,-10.6812,-1.225,-6.976,63.902
2023-10-05 01:35:58.186766,0.5117,3.8442,-0.5576,-116.333,-117.2485,-144.7754,-23.533,-31.284,137.005,0.1128,-0.0098,1.0098,0.4272,4.7607,7.2632,-1.417,-6.899,63.814
2023-10-05 01:35:58.287034,0.6606,1.1221,0.0151,464.2944,162.2925,204.4678,-25.06,-24.725,140.768,0.1216,-0.0396,0.9771,-1.8311,-2.1973,5.9814,-1.566,-6.74,64.55
2023-10-05 01:35:58.387297,-0.6465,0.4517,0.8813,-310.1807,208.4351,267.5171,-23.214,2.631,156.517,0.1455,-0.0029,0.9688,-1.0986,-1.5259,-0.2441,-1.137,-7.289,64.781
2023-10-05 01:35:58.487558,-0.6367,-0.8384,1.3936,938.6597,-137.146,-76.9653,-20.649,10.069,165.339,0.147,-0.0151,0.9761,-0.9155,-1.1597,-1.8311,-1.296,-7.169,64.66
2023-10-05 01:35:58.587818,-0.1992,0.2314,1.1108,-170.8374,-258.2397,-302.3071,-12.085,-13.651,152.051,0.123,-0.0815,0.9927,-4.3945,-2.0752,-6.5308,-1.395,-6.927,63.929
2023-10-05 01:35:58.688102,0.1562,0.3496,0.2944,-396.9727,-7.1411,39.3677,-38.562,-34.547,137.906,0.1084,-0.0015,1.0156,4.5166,-1.8921,6.2256,-1.401,-6.965,64.116
2023-10-05 01:35:58.788400,0.1812,1.7256,0.5684,303.5889,216.0645,246.0938,-20.132,-12.689,149.689,0.1367,-0.0142,0.9697,0.9766,2.0752,6.2866,-1.467,-7.048,64.742
2023-10-05 01:35:58.888651,-1.1353,-1.5376,1.8794,-199.8901,148.7427,212.5244,-26.565,15.991,166.492,0.1484,-0.0044,0.9839,0.4272,-3.9673,-1.5869,-1.318,-7.207,64.924
2023-10-05 01:35:58.988891,-0.2876,-0.3999,0.646,-1135.6201,-18.1274,-204.1016,-7.531,17.095,173.183,0.1377,-0.0063,0.998,1.1597,2.1973,-6.1035,-1.181,-7.454,64.578
2023-10-05 01:35:59.089131,-0.1489,1.7275,0.0986,-33.6304,-269.043,-279.6021,-19.781,-10.503,156.511,0.1113,-0.0488,0.9321,-0.5493,-2.9907,0.7324,-1.456,-6.987,64.05
2023-10-05 01:35:59.189382,0.8857,2.877,-0.3721,-243.5303,-46.5698,-39.1235,-34.536,-31.08,145.898,0.1084,-0.0151,1.0215,-2.5024,1.2207,7.019,-1.582,-6.559,64.451
2023-10-05 01:35:59.289651,0.334,1.5957,0.4321,252.8076,200.6226,205.4443,-21.566,-12.634,152.672,0.1758,-0.0352,0.9482,3.479,-5.127,1.2817,-1.417,-7.026,65.116
2023-10-05 01:35:59.389942,-1.5493,-2.7339,1.9526,-101.9287,18.4326,213.501,-36.964,14.348,169.118,0.1704,0.0029,0.998,-1.0376,-1.4648,-1.3428,-0.972,-7.625,64.94
2023-10-05 01:35:59.490213,-0.062,0.771,1.1157,-321.7773,-105.7739,-135.376,-2.62,12.343,173.502,0.1108,-0.0146,1.019,0.9155,5.249,-9.0942,-1.143,-7.213,64.545
2023-10-05 01:35:59.590476,0.4614,0.6826,0.2495,-517.5781,-186.9507,-320.5566,-22.011,-11.981,155.945,0.0742,-0.0635,0.9663,2.1973,-1.4648,0.1831,-1.472,-6.702,63.875
2023-10-05 01:35:59.690730,0.6763,2.9277,-0.0801,-36.2549,-22.4609,22.8271,-34.459,-30.998,143.168,0.0942,0.0068,1.0034,2.5635,-5.9814,9.8267,-1.296,-6.68,64.517
2023-10-05 01:35:59.791139,0.1895,0.3623,0.5864,275.1465,165.5884,287.6587,-35.909,-13.112,153.743,0.1572,-0.0166,0.9878,0.4272,-0.6714,4.6387,-1.269,-6.982,65.209
2023-10-05 01:35:59.891414,-2.0796,-2.6938,2.0405,-405.8838,83.9844,127.3193,-39.622,17.04,164.004,0.1523,-0.0137,0.9902,0.2441,1.2817,-0.8545,-1.176,-7.18,65.429
2023-10-05 01:35:59.991683,-0.7783,-0.8105,1.563,-820.0684,-66.8945,-246.2769,-21.736,15.738,166.965,0.1152,0.0034,1.0244,0.7324,1.9531,-7.1411,-0.956,-7.256,65.127
2023-10-05 01:36:00.091969,-0.4507,0.8843,0.5532,41.2598,-181.6406,-352.478,-34.113,-14.315,148.557,0.0972,-0.0317,0.9688,2.4414,-2.3193,-1.9531,-1.165,-7.136,64.468
2023-10-05 01:36:00.192269,0.2837,-0.4863,-0.0918,-526.7334,-12.6343,80.2612,-46.791,-32.261,141.306,0.1138,-0.0103,1.002,-0.7324,-4.1504,4.9438,-1.148,-7.092,64.803
2023-10-05 01:36:00.292561,-0.019,2.3696,0.7886,120.1782,202.0874,244.1406,-23.225,-9.646,149.008,0.1313,-0.0205,0.9888,-1.0986,1.3428,5.7373,-1.104,-7.202,65.517
2023-10-05 01:36:00.392841,-1.7349,-4.0508,1.4619,-78.4912,9.7656,168.8843,-45.549,16.463,164.894,0.165,-0.0068,0.9902,0.3662,-2.3193,-1.77,-1.088,-7.361,65.643
2023-10-05 01:36:00.493118,-0.1328,-2.2778,1.3301,-572.1436,-85.3271,-249.939,-35.469,10.525,162.252,0.126,-0.0029,0.9961,2.3804,-0.3052,-9.6436,-0.928,-7.531,65.045
2023-10-05 01:36:00.593388,0.144,0.9604,0.4888,-321.5942,-221.6187,-307.7393,-22.126,-17.347,147.354,0.1201,-0.0493,0.9697,-0.4272,0.3662,0.061,-1.115,-7.355,64.374
2023-10-05 01:36:00.693669,0.4199,0.1528,0.0083,-125.2441,46.1426,117.7368,-39.056,-30.432,141.075,0.1104,-0.0151,1.0078,-1.6479,-2.9907,5.4321,-1.17,-7.092,64.929
2023-10-05 01:36:00.793962,0.002,0.4365,1.0479,82.9468,142.2729,284.5459,-32.712,-5.746,152.238,0.1338,-0.0132,0.9971,0.7324,-0.1221,4.0283,-1.23,-7.169,65.385
2023-10-05 01:36:00.894249,-2.1841,-1.5166,1.979,-683.2275,103.3325,75.6836,-26.993,21.583,166.976,0.189,-0.0176,0.9932,2.3193,-11.1084,0.3052,-1.143,-7.635,65.451
2023-10-05 01:36:00.994547,-0.2754,-0.9014,1.3564,-423.4009,-99.6704,-256.6528,-22.983,15.93,166.915,0.1196,0.0054,1.0186,-1.8921,7.0801,-8.9111,-1.077,-7.57,65.078
2023-10-05 01:36:01.094839,-0.4688,0.1035,0.8496,172.6685,-161.9873,-323.0591,-33.613,-11.415,148.601,0.1187,-0.0483,0.9912,1.2207,2.7466,0.4883,-1.313,-7.245,64.512
2023-10-05 01:36:01.195117,0.3042,0.0151,0.0415,-351.6846,9.1553,97.7783,-39.749,-28.169,141.411,0.1084,-0.0112,0.9951,-1.0986,-0.9766,6.5308,-1.423,-6.877,65.072
2023-10-05 01:36:01.295388,0.1318,2.124,0.5107,82.3975,248.4131,228.7598,-19.709,-3.01,152.6,0.1528,-0.019,0.9834,0.5493,-1.8921,2.4414,-1.395,-7.152,65.457
2023-10-05 01:36:01.395658,-1.8901,-4.9199,2.3696,429.9316,15.8691,150.3296,-36.705,23.516,166.113,0.1318,-0.0039,0.9927,0.2441,1.3428,-3.1128,-1.258,-7.273,65.479
2023-10-05 01:36:01.495942,-0.4482,-2.7871,1.3521,-535.3394,-98.0835,-311.0962,-38.084,17.111,164.202,0.1113,-0.0117,1.0132,0.061,4.0283,-9.7046,-1.17,-7.202,64.874
2023-10-05 01:36:01.596190,-0.1577,0.7939,0.6606,-223.6328,-183.6548,-333.8013,-32.124,-12.524,147.909,0.1089,-0.0171,0.9873,1.8311,1.4038,1.2207,-1.351,-7.207,64.292
2023-10-05 01:36:01.696445,0.2866,0.0776,0.2905,-61.8286,49.4995,144.4092,-38.161,-25.263,142.366,0.106,-0.0142,0.9951,0.3052,-5.8594,6.8359,-1.379,-6.861,64.979
2023-10-05 01:36:01.796715,-0.1187,1.4438,0.3857,39.1235,276.2451,293.7012,-21.55,5.273,156.775,0.1777,-0.0078,0.9609,2.5635,-0.4883,1.8311,-1.28,-7.278,65.396
2023-10-05 01:36:01.896992,-1.3164,-2.5581,1.6265,378.479,28.3813,-25.3906,-37.903,22.934,166.899,0.1299,-0.0156,0.9722,-0.6714,1.4038,-4.8218,-1.154,-7.311,65.165
2023-10-05 01:36:01.997255,-0.4351,-0.8955,1.5381,-170.105,-196.9604,-282.8979,-24.692,5.933,159.423,0.1118,-0.0371,1.0205,-6.7749,3.3569,-9.0332,-1.214,-6.905,64.358
2023-10-05 01:36:02.097503,0.4531,1.5347,0.1099,-433.3496,-142.5171,-230.835,-32.305,-23.104,143.339,0.1074,-0.0288,1.0103,2.1362,1.709,4.3945,-1.351,-6.905,64.286
2023-10-05 01:36:02.197746,0.5112,1.4321,0.23,313.9038,151.6113,184.3262,-29.273,-17.54,145.547,0.1343,-0.0269,0.98,-0.061,-0.9155,5.7983,-1.406,-7.015,64.858
2023-10-05 01:36:02.298008,-0.3887,0.5483,0.6553,-100.4639,209.4116,301.0254,-31.976,13.024,159.318,0.1338,-0.0044,0.9893,0.7935,-3.6621,3.2349,-1.302,-7.229,65.407
2023-10-05 01:36:02.398315,-1.1812,-4.9287,2.833,1653.1372,-155.9448,127.5635,-25.389,25.192,169.552,0.1523,-0.0146,0.9658,1.9531,-3.0518,-3.2349,-1.219,-7.493,65.286
2023-10-05 01:36:02.498672,-0.6772,-1.2949,1.1646,453.7964,-113.5254,-326.7822,-31.19,5.048,157.319,0.123,-0.0659,0.9937,-5.3711,4.3945,-10.8032,-1.165,-7.333,64.479
2023-10-05 01:36:02.599007,0.7769,3.1006,-0.7842,-223.0835,-179.7485,-155.2124,-23.066,-25.054,142.3,0.0942,-0.0093,1.0195,0.3662,3.1738,4.4556,-1.269,-7.048,64.045
2023-10-05 01:36:02.699283,0.1973,1.9932,0.2217,105.1636,212.2192,179.9316,-19.259,-13.59,148.447,0.1401,-0.0293,0.98,1.4648,-5.188,5.3711,-1.401,-7.125,64.781
2023-10-05 01:36:02.799609,-0.7095,-1.3613,1.167,-316.1011,139.8315,274.7803,-37.452,13.475,159.153,0.1777,0.0273,0.9614,1.2207,-2.7466,1.5259,-0.829,-7.932,64.979
2023-10-05 01:36:02.899888,-0.1543,-0.7539,1.1772,602.2949,-148.2544,-10.1929,-19.803,18.918,165.916,0.1353,-0.0288,0.9854,0.4883,3.54,-2.1362,-1.0,-7.74,65.001
2023-10-05 01:36:03.000224,0.2363,0.6338,0.2612,-379.3335,-210.9375,-322.5708,-25.477,-7.048,152.639,0.1157,-0.0659,0.9878,-4.2725,0.9155,-7.8735,-1.159,-7.35,64.138
2023-10-05 01:36:03.100521,0.3403,0.8755,-0.0713,-658.6304,25.1465,55.603,-40.023,-24.895,145.646,0.1123,-0.0166,0.9961,5.0659,-1.2817,3.6621,-1.258,-7.191,64.089
2023-10-05 01:36:03.200856,0.0923,1.106,0.5576,95.9473,233.2764,244.4458,-29.586,0.308,154.391,0.1104,-0.0273,0.9731,-0.7935,-1.8921,9.4604,-1.357,-6.954,64.913
2023-10-05 01:36:03.301126,-1.5669,-2.4585,2.4263,296.4478,5.9814,90.4541,-33.42,25.73,164.718,0.1567,-0.0034,0.9854,0.5493,-4.3335,-0.9766,-1.28,-7.218,65.231
2023-10-05 01:36:03.401467,-0.7778,-2.6978,1.9741,-394.2871,-148.9868,-218.4448,-32.899,17.732,163.196,0.1509,-0.0176,1.0146,-1.6479,3.0518,-8.8501,-1.066,-7.476,64.655
2023-10-05 01:36:03.501784,-0.1123,1.0356,0.4375,-108.6426,-193.6035,-285.7666,-32.563,-11.733,150.167,0.1167,-0.0439,1.001,0.0,5.127,0.3052,-1.307,-7.339,64.16
2023-10-05 01:36:03.602130,0.5098,0.3618,-0.147,147.4609,59.2041,132.2632,-42.583,-24.104,144.965,0.106,-0.0142,0.9736,-2.0752,-0.3662,5.4932,-1.434,-7.015,64.6
2023-10-05 01:36:03.702471,-0.0444,0.9966,0.646,-259.4604,241.9434,218.5669,-24.439,2.582,152.331,0.1475,-0.0117,0.9761,0.6104,-1.0986,2.8687,-1.23,-7.213,64.935
2023-10-05 01:36:03.802812,-1.5332,-1.4707,2.1621,132.6904,52.124,107.0557,-37.612,29.202,161.631,0.1577,-0.021,0.9819,0.1221,-3.1128,-2.1362,-1.154,-7.405,65.017
2023-10-05 01:36:03.903161,-0.6641,-2.1416,1.791,539.1846,-178.772,-78.8574,-23.165,21.572,164.224,0.1177,-0.0249,1.0029,-2.0142,3.8452,-10.5591,-1.104,-7.289,64.33
2023-10-05 01:36:04.003462,-0.1797,0.8418,0.4448,45.0439,-236.6943,-260.2539,-24.593,-5.751,151.688,0.1006,-0.0576,0.9893,0.061,0.3052,1.2817,-1.472,-7.004,63.721
2023-10-05 01:36:04.103795,0.4634,1.0801,0.0762,-198.3032,0.2441,18.4937,-43.649,-22.11,144.575,0.0962,-0.0054,1.0181,-0.7324,-2.7466,6.7749,-1.285,-6.954,64.407
2023-10-05 01:36:04.204095,0.0063,0.999,0.5249,28.6865,226.9897,239.0747,-27.982,2.164,151.787,0.167,-0.0103,0.9912,2.3193,-1.4038,6.5308,-1.324,-7.41,65.05
2023-10-05 01:36:04.304411,-1.23,-0.9014,1.9565,-133.7891,183.0444,183.4106,-27.263,33.591,164.394,0.1685,-0.0112,0.979,0.4883,0.0,-2.7466,-1.181,-7.723,65.259
2023-10-05 01:36:04.404687,-0.1982,-1.7568,1.4805,-582.0923,-113.0981,-210.022,-27.213,30.657,164.41,0.123,0.0112,0.998,0.7935,2.0752,-7.4463,-1.011,-7.641,64.715
2023-10-05 01:36:04.505016,-0.0371,1.8525,0.3086,-187.439,-273.2544,-233.9478,-20.089,0.994,152.82,0.1245,-0.0635,0.9688,-0.061,-2.3804,-4.0894,-1.384,-7.333,63.836
2023-10-05 01:36:04.605296,0.6938,0.9668,-0.0483,-147.2778,-53.2227,-49.0723,-43.572,-20.885,145.887,0.0801,-0.0093,1.0044,0.6104,-1.4038,7.3853,-1.379,-6.91,64.347
2023-10-05 01:36:04.705557,0.2461,1.1978,0.5557,-10.1318,159.668,227.6001,-38.134,-3.636,151.172,0.1548,-0.0269,1.0039,0.8545,1.3428,6.958,-1.208,-7.02,65.001
2023-10-05 01:36:04.806004,-0.7603,-0.0864,1.0278,-218.5059,187.6221,292.7856,-41.479,28.251,161.686,0.168,-0.0068,0.9873,0.9155,-3.3569,1.4038,-1.154,-7.515,65.424
2023-10-05 01:36:04.906290,0.0171,0.3926,0.8101,43.7622,-103.7598,-70.0073,-27.499,31.882,168.261,0.1553,0.0068,0.9751,1.709,-1.5869,-4.0283,-1.011,-7.932,65.286
2023-10-05 01:36:05.006554,-0.7563,0.479,1.0864,73.9746,-235.5957,-333.9844,-33.096,3.549,153.979,0.1289,-0.0664,0.9756,-3.54,-0.4883,-7.6294,-1.236,-7.471,64.336
2023-10-05 01:36:05.106820,0.9316,3.3022,-0.4507,-337.5244,-76.416,-24.8413,-49.076,-25.675,145.997,0.0791,-0.0269,1.0249,-0.9766,4.6997,3.2349,-1.225,-7.009,64.391
2023-10-05 01:36:05.207125,-0.1587,2.207,0.5674,318.9087,198.8525,208.6792,-29.218,-3.966,150.991,0.1221,-0.0444,0.9526,1.9531,0.9766,7.0801,-1.456,-6.932,64.819
2023-10-05 01:36:05.307395,-0.502,-0.5698,1.1377,-161.2549,192.5049,281.5552,-42.363,27.603,162.026,0.1455,-0.0229,0.9795,-1.0986,-3.1128,-1.5869,-1.258,-7.196,64.973
2023-10-05 01:36:05.407715,0.6533,2.4868,0.2949,-560.2417,-38.0249,-160.3394,-20.781,29.811,168.338,0.1279,-0.002,1.0107,3.8452,-0.4272,-3.2959,-1.126,-7.531,64.792
2023-10-05 01:36:05.507978,-0.3364,0.4019,0.9502,135.8032,-161.9873,-301.4526,-42.001,2.0,154.446,0.1299,-0.0645,0.9683,-0.3052,-3.1128,-1.4038,-1.274,-7.46,64.286
2023-10-05 01:36:05.608288,0.5708,2.3188,0.4692,-296.5088,-56.7627,-147.2778,-53.553,-25.032,145.712,0.1328,-0.0059,1.0112,-2.5024,-0.4272,5.9814,-1.296,-7.394,64.572
2023-10-05 01:36:05.708559,0.6328,1.1685,0.2705,447.876,144.5312,219.2383,-44.154,-11.915,147.931,0.1494,-0.0322,0.9829,8.5449,-9.2773,-0.7324,-1.126,-7.773,64.88
2023-10-05 01:36:05.808841,-0.1592,0.3423,0.9321,-105.1636,157.5928,287.9028,-45.857,17.26,156.281,0.1431,-0.0293,0.9824,-2.1973,0.7935,-1.6479,-1.027,-7.663,64.869
2023-10-05 01:36:05.909113,-1.0732,-1.3281,1.5308,679.0161,-49.0723,-34.4238,-40.078,29.081,162.581,0.1328,-0.0273,0.9922,0.2441,0.5493,-2.5024,-1.154,-7.537,64.677
2023-10-05 01:36:06.009393,-0.54,-1.0894,1.5488,183.7769,-177.8564,-307.0068,-36.085,9.256,155.918,0.0967,-0.0288,1.0137,-3.1738,4.0283,-8.0566,-1.143,-7.119,64.094
2023-10-05 01:36:06.109747,0.7183,3.0356,-0.418,-135.3149,-137.2681,-116.2109,-38.908,-22.588,144.783,0.1357,-0.0049,0.999,2.6855,-0.3662,7.9346,-1.285,-7.256,64.188
2023-10-05 01:36:06.210075,0.1562,1.5361,0.269,181.0303,216.9189,214.1113,-39.424,-7.646,148.228,0.1377,-0.0225,0.9785,-2.3804,-0.3052,4.3945,-1.39,-7.3,64.913
2023-10-05 01:36:06.310334,-0.9131,-0.5488,1.271,-309.3872,172.3633,245.1782,-46.121,23.055,153.677,0.1387,-0.0078,0.9941,1.3428,-2.9907,-1.0376,-1.219,-7.52,65.116
2023-10-05 01:36:06.410611,1.0654,4.7471,-1.0376,3.1128,-77.5757,161.5601,-4.922,28.328,167.404,0.1401,-0.0073,0.9971,0.6104,0.4272,-4.9438,-1.066,-7.723,64.847
2023-10-05 01:36:06.510890,-0.5889,0.397,0.8262,328.4912,-173.7671,-309.8755,-50.021,1.318,151.534,0.127,-0.0786,0.9902,-2.8076,0.2441,-4.5776,-1.351,-7.504,64.034
2023-10-05 01:36:06.611171,0.7573,3.167,-0.2891,-258.1177,-39.978,-25.2686,-53.399,-24.483,147.931,0.0913,-0.0151,0.9946,-0.9766,0.9766,7.3853,-1.384,-7.229,64.363
2023-10-05 01:36:06.711457,0.2671,1.3052,0.5283,423.8892,186.6455,197.937,-36.178,-5.372,149.117,0.1914,-0.0215,0.9531,2.6245,-4.6997,4.2725,-1.395,-7.224,64.847
2023-10-05 01:36:06.811745,-0.8574,-0.6987,1.1479,-375.4272,147.3389,285.1562,-50.279,27.136,157.709,0.1401,-0.0215,0.9932,0.1831,-1.1597,-1.0986,-1.143,-7.553,65.028
2023-10-05 01:36:06.912040,-0.3545,-0.3364,1.1626,482.3608,-87.4023,-46.4478,-30.092,32.003,161.147,0.1548,-0.0034,0.9897,-0.9155,2.1362,-3.7231,-1.093,-7.718,64.808
2023-10-05 01:36:07.012336,-0.228,0.6162,0.814,-0.3662,-241.394,-307.373,-33.547,5.136,151.804,0.1089,-0.0591,0.9761,-1.9531,-0.1221,-5.4932,-1.395,-7.24,64.111
2023-10-05 01:36:07.112637,0.5859,2.4185,0.3467,-151.123,-92.3462,-102.417,-55.113,-23.242,144.778,0.1255,-0.0107,1.0044,2.8076,-3.9062,5.5542,-1.241,-7.267,64.314
2023-10-05 01:36:07.212942,0.5205,0.9424,0.2896,334.9609,148.8647,249.7559,-52.833,-7.443,146.827,0.1465,-0.0171,0.9766,0.061,1.5869,4.3945,-1.329,-7.377,64.83
2023-10-05 01:36:07.313249,-0.8921,-0.1118,1.5903,-176.2085,190.1245,216.7358,-41.699,25.439,152.677,0.1421,-0.02,0.9854,-0.3052,-0.7935,-1.5259,-1.28,-7.432,64.918
2023-10-05 01:36:07.413546,-0.1514,1.6992,1.0742,-603.4546,-9.3384,-161.3159,-25.038,30.168,158.615,0.1333,-0.0078,0.9995,1.5869,0.6714,-1.3428,-1.165,-7.487,64.775
2023-10-05 01:36:07.513844,-0.2603,-0.3711,0.98,41.4429,-154.48,-334.7778,-46.417,3.829,147.563,0.1182,-0.0527,0.9775,-1.2817,-2.3193,-4.2114,-1.346,-7.278,64.155
2023-10-05 01:36:07.614127,0.5981,1.8506,0.0811,-263.1226,-69.0308,-82.3975,-51.015,-20.16,143.036,0.105,-0.0283,1.0029,-0.061,-0.2441,4.8828,-1.351,-7.196,64.385
2023-10-05 01:36:07.714422,0.4849,1.4336,0.1016,263.5498,209.1675,214.5996,-33.387,-3.351,145.942,0.1538,-0.0259,0.9673,1.5259,-1.77,4.2725,-1.285,-7.366,64.918
2023-10-05 01:36:07.814697,-1.8193,-2.5083,2.0449,-529.9683,41.626,102.5391,-55.876,24.241,150.749,0.1694,-0.0166,0.9741,1.1597,0.1221,-0.5493,-1.077,-7.789,64.99
2023-10-05 01:36:07.914956,-0.188,-0.0645,1.1694,466.3696,-214.5996,-41.3818,-17.759,12.299,153.474,0.1372,0.022,1.02,-3.9062,7.8125,-7.019,-0.95,-7.526,64.77
2023-10-05 01:36:08.015217,0.3394,1.582,-0.0791,-208.4351,-184.9365,-252.9297,-46.708,-20.198,141.888,0.1304,-0.0581,0.981,2.3193,0.4883,-0.4272,-1.417,-7.366,64.177
2023-10-05 01:36:08.115480,0.2485,1.6465,0.4268,113.8916,152.4048,187.6831,-47.878,-13.233,144.097,0.125,-0.0122,0.9971,-2.4414,-3.8452,6.7139,-1.329,-7.339,64.589
2023-10-05 01:36:08.215740,-0.1968,0.2163,0.6284,-61.4624,172.4854,268.8599,-45.549,14.464,149.255,0.1304,0.0,1.0093,-0.5493,0.3052,-0.6714,-1.263,-7.273,64.951
2023-10-05 01:36:08.316002,-0.646,-0.7544,1.0293,1026.1841,-93.6279,192.3828,-9.525,27.944,156.94,0.1431,-0.0317,0.98,1.3428,1.2817,-1.6479,-1.236,-7.454,64.726
2023-10-05 01:36:08.416270,-0.1533,-1.0679,1.2817,51.6357,-76.5991,-255.3711,-53.256,10.464,147.409,0.1016,-0.043,1.0024,-3.7231,-0.1831,-5.127,-1.198,-7.273,64.347
2023-10-05 01:36:08.516532,0.3691,1.5503,0.5532,-214.5996,-117.1875,-195.4346,-58.162,-18.94,140.894,0.1328,-0.0073,1.0093,1.2207,0.2441,4.5776,-1.241,-7.465,64.407
2023-10-05 01:36:08.616792,0.4565,1.0718,0.3462,283.9355,146.9727,217.7124,-48.076,-8.366,143.289,0.1406,-0.0259,0.9731,1.0986,-1.0986,4.2725,-1.351,-7.559,64.869
2023-10-05 01:36:08.717054,-1.2671,-1.7778,1.6724,-375.2441,95.7031,184.2041,-50.065,21.357,147.838,0.1392,-0.0259,0.9912,-2.4414,-3.2959,0.5493,-1.066,-8.102,65.105
2023-10-05 01:36:08.817333,-0.1719,-0.9736,1.2563,516.8457,-135.8032,-11.8408,-25.955,22.407,152.957,0.1533,0.0034,1.0034,-1.3428,6.897,-3.3569,-1.066,-7.855,64.836
2023-10-05 01:36:08.917596,0.3525,0.8691,0.2554,-371.2158,-205.6274,-263.9771,-31.987,-2.736,144.679,0.1211,-0.0752,0.9805,-3.479,1.2207,-5.8594,-1.483,-7.339,64.122
2023-10-05 01:36:09.017861,0.4644,2.1528,0.2251,-315.8569,-15.7471,6.6528,-47.961,-21.83,138.878,0.0874,-0.0015,0.9912,4.2725,0.1831,5.5542,-1.472,-7.026,64.325
2023-10-05 01:36:09.118124,0.458,0.8706,0.5215,225.769,156.6772,234.375,-47.175,-4.73,142.767,0.1401,-0.0239,0.9888,0.1221,0.6714,4.7607,-1.489,-7.026,64.797
2023-10-05 01:36:09.218383,-1.1572,-0.5146,1.8569,-260.0708,117.8589,166.748,-38.919,23.901,149.65,0.123,-0.0259,0.9912,-0.1221,-4.6387,0.4272,-1.445,-7.196,65.017
2023-10-05 01:36:09.318667,-0.1968,-0.5156,1.3184,-784.9731,-104.0039,-214.8438,-27.021,23.291,153.517,0.1709,0.0015,1.0093,0.6714,-0.4883,-2.0752,-1.236,-7.646,64.935
2023-10-05 01:36:09.418923,-0.4028,0.2212,0.8296,204.7729,-173.3398,-287.7197,-40.891,-1.263,143.525,0.1304,-0.0674,0.9814,-2.7466,-2.9907,-4.2725,-1.302,-7.454,64.424
2023-10-05 01:36:09.519199,0.376,0.0425,0.4888,-193.6646,-2.4414,31.189,-62.106,-23.445,137.565,0.1123,-0.0186,0.9961,-1.9531,5.5542,3.3569,-1.45,-7.295,64.473
2023-10-05 01:36:09.619477,0.3721,1.2998,0.5103,251.8921,160.8887,223.7549,-44.445,-6.438,139.081,0.1377,-0.022,0.9956,0.4272,-0.1221,1.77,-1.467,-7.3,64.704
2023-10-05 01:36:09.719777,-0.3745,0.0801,1.1338,-196.3501,164.6118,237.854,-46.049,23.818,146.014,0.123,-0.0156,1.002,-1.1597,1.0376,0.0,-1.274,-7.657,64.715
2023-10-05 01:36:09.820257,-0.7705,-0.9512,0.8647,1603.6987,-167.4194,154.48,0.115,28.01,156.709,0.1255,-0.0112,0.9829,-0.1221,0.3662,-1.709,-1.225,-7.674,64.698
2023-10-05 01:36:09.920542,-0.3013,-1.0234,1.0293,-175.8423,-213.501,-316.2842,-39.628,2.714,141.861,0.1265,-0.0811,0.9775,-3.1738,-0.5493,-3.7231,-1.417,-7.449,64.226
2023-10-05 01:36:10.020825,0.707,3.4707,-0.4062,-36.9263,-93.3228,-69.2139,-39.76,-24.681,135.544,0.1318,-0.0225,1.0176,-2.9907,2.8076,2.8687,-1.368,-7.377,64.319
2023-10-05 01:36:10.121111,0.333,1.9097,0.0093,171.2646,233.2153,169.3115,-31.223,-7.74,137.593,0.1479,-0.0156,0.9878,0.1831,1.5259,4.2725,-1.379,-7.509,64.803
2023-10-05 01:36:10.221409,-0.4331,-0.9624,1.1489,-196.5942,156.6162,248.4131,-48.631,22.83,143.443,0.1333,-0.022,0.9893,-0.3662,-0.4883,-3.2349,-1.307,-7.542,64.803
2023-10-05 01:36:10.321708,1.0728,4.8813,0.0718,-377.9907,-68.4814,-119.9341,-9.053,25.12,153.32,0.1162,-0.001,0.9854,2.3804,1.0986,0.061,-1.208,-7.515,64.693
2023-10-05 01:36:10.421998,-0.5684,1.6772,0.3379,434.2651,-224.3042,-283.9966,-39.968,-3.175,139.235,0.1309,-0.0547,0.9727,1.77,-3.7231,-2.0142,-1.269,-7.432,64.248
2023-10-05 01:36:10.522294,0.3081,0.2856,0.1104,-62.6221,28.5645,82.2754,-56.722,-19.803,136.126,0.1069,-0.0244,0.9795,-0.5493,-0.7935,5.5542,-1.434,-7.202,64.413
2023-10-05 01:36:10.622611,-0.2168,0.8657,0.791,31.3721,204.834,269.165,-40.018,7.69,138.62,0.1484,-0.001,0.9893,6.3477,-15.0146,4.3945,-1.335,-7.416,65.039
2023-10-05 01:36:10.722936,-1.6235,-3.6831,1.7563,-153.5645,-36.3159,123.4741,-57.827,32.146,146.305,0.1836,-0.0127,0.9692,2.1362,1.2207,-2.9297,-0.95,-8.02,64.88
2023-10-05 01:36:10.823270,-0.0181,0.687,0.8433,-573.3643,-86.853,-225.0977,-24.999,23.467,146.349,0.1367,-0.0205,1.0161,-3.7842,5.0659,-7.2632,-1.011,-7.646,64.539
2023-10-05 01:36:10.923560,0.1997,1.3623,0.1685,-329.6509,-135.6812,-292.9688,-49.515,-5.641,133.786,0.0986,-0.0356,0.9927,2.8687,-0.9766,0.3052,-1.384,-7.405,64.193
2023-10-05 01:36:11.023851,0.3369,1.2134,0.4253,-164.7949,7.2632,84.8389,-65.814,-16.007,132.138,0.1313,-0.0088,0.9888,-1.0986,-1.4038,4.9438,-1.28,-7.372,64.495
2023-10-05 01:36:11.124135,0.1348,0.8047,0.9263,258.3008,131.5308,310.8521,-51.372,10.228,137.34,0.1299,-0.0068,1.0,1.6479,-1.6479,3.6011,-1.219,-7.427,65.006
2023-10-05 01:36:11.224460,-1.4912,-3.9595,2.1875,153.0151,-52.2461,68.0542,-43.544,30.998,146.882,0.1602,-0.0283,0.9917,3.6011,-12.085,-0.7324,-1.236,-7.745,65.045
2023-10-05 01:36:11.324827,-0.0669,-0.0874,1.332,-148.3154,-155.8228,-256.897,-35.041,14.749,144.185,0.1377,0.0229,1.0273,-8.9111,15.5029,-10.2539,-0.917,-7.767,64.501
2023-10-05 01:36:11.425127,0.2612,1.9976,0.5195,-215.4541,-98.877,-202.7588,-54.52,-15.705,132.748,0.1396,-0.0322,0.9844,0.3662,6.2256,2.9297,-1.489,-7.454,64.001
2023-10-05 01:36:11.525388,0.585,1.1958,0.1162,357.8491,107.9102,224.5483,-57.464,-12.849,134.324,0.1138,-0.02,0.9985,-1.1597,-3.0518,5.6152,-1.533,-7.163,64.704
2023-10-05 01:36:11.625643,-0.1807,0.9932,1.4443,-113.2202,186.3403,271.2402,-42.709,17.847,139.823,0.104,-0.0322,1.0073,4.0894,-6.958,0.1221,-1.439,-7.372,65.045
2023-10-05 01:36:11.725906,1.1631,3.9429,0.1543,-120.7275,-92.4683,-62.0117,-11.7,21.731,149.826,0.1455,-0.0181,0.9766,1.9531,1.8311,0.9766,-1.307,-7.685,65.132
2023-10-05 01:36:11.826162,-0.2319,1.293,0.646,238.3423,-168.6401,-255.7373,-43.737,-2.477,137.087,0.1191,-0.0625,0.9868,-4.2114,-3.8452,-7.2632,-1.417,-7.454,64.583
2023-10-05 01:36:11.926422,0.333,1.5767,0.3735,-300.2319,-3.1128,18.9209,-64.946,-20.945,132.946,0.1313,-0.0049,1.0044,0.7324,2.1362,1.0376,-1.357,-7.614,64.396
2023-10-05 01:36:12.026677,0.356,-0.0195,0.6919,333.8013,82.5195,291.5039,-69.598,-2.131,134.802,0.1431,-0.02,0.978,0.5493,1.4038,2.9907,-1.357,-7.553,64.594
2023-10-05 01:36:12.126934,-1.2549,-1.7153,1.7642,-359.7412,38.7573,137.146,-55.206,26.472,138.164,0.1484,-0.0264,0.9819,0.8545,-0.3052,-0.4272,-1.088,-7.844,64.583
2023-10-05 01:36:12.227198,0.1831,1.2925,0.8716,-367.3096,-84.2896,-183.4717,-32.157,22.95,143.855,0.1074,0.0049,1.0161,-7.1411,11.9629,-1.1597,-1.176,-7.284,64.616
2023-10-05 01:36:12.327457,-0.167,1.4351,0.5156,30.2124,-111.5112,-289.3677,-55.948,-5.559,131.303,0.1401,-0.0571,0.9756,2.1973,-2.6855,0.1221,-1.428,-7.35,64.308
2023-10-05 01:36:12.427719,0.2407,-0.5703,0.6714,-129.1504,-17.0288,115.2344,-75.954,-18.479,130.386,0.1416,-0.0054,0.9941,0.2441,-4.8218,5.5542,-1.346,-7.438,64.666
2023-10-05 01:36:12.527985,0.0044,0.9834,0.8232,154.2969,164.3677,284.5459,-53.849,6.35,131.38,0.1562,0.0073,0.9927,1.9531,0.6104,0.4883,-1.208,-7.773,65.001
2023-10-05 01:36:12.628255,-0.853,-6.0703,2.7021,868.6523,-57.4951,59.021,-59.914,26.071,135.84,0.1567,-0.0327,0.9727,-2.2583,3.2959,-1.8921,-1.296,-7.712,64.803
2023-10-05 01:36:12.728521,-0.1694,-1.3047,1.4736,-537.0483,-122.1924,-307.251,-55.613,15.551,136.384,0.1138,0.0156,1.02,0.6104,0.3052,-4.4556,-0.989,-7.581,64.561
2023-10-05 01:36:12.828780,0.1821,2.3203,0.3589,-122.0093,-95.9473,-163.147,-58.167,-17.902,129.781,0.1396,-0.0488,0.999,0.0,0.6714,2.4414,-1.395,-7.515,64.204
2023-10-05 01:36:12.929045,0.333,0.0254,0.5522,40.7104,52.2461,177.3071,-73.306,-15.167,130.446,0.1367,0.0122,1.0044,-0.061,-0.6714,3.9062,-1.368,-7.416,64.6
2023-10-05 01:36:13.029343,-0.0889,0.7524,1.0088,248.0469,187.439,298.8281,-48.593,15.095,130.106,0.2378,-0.0107,0.958,0.4883,-11.1694,0.8545,-1.335,-7.685,64.863
2023-10-05 01:36:13.129619,-1.5884,-3.3955,1.7295,-294.6777,-29.1748,71.7773,-61.386,38.227,135.829,0.1597,0.0059,0.9932,-0.8545,3.7842,-0.9155,-0.95,-8.234,64.671
2023-10-05 01:36:13.229895,-0.4551,-0.6807,1.3955,-541.3818,-128.9062,-299.3774,-44.775,25.708,135.181,0.1113,-0.0161,1.0137,-3.1738,2.1362,-7.9346,-1.241,-7.372,64.402
2023-10-05 01:36:13.330174,-0.0479,1.2334,0.5186,-142.8833,-149.231,-285.7056,-52.004,-7.57,128.776,0.1372,-0.0352,1.0078,0.5493,0.061,2.3804,-1.384,-7.432,64.078
2023-10-05 01:36:13.430487,0.6094,0.6548,0.1963,393.6768,100.4639,230.6519,-61.611,-9.113,129.337,0.1431,-0.0044,0.9995,-0.6104,-2.1973,6.6528,-1.401,-7.515,64.633
2023-10-05 01:36:13.530786,-0.5938,0.457,1.2324,-276.9775,195.7397,241.9434,-44.203,21.385,130.551,0.1567,0.0103,1.001,0.4883,-2.6245,1.0376,-1.132,-7.96,65.099
2023-10-05 01:36:13.631147,0.4224,1.1597,-0.9736,721.1304,-171.6309,277.6489,-24.252,31.685,138.785,0.1685,-0.0142,0.9775,-0.061,3.54,-0.9766,-1.203,-7.976,65.012
2023-10-05 01:36:13.731480,-0.5127,0.5532,0.6636,255.7373,-166.5649,-354.6753,-53.877,6.048,131.127,0.1143,-0.0596,0.9917,-5.8594,0.4272,-8.7891,-1.258,-7.564,64.457
2023-10-05 01:36:13.831797,0.3506,-0.0132,0.0337,-454.5288,-10.5591,-2.6855,-61.655,-19.858,129.177,0.1035,-0.0327,0.9917,0.6104,1.0376,2.9297,-1.434,-7.586,64.056
2023-10-05 01:36:13.932105,0.1138,1.5547,0.4038,215.7593,201.6602,242.7368,-44.088,0.78,127.678,0.1216,-0.0015,0.9712,1.8921,-3.9673,3.9062,-1.335,-7.646,64.605
2023-10-05 01:36:14.032404,-1.1528,-1.1812,1.6221,-162.1704,106.2622,196.8994,-58.178,30.707,131.616,0.1484,-0.0254,0.9888,-0.1221,-1.0376,-0.5493,-1.176,-7.894,64.775
2023-10-05 01:36:14.132708,-0.2627,-1.3521,1.6528,416.687,-197.8149,-33.6304,-32.305,30.048,137.186,0.1519,-0.021,0.9883,0.061,4.5166,-0.6104,-1.044,-7.987,64.797
2023-10-05 01:36:14.233003,-0.1646,1.5444,0.2104,-189.7583,-200.6836,-314.6973,-44.16,-1.395,128.864,0.0791,-0.0674,0.9819,-3.6621,-3.9062,-5.6152,-1.39,-7.278,64.286
2023-10-05 01:36:14.333329,-0.0278,-0.0249,0.6172,-180.9692,15.4419,125.6104,-72.751,-18.484,126.194,0.1396,-0.0112,1.0112,3.2349,2.0752,6.5918,-1.428,-7.454,64.473
2023-10-05 01:36:14.433618,0.0225,1.1709,0.7759,355.5298,192.0166,279.4189,-53.042,8.443,127.123,0.1382,-0.0044,0.9688,0.2441,-0.6104,3.8452,-1.362,-7.581,65.072
2023-10-05 01:36:14.533898,-1.4771,-2.0508,2.2178,153.4424,75.1953,130.127,-45.978,37.738,129.732,0.1533,-0.042,0.9766,-0.6714,-1.0376,-2.3193,-1.318,-7.641,64.94
2023-10-05 01:36:14.634161,-0.1025,-1.3799,1.4849,-404.48,-109.5581,-150.1465,-47.933,37.304,133.951,0.1313,-0.0063,1.0103,0.3052,0.2441,-1.5869,-1.192,-7.663,64.891
2023-10-05 01:36:14.734487,-0.543,1.2808,0.4106,182.6172,-214.9048,-312.0117,-47.741,8.086,129.551,0.1543,-0.04,0.9824,0.1221,-1.5259,-1.77,-1.357,-7.668,64.38
2023-10-05 01:36:14.834973,0.2793,1.9263,0.1445,24.9634,-7.7515,3.2959,-56.865,-18.441,125.134,0.1201,-0.0225,1.0083,-0.7935,2.6855,2.7466,-1.384,-7.603,64.517
2023-10-05 01:36:14.935226,0.3843,2.3535,-0.1167,111.8164,236.8164,270.1416,-38.958,2.675,126.606,0.2212,-0.0073,1.0132,9.5825,-13.5498,3.2349,-1.132,-8.031,64.841
2023-10-05 01:36:15.035500,-1.0703,-1.2349,1.3691,-239.7461,110.5347,251.5869,-58.387,36.705,131.655,0.1328,-0.0269,0.9785,-0.1221,-1.0986,-1.3428,-1.126,-7.745,64.83
2023-10-05 01:36:15.135765,0.4058,0.9458,0.2554,308.2886,-199.2798,49.8657,-22.088,40.27,142.35,0.1245,0.0049,1.0044,-0.9155,3.54,-1.0986,-1.17,-7.542,64.792
2023-10-05 01:36:15.236020,-0.1094,1.6855,-0.0059,20.0806,-244.3848,-258.667,-35.486,13.705,131.918,0.1514,-0.0767,0.9629,-2.1362,-2.5024,-1.8311,-1.417,-7.515,64.369
2023-10-05 01:36:15.336336,0.6904,3.4141,-0.4346,-172.5464,-73.9136,7.4463,-57.387,-11.865,125.903,0.1206,-0.0146,1.0137,-0.6104,2.0142,3.2349,-1.357,-7.482,64.468
2023-10-05 01:36:15.436603,0.2437,1.2085,0.2437,420.8984,182.251,260.7422,-55.349,6.119,127.068,0.1465,-0.0249,0.979,-0.1221,2.1973,4.3335,-1.368,-7.487,64.929
2023-10-05 01:36:15.536923,-1.0698,0.395,1.0801,-362.9761,199.1577,210.144,-48.56,38.969,127.37,0.1289,-0.0327,0.9888,-1.6479,1.2817,-2.5024,-1.434,-7.278,64.929
2023-10-05 01:36:15.637128,0.9644,5.0278,-0.3481,-472.5342,-65.918,-139.2822,-4.312,44.648,142.938,0.1187,-0.0137,0.9912,2.5635,2.0752,0.3662,-1.384,-7.224,64.907
2023-10-05 01:36:15.737394,-0.6699,0.8096,0.7217,403.8696,-221.6797,-272.7661,-46.055,19.017,130.358,0.124,-0.0664,0.9771,-3.1738,-2.6855,-3.9673,-1.582,-7.086,64.391
2023-10-05 01:36:15.837681,0.5181,2.4565,0.2563,-60.1196,-28.5645,-36.1328,-59.744,-5.944,128.101,0.1025,-0.02,1.0117,0.6714,1.0376,3.6011,-1.439,-6.993,64.545
2023-10-05 01:36:15.937944,0.4287,2.02,-0.061,340.7593,201.4771,228.7598,-44.236,14.496,128.661,0.1533,-0.0469,0.9868,10.1929,-10.9863,2.7466,-1.34,-7.548,64.973
2023-10-05 01:36:16.038201,-1.1416,-1.1416,1.3237,-293.6401,96.7407,207.7026,-65.297,44.511,129.485,0.1484,-0.0171,0.9727,-0.3662,-2.9297,-1.77,-1.241,-7.63,65.116
2023-10-05 01:36:16.138459,-0.1572,0.2368,1.1636,328.125,-154.4189,11.4746,-19.677,43.973,139.054,0.1235,-0.0063,0.9902,-0.8545,3.6011,-4.9438,-1.198,-7.515,64.742
2023-10-05 01:36:16.238726,-0.3066,0.6328,0.6763,-80.7495,-230.1636,-313.6597,-43.561,14.255,127.93,0.1167,-0.062,0.9829,-1.6479,-4.3945,-3.479,-1.555,-7.048,64.177
2023-10-05 01:36:16.339033,0.2388,1.5,0.5674,-130.0049,-47.1802,8.4839,-65.402,-8.514,126.178,0.0991,-0.019,0.998,2.1362,-3.1738,3.9062,-1.494,-7.059,64.374
2023-10-05 01:36:16.439332,-0.042,1.2529,0.855,-8.1787,141.4185,298.1567,-59.524,13.173,129.183,0.1689,-0.0122,0.9722,0.061,1.0376,6.2256,-1.406,-7.399,64.825
2023-10-05 01:36:16.539613,-1.1431,-1.4487,1.8535,60.3027,166.9922,185.9131,-55.679,46.335,128.947,0.1309,-0.0425,0.9893,-1.8921,0.9766,-1.4038,-1.472,-7.207,64.99
2023-10-05 01:36:16.639893,-0.0386,-2.0317,1.2793,-622.7417,-106.5674,-179.8096,-46.873,47.23,132.638,0.1074,-0.0137,0.9932,2.3804,0.5493,-3.6011,-1.373,-7.141,64.775
2023-10-05 01:36:16.740176,-0.1997,1.0464,0.5024,-57.9224,-207.2754,-302.4292,-46.093,20.446,129.479,0.1128,-0.0713,0.9736,-2.9297,-6.7139,-5.127,-1.516,-7.048,64.045
2023-10-05 01:36:16.840464,0.2764,2.1973,0.4653,-0.5493,-42.5415,6.897,-67.747,-6.608,125.2,0.123,-0.0005,1.0171,1.4648,1.5869,7.4463,-1.346,-7.218,64.495
2023-10-05 01:36:16.940762,0.1445,1.6626,0.8271,-2.8687,168.5791,234.6802,-51.257,12.87,125.887,0.2388,-0.0469,0.9414,12.2681,-5.6152,5.0659,-1.132,-7.85,64.94
2023-10-05 01:36:17.041059,-0.9312,-1.0024,1.5361,-176.2695,125.0,203.8574,-55.184,44.017,130.353,0.1216,-0.0249,0.9854,-1.8311,2.0752,-2.9297,-1.34,-7.482,64.896
2023-10-05 01:36:17.141391,-0.2959,0.2954,1.2007,183.5938,-130.3101,-89.4775,-41.666,44.456,133.325,0.1113,-0.0059,0.9956,1.1597,0.6714,-2.9907,-1.274,-7.383,64.633
2023-10-05 01:36:17.241686,-0.2559,0.1777,0.8643,-41.5649,-190.1855,-338.0737,-51.482,15.128,127.562,0.1157,-0.0659,0.9771,-4.8828,-1.8921,-1.709,-1.56,-7.015,64.243
2023-10-05 01:36:17.341993,0.3379,1.9248,0.0039,-165.7715,-11.1084,52.002,-69.291,-9.272,125.744,0.1274,-0.0181,0.9966,1.2207,-3.7842,4.6997,-1.434,-7.3,64.611
2023-10-05 01:36:17.442275,-0.0742,1.3174,0.7881,157.2876,131.2256,295.6543,-61.732,13.898,124.772,0.1582,-0.0293,0.9863,-0.4272,3.8452,1.3428,-1.434,-7.46,64.891
2023-10-05 01:36:17.542567,-1.3936,-3.4844,2.0625,222.4121,53.1616,144.5312,-66.72,44.841,126.238,0.1177,-0.0322,0.9873,-0.8545,2.4414,-2.3804,-1.533,-7.163,64.764
2023-10-05 01:36:17.642853,-0.1113,-2.1367,1.4668,-516.5405,-74.4019,-246.0938,-56.854,42.363,128.337,0.0962,0.0054,1.0083,1.8921,-1.8921,-2.9907,-1.154,-7.295,64.594
2023-10-05 01:36:17.743118,-0.0703,1.8247,0.2144,-325.9277,-214.7217,-342.1631,-50.944,10.871,125.458,0.127,-0.0518,0.9741,2.8687,-3.7842,1.0376,-1.489,-7.218,64.303
2023-10-05 01:36:17.843408,0.1191,-0.1494,0.29,-243.103,-34.2407,108.0933,-86.743,-8.767,126.392,0.1221,-0.0039,1.002,-0.5493,-1.709,4.4556,-1.467,-7.213,64.753
2023-10-05 01:36:17.943692,-0.207,0.9634,1.2236,108.7646,88.3789,321.4111,-72.949,16.556,123.409,0.1611,-0.0127,0.9902,3.6621,-1.8921,0.6714,-1.373,-7.531,65.039
2023-10-05 01:36:18.043952,-0.624,-2.3706,2.0557,402.2217,4.2114,110.3516,-68.126,40.172,126.617,0.1587,-0.0439,0.9839,1.8311,-3.7231,-2.2583,-1.263,-7.679,64.731
2023-10-05 01:36:18.144209,-0.5942,-2.354,1.9229,-134.5215,-108.1543,-276.4893,-61.117,26.658,128.249,0.0908,-0.0015,1.0239,-8.0566,10.2539,-3.7842,-1.137,-7.273,64.512
2023-10-05 01:36:18.244467,0.354,2.1499,0.2349,-519.7754,-120.2393,-280.9448,-68.978,-7.218,124.766,0.1177,-0.0298,0.9946,1.8311,0.1221,2.5024,-1.494,-7.289,64.457
2023-10-05 01:36:18.344729,0.563,0.3506,0.0825,388.7329,79.2847,221.0693,-76.608,-2.296,125.392,0.1592,-0.0059,0.9941,-0.6104,-4.2114,4.8218,-1.39,-7.592,64.907
2023-10-05 01:36:18.444997,-0.5303,0.3994,1.2876,-40.8325,190.5518,248.7793,-59.826,29.158,118.801,0.1372,-0.0078,1.0024,-0.4883,1.5869,-1.2817,-1.291,-7.729,65.204
2023-10-05 01:36:18.545324,-0.5874,-2.5581,-0.0229,1449.1577,-72.5708,254.8828,-30.646,47.488,124.129,0.144,-0.0205,0.9868,0.6714,2.1362,-3.54,-1.313,-7.592,64.814
2023-10-05 01:36:18.645622,-0.5327,-1.0801,1.1348,63.1714,-186.9507,-272.522,-63.743,24.988,121.289,0.0898,-0.0381,1.0234,-5.6763,3.479,-7.1411,-1.143,-7.399,64.292
2023-10-05 01:36:18.745972,0.3784,2.1123,0.1206,-205.8105,-104.9194,-146.5454,-68.994,-4.735,124.354,0.1245,-0.0171,1.0093,-0.8545,5.9814,4.9438,-1.439,-7.202,64.319
2023-10-05 01:36:18.846232,0.1714,0.5664,0.708,-36.9873,85.6934,222.7783,-79.948,5.422,123.668,0.1543,-0.0322,0.9917,-1.8921,-2.9297,4.4556,-1.527,-7.295,64.803
2023-10-05 01:36:18.946491,-0.4492,0.2046,1.4131,108.5205,193.4204,290.7104,-61.15,40.182,118.196,0.1348,0.0039,1.0122,0.5493,-1.0986,-0.061,-1.335,-7.603,65.16
2023-10-05 01:36:19.046751,-0.8403,-1.1553,1.8145,224.0601,-45.2271,27.6489,-59.156,56.992,119.037,0.1772,0.0107,0.981,-0.2441,2.5024,-0.061,-0.928,-8.328,64.797
2023-10-05 01:36:19.147019,-0.5605,-0.5605,1.1489,124.1455,-152.2827,-300.7202,-66.572,34.206,122.327,0.1035,-0.0537,0.9829,-2.3804,-1.4038,-7.2021,-1.527,-7.07,64.429
2023-10-05 01:36:19.247283,-0.0957,1.2231,0.8218,-59.021,-88.501,-310.3638,-75.976,-2.241,122.794,0.1045,-0.0298,1.0024,1.4648,-1.6479,5.3101,-1.615,-7.064,64.391
2023-10-05 01:36:19.347578,0.2065,-1.0332,0.5884,-75.9888,-4.7607,201.1719,-95.361,-3.389,126.019,0.1689,-0.0103,0.9883,-0.3662,-1.2207,2.5024,-1.533,-7.399,64.731
2023-10-05 01:36:19.447860,0.0234,1.3501,0.8623,329.4067,207.6416,313.7207,-57.722,27.697,119.114,0.1367,-0.0205,0.9907,-0.6714,3.7231,0.1221,-1.274,-7.762,64.929
2023-10-05 01:36:19.548123,-0.4536,0.0381,1.1035,59.4482,39.0625,123.5352,-45.901,47.758,121.668,0.1313,-0.0254,0.9863,-1.9531,4.3945,-1.0376,-1.461,-7.388,64.852
2023-10-05 01:36:19.648440,-0.4771,-0.9414,1.0596,-164.3066,-135.9863,-284.9731,-61.589,34.59,122.124,0.0972,-0.0176,1.0088,-1.8311,3.1128,-4.8218,-1.401,-7.092,64.545
2023-10-05 01:36:19.748725,0.0132,1.7163,0.3799,-82.3364,-128.6621,-253.6011,-66.577,0.005,120.679,0.1318,-0.0391,1.0,1.709,1.4038,0.8545,-1.439,-7.372,64.308
2023-10-05 01:36:19.849125,0.3716,0.6099,0.2139,168.2129,97.3511,228.4546,-78.041,-2.115,120.542,0.1426,-0.0088,0.9976,-0.9766,-2.6245,5.3101,-1.511,-7.3,64.759
2023-10-05 01:36:19.949399,-0.5532,0.6582,1.3345,-111.084,186.5845,313.7817,-66.0,31.031,114.077,0.1265,-0.0171,1.0039,5.0659,-9.8267,0.7324,-1.445,-7.542,65.132
2023-10-05 01:36:20.049677,-0.8091,-2.1987,1.7607,839.9658,-32.8979,49.7437,-66.791,50.839,116.005,0.166,-0.0254,0.9907,-1.77,3.7842,-4.5776,-1.011,-7.877,64.803
2023-10-05 01:36:20.149956,-0.4531,-1.0288,1.3574,-171.814,-145.6909,-305.7861,-60.244,34.514,119.355,0.103,-0.0552,1.0142,-4.9438,2.5635,-5.5542,-1.373,-7.108,64.303
2023-10-05 01:36:20.250234,0.2202,1.7373,0.6172,-243.9575,-114.1968,-238.4033,-68.708,1.577,120.07,0.1011,-0.0264,1.0005,0.7935,0.9155,4.8218,-1.593,-7.053,64.276
2023-10-05 01:36:20.350519,0.4189,-0.1343,0.5288,173.9502,55.7861,199.4629,-87.517,-0.011,120.322,0.1543,0.0029,0.9917,-0.1831,-4.2114,5.4321,-1.406,-7.278,64.836
2023-10-05 01:36:20.450809,-0.1328,1.1162,0.9375,106.6284,207.5806,257.1411,-63.561,29.048,112.132,0.1431,-0.02,0.9966,-0.9155,-0.2441,-1.2207,-1.39,-7.542,65.116
2023-10-05 01:36:20.551097,-0.9785,-4.4526,2.1729,1651.8555,-133.1177,130.6152,-47.422,43.978,113.472,0.147,-0.0005,0.9897,1.3428,0.3052,-0.8545,-1.329,-7.614,64.968
2023-10-05 01:36:20.651390,-0.4453,-2.2817,1.0869,-214.5386,-100.769,-336.1206,-81.107,25.823,114.34,0.1201,-0.0376,1.0073,-4.5776,2.4414,-8.3008,-1.236,-7.377,64.556
2023-10-05 01:36:20.751685,0.2915,3.3472,0.0693,-52.1851,-140.1978,-195.1294,-70.461,-8.113,119.559,0.0996,-0.0356,1.0005,0.6104,3.0518,0.6714,-1.45,-7.306,64.149
2023-10-05 01:36:20.851971,0.4902,0.2495,0.1362,476.9897,139.0991,265.4419,-77.888,3.961,117.422,0.167,0.0093,0.9937,2.3804,-13.3667,7.0801,-1.324,-7.548,64.677
2023-10-05 01:36:20.952270,-1.2729,-0.5962,1.7388,-324.9512,132.5684,240.7837,-78.854,36.92,106.913,0.1592,-0.0532,0.9829,0.4883,2.0752,1.8921,-1.192,-7.751,65.078
2023-10-05 01:36:21.052556,-0.0278,-0.6826,1.168,204.1626,-138.1226,-87.5244,-60.925,36.134,113.901,0.144,0.02,1.0044,2.8687,1.4038,-1.0986,-0.95,-7.883,65.143
2023-10-05 01:36:21.152841,-0.0005,1.3896,0.1514,-336.1206,-220.0317,-302.9175,-58.7,5.713,117.625,0.1265,-0.0625,0.9536,-1.0376,-3.9062,-4.0283,-1.45,-7.493,64.534
2023-10-05 01:36:21.253125,0.313,0.73,0.4761,-308.8379,8.3008,79.1626,-91.225,-7.421,119.669,0.1357,-0.022,1.0083,-0.3052,-2.3804,2.1973,-1.324,-7.526,64.578
2023-10-05 01:36:21.353406,-0.1865,0.834,1.0713,100.647,131.0425,312.3169,-80.793,19.336,112.429,0.125,-0.0195,0.9785,1.8921,2.6245,5.7983,-1.412,-7.542,64.973
2023-10-05 01:36:21.453665,-1.3779,-3.4844,2.4331,1001.8921,-23.4985,75.6836,-49.092,42.039,109.611,0.1416,-0.0234,0.9839,-0.9766,-0.061,-1.8311,-1.39,-7.526,65.067
2023-10-05 01:36:21.553924,-0.2949,-1.7749,1.4307,-276.8555,-102.478,-217.5903,-71.027,32.13,113.104,0.1235,0.0132,1.0171,0.1221,2.3193,-3.7231,-1.137,-7.41,64.841
2023-10-05 01:36:21.654194,0.0,2.0347,0.2632,-125.6104,-195.9229,-288.269,-65.05,-0.615,116.241,0.1357,-0.0537,0.9824,2.8687,0.5493,1.5259,-1.511,-7.399,64.418
2023-10-05 01:36:21.754470,0.1714,-0.4351,0.7749,67.627,20.874,154.9072,-89.396,-7.756,117.675,0.1006,0.0039,1.0083,4.6997,-9.8877,2.0142,-1.291,-7.383,64.94
2023-10-05 01:36:21.854788,-0.0425,1.1704,0.9224,210.3271,164.3066,299.3164,-66.989,19.693,109.38,0.146,-0.0181,0.9912,0.7935,3.2959,1.8921,-1.143,-7.762,65.237
2023-10-05 01:36:21.955048,-1.9219,-3.7563,0.9819,-529.541,-42.7246,120.1782,-92.933,45.357,107.325,0.1592,-0.0278,0.98,0.6104,-0.5493,-3.1128,-1.132,-7.784,65.061
2023-10-05 01:36:22.055311,-0.3579,0.0913,0.979,304.5654,-227.5391,-3.7842,-39.468,40.369,117.795,0.1099,-0.0146,1.0171,-2.1973,7.019,-6.1035,-1.022,-7.635,64.753
2023-10-05 01:36:22.155576,-0.1665,1.1772,0.1421,16.7236,-214.2334,-307.9224,-62.172,2.889,116.274,0.1245,-0.043,0.999,1.6479,1.0986,0.3662,-1.472,-7.147,64.281
2023-10-05 01:36:22.255839,0.0,-0.6934,0.5967,-165.2832,14.4653,194.1528,-82.903,-4.175,120.037,0.1128,-0.0107,1.0015,2.0142,-4.1504,5.249,-1.45,-7.119,64.808
2023-10-05 01:36:22.356109,-0.3296,0.373,0.668,-171.4478,187.3779,261.5967,-70.944,25.664,111.171,0.1396,0.0088,1.0029,1.5869,2.3193,4.9438,-1.335,-7.372,65.495
2023-10-05 01:36:22.456382,-1.4492,-1.9702,2.5527,286.5601,0.8545,128.6011,-68.549,51.273,105.848,0.165,-0.0322,0.979,2.0142,-0.6104,-3.54,-1.335,-7.449,65.325
2023-10-05 01:36:22.556658,-0.2207,-1.5474,1.3145,-161.8042,-85.9985,-233.3374,-76.564,42.231,111.671,0.1094,-0.021,1.0186,-0.3662,2.5024,-5.0659,-1.198,-7.317,65.012
2023-10-05 01:36:22.656935,-0.1016,1.6934,0.3096,-33.8745,-185.4248,-315.7349,-62.595,9.113,116.098,0.1411,-0.0381,0.9814,1.709,0.0,2.0752,-1.511,-7.278,64.715
2023-10-05 01:36:22.757207,0.2505,0.6323,0.4712,-34.9731,19.5923,123.4131,-82.947,-5.142,116.032,0.1255,-0.002,0.9976,-0.8545,-3.9673,2.6855,-1.428,-7.152,65.121
2023-10-05 01:36:22.857497,-0.1235,0.9746,0.8882,-51.8188,153.3203,301.5747,-67.253,21.797,113.89,0.2085,0.0391,0.9707,-0.4883,3.1738,1.2207,-0.961,-8.026,65.204
2023-10-05 01:36:22.957803,-1.5913,-1.917,0.4468,-443.7866,34.9121,177.9785,-87.056,48.082,112.297,0.1504,-0.0288,0.9775,-2.7466,3.418,-1.0376,-1.23,-7.718,65.034
2023-10-05 01:36:23.058080,-0.0679,-0.8052,1.1499,568.8477,-204.7119,6.8359,-34.327,43.781,123.365,0.0894,-0.0078,0.999,0.1221,1.5869,-3.6621,-1.263,-7.443,64.951
2023-10-05 01:36:23.158402,0.1514,1.2222,0.1172,-345.7642,-170.5322,-382.8735,-62.798,7.789,115.626,0.1323,-0.0581,0.9858,1.0986,-3.0518,0.4883,-1.456,-7.306,64.523
2023-10-05 01:36:23.258685,-0.0845,0.8364,0.4741,-436.7065,0.9766,70.2515,-87.017,-7.245,115.505,0.1182,0.0166,1.0137,1.5259,-2.1973,4.1504,-1.357,-7.344,64.924
2023-10-05 01:36:23.358963,0.2627,0.5957,0.6602,171.5698,143.1885,296.1426,-71.691,20.885,112.072,0.1431,-0.02,0.9761,1.4038,3.6011,2.0142,-1.406,-7.41,65.248
2023-10-05 01:36:23.459290,-1.3813,-1.8105,1.2705,-501.4038,42.7856,110.7178,-83.013,46.406,106.238,0.1387,-0.043,0.9775,1.3428,-3.3569,-1.6479,-1.417,-7.432,65.132
2023-10-05 01:36:23.559504,-0.355,-1.103,1.6885,-407.6538,-107.4829,-226.5625,-66.758,43.094,111.292,0.1094,-0.0098,1.0044,0.2441,0.5493,-2.8076,-1.307,-7.355,64.984
2023-10-05 01:36:23.659852,-0.4326,1.4941,0.6104,26.2451,-180.2368,-385.5591,-66.022,6.251,112.747,0.126,-0.0522,0.9844,0.3662,-2.2583,-1.77,-1.456,-7.328,64.523
2023-10-05 01:36:23.760148,0.1948,-0.2847,0.5161,24.4141,10.8032,170.4712,-87.248,-3.999,115.752,0.1084,-0.0083,1.02,0.6104,-0.7324,4.0283,-1.368,-7.262,64.874
2023-10-05 01:36:23.860622,-0.3882,0.4502,0.8901,-172.3633,102.6001,312.1338,-78.387,24.505,110.374,0.1484,-0.0142,0.9966,4.5166,-0.7324,3.418,-1.357,-7.471,65.259
2023-10-05 01:36:23.960949,-1.3276,-3.5967,1.4712,-14.5264,-27.71,92.2852,-91.648,48.307,107.562,0.1353,-0.0239,0.9927,-0.2441,-3.0518,-1.1597,-1.011,-7.998,65.204
2023-10-05 01:36:24.061272,-0.7285,-1.5425,1.6025,-251.2207,-61.5234,-309.2041,-67.797,36.738,109.655,0.1182,0.0137,1.0132,-8.0566,12.9395,-2.3193,-1.027,-7.592,64.951
2023-10-05 01:36:24.161585,-0.1528,0.4766,1.2046,-332.7637,-54.2603,-332.1533,-83.655,0.95,108.638,0.1333,-0.0508,0.9702,1.4038,-1.8921,-1.77,-1.461,-7.449,64.49
2023-10-05 01:36:24.261864,0.312,-0.144,0.7725,11.7188,9.0332,184.9976,-89.187,1.923,112.231,0.147,-0.0327,0.9829,-2.3193,-1.77,3.54,-1.379,-7.443,64.907
2023-10-05 01:36:24.362207,-0.0957,1.4619,0.5635,193.4204,206.2988,261.3525,-62.078,30.267,105.331,0.1221,-0.0186,0.9956,2.0142,-2.9297,0.8545,-1.395,-7.438,65.138
2023-10-05 01:36:24.462491,-1.4678,-4.2305,2.2095,733.7646,-19.4092,106.7505,-70.109,51.064,100.415,0.1587,-0.0435,0.9722,-3.0518,4.0894,-0.7324,-1.434,-7.526,65.099
2023-10-05 01:36:24.562827,-0.3794,-2.4731,1.2339,-364.9902,-97.5342,-232.4219,-86.006,42.017,103.661,0.1069,-0.0054,1.0264,-3.7231,3.3569,-4.6387,-1.302,-7.251,65.028
2023-10-05 01:36:24.663101,-0.085,0.9272,0.729,-125.061,-125.1831,-316.4673,-73.202,12.711,107.045,0.1431,-0.0356,0.9902,2.5024,0.1831,-2.8687,-1.417,-7.443,64.49
2023-10-05 01:36:24.763367,0.2876,1.3169,0.4517,-162.9028,-14.4653,48.8281,-88.275,-2.142,109.72,0.1333,-0.0273,0.9834,-0.6714,-3.2959,4.7607,-1.423,-7.432,64.66
2023-10-05 01:36:24.863696,0.3506,0.7598,0.3604,349.6094,107.5439,323.3643,-73.301,22.429,106.403,0.1816,0.0112,0.9604,-0.5493,1.4648,2.3193,-1.104,-7.96,65.006
2023-10-05 01:36:24.964133,-1.4907,-0.895,1.126,-542.6636,94.6655,179.0771,-82.299,53.833,100.113,0.146,-0.0122,0.9805,-3.1738,4.2725,-1.3428,-1.192,-7.734,65.023
2023-10-05 01:36:25.064397,-0.3774,2.376,0.8457,-253.1738,-199.2188,-159.1187,-42.517,50.098,114.066,0.1177,0.0063,1.0107,1.0376,1.5869,-3.7842,-1.088,-7.625,64.836
2023-10-05 01:36:25.164709,-0.1514,1.3921,0.2769,-30.6396,-202.5757,-299.3164,-69.565,14.035,116.389,0.1304,-0.0605,0.98,2.0752,-0.9155,0.061,-1.555,-7.35,64.374
2023-10-05 01:36:25.264975,0.1265,-0.3169,0.7549,-234.8022,6.3477,127.8076,-87.446,-0.478,122.036,0.0942,-0.0298,0.9932,-0.1221,-2.4414,3.1738,-1.505,-7.218,64.797
2023-10-05 01:36:25.365307,-0.0894,1.4429,0.7642,91.2476,247.2534,306.2134,-71.801,27.955,111.841,0.1548,-0.0078,0.9834,1.2817,0.5493,3.9673,-1.505,-7.52,65.193
2023-10-05 01:36:25.465573,-2.1333,-3.9526,1.3599,-414.0015,-49.4385,104.9805,-100.613,55.036,98.08,0.1509,-0.022,0.9814,0.7935,-1.2817,-2.0752,-1.478,-7.548,65.099
2023-10-05 01:36:25.565833,-0.4922,-2.2642,0.8184,-1225.4639,-23.3154,-370.7886,-79.244,58.656,107.38,0.1035,-0.0176,1.0107,0.6104,2.6245,-5.4932,-1.329,-7.471,64.863
2023-10-05 01:36:25.666152,0.0317,1.3496,0.0518,-20.0806,-178.2227,-303.772,-72.647,27.29,121.899,0.1206,-0.0566,0.9707,0.4883,-2.5024,-0.3052,-1.593,-7.284,64.325
2023-10-05 01:36:25.766448,0.3101,1.3027,0.4492,-163.9404,7.6904,56.6406,-82.051,8.306,126.541,0.1113,-0.0322,1.0063,-0.2441,-3.2349,3.54,-1.56,-7.202,64.605
2023-10-05 01:36:25.866761,0.2451,1.1646,0.3794,136.3525,195.9229,231.6895,-70.593,28.779,120.262,0.1436,-0.0298,1.0088,4.6997,-9.0332,5.9204,-1.412,-7.74,65.193
2023-10-05 01:36:25.967043,-1.0762,-0.0571,1.1206,-306.1523,221.6187,219.0552,-88.846,57.859,99.789,0.1514,-0.0205,0.9883,-0.9155,-0.5493,-2.1362,-1.225,-7.982,65.182
2023-10-05 01:36:26.067367,-0.4883,-1.2466,1.4482,912.2925,-92.6514,35.8276,-93.95,65.748,91.401,0.1226,-0.0103,0.9863,-1.2817,5.0659,-2.3804,-1.318,-7.712,64.891
2023-10-05 01:36:26.167644,-0.5259,-0.3252,1.2358,-28.8086,-230.2856,-287.1094,-73.109,46.653,112.275,0.1162,-0.0674,0.978,-3.0518,-0.6104,-4.0894,-1.522,-7.295,64.407
2023-10-05 01:36:26.267957,-0.1885,1.5259,0.6719,206.2378,-106.0791,-207.5195,-78.838,12.398,122.382,0.1172,-0.022,1.019,-0.4272,-1.0376,3.7842,-1.456,-7.284,64.512
2023-10-05 01:36:26.368219,0.6636,0.2852,0.2578,372.6196,82.9468,228.3325,-89.467,13.167,124.085,0.1748,-0.0098,0.9912,1.4038,0.061,5.6152,-1.467,-7.559,64.962
2023-10-05 01:36:26.468534,-0.1973,1.4282,0.5845,148.3765,230.896,289.5508,-70.834,40.446,112.083,0.125,-0.0225,0.9868,-0.3052,0.3662,-0.061,-1.511,-7.537,65.248
2023-10-05 01:36:26.568877,-1.1421,-2.8569,2.2285,666.4429,-6.1646,175.293,-85.726,64.539,95.383,0.1421,-0.0161,0.9849,0.3662,0.9766,-1.6479,-1.45,-7.564,65.11
2023-10-05 01:36:26.669162,-0.4062,-1.4004,1.2603,-271.5454,-103.6987,-219.8486,-87.77,58.041,105.342,0.1216,-0.0317,0.9946,-2.4414,3.6011,-6.4087,-1.395,-7.388,64.775
2023-10-05 01:36:26.769427,-0.1216,1.1455,0.6172,-147.4609,-203.6743,-326.0498,-70.873,24.857,120.284,0.0923,-0.0566,0.9858,0.7935,-1.2207,-2.0752,-1.56,-7.147,64.199
2023-10-05 01:36:26.869842,0.2231,1.3789,0.4463,-129.8828,5.9204,60.8521,-89.434,7.273,124.673,0.127,-0.0171,0.9854,0.7935,-5.3101,6.958,-1.456,-7.267,64.803
2023-10-05 01:36:26.970162,0.0742,0.9614,0.6953,392.1509,144.5923,329.5898,-75.092,32.613,115.587,0.1611,0.0049,0.981,2.6855,3.9062,0.6104,-1.351,-7.8,65.286
2023-10-05 01:36:27.070491,-1.5864,-1.6772,1.4224,-368.5303,49.8047,178.894,-104.81,60.425,99.662,0.1475,-0.0205,0.9888,-0.8545,-1.5259,-2.1362,-1.274,-7.861,65.182
2023-10-05 01:36:27.170774,-0.1055,1.1123,0.2065,358.6426,-159.729,-19.8975,-57.266,62.946,113.67,0.123,0.0132,1.0054,-0.4272,1.0986,-5.4321,-1.181,-7.756,64.935
2023-10-05 01:36:27.271102,0.0347,1.2485,0.2754,-171.5088,-198.4253,-301.8799,-65.605,31.481,118.878,0.1348,-0.062,0.9692,1.3428,-0.2441,-1.9531,-1.533,-7.575,64.248
2023-10-05 01:36:27.371397,0.0977,2.2788,0.8232,-105.7129,-34.9121,-74.1577,-79.508,7.086,120.784,0.0884,-0.0215,1.0039,0.3052,-2.8076,2.1362,-1.467,-7.339,64.413
2023-10-05 01:36:27.471727,-0.019,0.2729,0.6455,35.4614,100.2808,303.7109,-82.013,26.543,118.949,0.1362,-0.0322,0.9922,1.0376,1.4038,4.8218,-1.461,-7.46,64.836
2023-10-05 01:36:27.572019,-1.1885,-0.0366,1.4668,-226.7456,171.6309,245.7886,-81.612,59.183,106.765,0.1475,-0.0298,0.9868,0.3662,-1.8311,-0.3052,-1.494,-7.487,64.995
2023-10-05 01:36:27.672359,-0.0493,4.271,0.499,-499.2065,-29.2969,-159.9731,-47.34,70.203,115.345,0.1445,-0.0088,0.9873,1.0986,-0.061,-1.5869,-1.351,-7.646,64.918
2023-10-05 01:36:27.772651,-0.439,0.2979,0.6753,236.5723,-145.2637,-274.353,-80.832,44.247,118.284,0.1265,-0.0493,0.9868,-2.9297,1.4648,-6.0425,-1.445,-7.399,64.286
2023-10-05 01:36:27.872979,0.3711,1.6685,0.6602,-111.3281,-83.252,-215.6982,-75.179,14.788,125.777,0.105,-0.0361,0.9888,-0.3052,0.4883,4.5776,-1.588,-7.278,64.319
2023-10-05 01:36:27.973298,0.356,0.3276,0.5698,131.8359,50.1099,194.458,-88.528,14.387,126.172,0.1533,0.0049,0.9922,-0.3662,-2.4414,4.8218,-1.417,-7.476,64.924
2023-10-05 01:36:28.073644,-0.1675,1.1685,0.6943,-111.9995,177.124,285.3394,-75.762,42.133,117.098,0.1733,-0.0381,0.9595,0.1831,-5.8594,-0.3052,-1.357,-7.663,65.034
2023-10-05 01:36:28.173934,-1.4189,-2.1509,1.3496,-98.3276,21.7285,154.48,-119.614,66.665,93.609,0.1411,-0.0322,0.9937,-3.6011,4.0283,-1.5259,-1.472,-7.438,64.918
2023-10-05 01:36:28.274264,-0.4561,1.0029,0.9561,-243.2861,-74.7681,-152.6489,-76.251,69.351,103.057,0.106,-0.0107,0.9917,1.2207,-0.061,-4.6997,-1.544,-7.174,64.666
2023-10-05 01:36:28.374542,0.0137,0.9028,0.562,-71.9604,-180.7861,-306.4575,-73.773,40.622,118.092,0.1152,-0.0645,0.9722,-0.5493,-2.2583,-2.0752,-1.637,-7.108,64.122
2023-10-05 01:36:28.474856,0.3359,2.2466,0.4736,-95.2759,-84.2896,-80.9326,-72.96,15.222,125.931,0.0913,-0.0381,1.0146,1.1597,-0.8545,4.5166,-1.478,-7.125,64.49
2023-10-05 01:36:28.575126,0.2666,1.1636,0.208,261.7798,210.8154,231.6284,-74.91,27.697,123.981,0.1504,-0.0142,0.9893,1.8921,-0.6104,5.188,-1.45,-7.399,65.056
2023-10-05 01:36:28.675407,-0.9575,-0.791,0.7881,-334.6558,140.0757,239.1968,-88.665,57.442,104.738,0.168,-0.021,0.9785,0.1221,-0.4883,-1.5259,-1.406,-7.608,65.182
2023-10-05 01:36:28.775681,-0.1519,1.478,0.0801,-1049.0112,-3.7231,-164.4287,-64.446,67.786,105.82,0.1333,0.002,0.9814,1.6479,1.5869,-4.5166,-1.296,-7.63,64.902
2023-10-05 01:36:28.875947,-0.8003,0.7959,0.3652,395.4468,-181.4575,-255.6152,-76.701,40.479,117.12,0.1118,-0.0825,0.9702,-3.2349,0.061,-6.1646,-1.522,-7.229,64.028
2023-10-05 01:36:28.976208,0.1528,1.7666,0.5693,-99.1821,-69.9463,-158.7524,-78.657,11.481,124.492,0.0859,-0.0171,1.0039,1.6479,-0.7935,7.9346,-1.582,-7.048,64.281
2023-10-05 01:36:29.076473,0.2524,0.7739,0.2852,448.7915,126.0986,215.6372,-74.438,16.545,122.443,0.2178,-0.0112,0.9771,5.0659,-18.1274,5.5542,-1.456,-7.531,64.819
2023-10-05 01:36:29.176734,-0.418,0.2402,1.144,-226.3184,162.1094,277.2827,-77.585,46.379,114.126,0.1494,-0.0293,1.0063,-1.2207,7.019,-1.9531,-1.176,-7.993,65.05
2023-10-05 01:36:29.276993,-0.7046,-1.9268,1.313,623.4131,24.353,-21.1182,-95.208,61.644,104.908,0.1392,-0.0293,0.9932,-2.3804,5.9204,-1.1597,-1.258,-7.85,64.863
2023-10-05 01:36:29.377281,-0.5132,-0.6807,1.4678,-91.3696,-181.2134,-289.0625,-66.89,47.021,116.29,0.0972,-0.0405,1.0137,-4.9438,3.2349,-9.3384,-1.39,-7.339,64.44
2023-10-05 01:36:29.477547,0.1787,2.2612,0.2427,0.9155,-124.7559,-166.0156,-70.461,15.079,122.498,0.126,-0.0215,1.0039,1.77,0.6104,3.54,-1.489,-7.405,64.215
2023-10-05 01:36:29.577812,0.4199,0.6826,0.2847,251.8311,97.4121,210.3271,-74.949,18.94,123.975,0.1411,-0.0249,0.98,-0.5493,-2.1362,5.9204,-1.522,-7.471,64.814
2023-10-05 01:36:29.678081,-0.2476,0.8369,0.5664,2.3804,228.9429,285.4004,-70.005,48.911,114.148,0.1128,-0.0225,1.0044,-1.2207,1.3428,0.2441,-1.472,-7.355,65.171
2023-10-05 01:36:29.778339,-0.7515,-1.666,-0.0649,1074.1577,-15.9302,283.5083,-54.553,73.493,108.567,0.1592,-0.0205,0.9858,2.0142,0.8545,0.4883,-1.417,-7.586,65.127
2023-10-05 01:36:29.878603,-0.6187,-2.1348,1.2524,63.7207,-71.4111,-227.1729,-87.034,56.832,111.83,0.1279,0.0107,1.0239,-1.4038,5.9814,-7.5684,-1.203,-7.531,64.918
2023-10-05 01:36:29.979090,0.0161,1.8022,0.2339,-269.4702,-184.3872,-314.8804,-67.692,19.407,121.503,0.1079,-0.0493,0.9805,3.2959,-0.2441,-0.5493,-1.489,-7.405,64.418
2023-10-05 01:36:30.079360,0.3652,0.792,0.3418,26.4893,38.0859,124.4507,-79.492,8.646,124.156,0.1182,-0.0239,1.0093,0.061,-4.3335,5.0659,-1.434,-7.333,64.825
2023-10-05 01:36:30.179624,0.0483,1.4473,0.6587,-36.3159,233.6426,294.2505,-65.984,35.079,117.263,0.1934,-0.0117,0.9805,2.6855,-4.8218,5.7373,-1.406,-7.581,65.33
2023-10-05 01:36:30.279893,-1.8408,-3.4473,1.4937,-354.0649,-59.7534,145.3857,-101.667,64.028,105.458,0.1416,-0.0156,0.9814,1.77,-1.4648,-1.709,-1.412,-7.592,65.396
2023-10-05 01:36:30.380174,-0.6426,0.8193,1.0967,-294.9829,-149.7192,-207.5195,-49.889,63.583,120.657,0.1318,-0.0024,1.002,-0.7935,0.4883,-6.3477,-1.176,-7.553,65.061
2023-10-05 01:36:30.480458,-0.5454,0.292,1.0435,-57.9224,-175.354,-343.2617,-72.274,25.626,120.981,0.1138,-0.0703,0.9795,0.6104,2.3193,-2.2583,-1.544,-7.306,64.413
2023-10-05 01:36:30.580740,-0.0757,-0.1279,0.1416,-422.4243,19.3481,141.7847,-83.079,10.651,128.128,0.1143,-0.0088,1.0024,0.5493,-3.9673,5.7373,-1.428,-7.224,64.797
2023-10-05 01:36:30.681033,0.0449,1.7383,0.7095,174.1943,201.1108,269.4702,-70.433,36.793,119.784,0.1494,-0.0332,0.9805,0.7935,0.4272,4.9438,-1.445,-7.531,65.446
2023-10-05 01:36:30.781534,-1.3232,-4.8604,2.6479,931.0913,-4.5776,140.0146,-86.177,61.611,109.199,0.145,-0.0186,0.9824,0.5493,0.3052,0.4883,-1.434,-7.487,65.599
2023-10-05 01:36:30.881836,-0.4458,-3.0483,1.0596,-548.8892,-80.8105,-316.5283,-86.221,55.415,114.521,0.1182,0.002,1.0054,0.4883,2.1973,-6.5918,-1.247,-7.427,65.325
2023-10-05 01:36:30.982137,-0.0112,1.3584,0.5005,-116.4551,-150.1465,-289.6729,-69.049,24.543,121.992,0.1138,-0.0688,0.9658,1.0376,-1.2207,-3.479,-1.571,-7.284,64.567
2023-10-05 01:36:31.082431,0.2012,-0.0107,0.6855,-25.6958,33.8135,118.2861,-84.891,13.37,123.376,0.0957,-0.0103,1.0146,1.5869,-4.8218,7.3853,-1.456,-7.125,64.995
2023-10-05 01:36:31.182728,-0.0024,1.0205,0.7573,470.3979,166.748,321.5332,-62.287,39.391,117.647,0.145,-0.0195,1.0093,8.3008,-13.5498,4.8828,-1.373,-7.603,65.572
2023-10-05 01:36:31.283024,-2.2734,-2.6812,2.2593,-125.7324,-11.7798,112.4268,-82.584,68.604,109.583,0.168,-0.0073,0.9727,0.6714,2.1973,-3.1738,-1.247,-7.795,65.638
2023-10-05 01:36:31.383328,-0.4775,-0.229,1.2202,-499.0234,-92.4683,-223.0835,-50.422,64.935,123.124,0.1255,0.0083,1.0239,1.9531,0.1831,-5.9204,-1.241,-7.57,65.341
2023-10-05 01:36:31.483620,0.0654,1.0737,0.3428,-188.1714,-161.2549,-293.396,-61.172,33.953,121.871,0.1162,-0.0571,0.9731,2.0752,-1.9531,-4.6387,-1.609,-7.35,64.55
2023-10-05 01:36:31.583937,0.5317,1.9873,0.1104,-271.6675,-22.0947,25.7568,-74.998,14.101,124.958,0.1035,-0.0195,1.0112,0.7935,-2.5024,4.1504,-1.467,-7.202,64.677
2023-10-05 01:36:31.684250,0.103,1.1108,0.5762,59.8755,209.1675,251.4038,-68.752,33.81,120.174,0.1714,-0.0308,0.9844,2.5024,-1.8921,4.8828,-1.318,-7.729,65.204
2023-10-05 01:36:31.784527,-2.2056,-5.7485,1.6416,-53.2227,-129.6997,64.27,-92.966,59.167,110.632,0.1597,-0.0137,0.9868,-2.1973,3.6621,-1.0376,-1.335,-7.663,65.385
2023-10-05 01:36:31.884789,-0.2417,-1.8027,1.2031,-894.165,-110.9009,-309.1431,-70.005,54.684,118.932,0.1328,0.0293,1.0327,1.8921,4.2114,-5.7373,-1.192,-7.504,65.11
2023-10-05 01:36:31.985051,0.1133,2.4146,0.1216,-194.2139,-161.0718,-258.4229,-65.385,23.851,125.826,0.1045,-0.0645,0.9692,3.54,0.5493,-1.0376,-1.5,-7.224,64.66
2023-10-05 01:36:32.085332,0.5137,0.665,0.3169,145.813,59.4482,152.2827,-77.327,16.771,128.375,0.0952,-0.0005,1.0117,0.8545,-3.7231,3.1128,-1.34,-6.987,64.88
2023-10-05 01:36:32.185594,-0.1763,0.7397,0.8125,156.4331,223.3887,285.7666,-73.284,45.396,116.752,0.147,-0.0352,0.9795,1.4648,-1.2207,5.0659,-1.412,-7.394,65.391
2023-10-05 01:36:32.285856,-0.5752,-3.1782,1.3857,386.9629,-0.1831,22.3999,-91.851,61.859,110.165,0.168,-0.0088,0.9966,-0.6714,-0.1221,-0.7935,-1.143,-7.861,65.413
2023-10-05 01:36:32.386115,-0.3882,-1.123,1.4771,-327.4536,-131.8359,-304.8706,-72.114,47.307,119.141,0.1479,0.0,1.0156,-6.4697,11.8408,-9.8877,-1.126,-7.614,64.759
2023-10-05 01:36:32.486376,0.1748,1.3208,0.6406,-113.2202,-98.3276,-196.106,-73.943,19.819,125.096,0.1074,-0.0576,0.9897,0.8545,2.0752,-2.5024,-1.5,-7.24,64.017
2023-10-05 01:36:32.586643,0.3286,0.855,0.4316,-96.0083,59.3872,186.2183,-83.139,23.203,126.205,0.1001,-0.0225,1.0015,0.3662,-6.5918,7.8125,-1.439,-7.009,64.517
2023-10-05 01:36:32.686932,-0.6309,-0.1152,1.2441,-3.3569,157.3486,248.5352,-87.995,51.312,113.275,0.146,-0.0186,0.9951,1.0986,-4.7607,4.3945,-1.395,-7.405,65.182
2023-10-05 01:36:32.787192,0.2832,3.2056,0.6343,-467.5903,-75.8057,-135.5591,-47.247,58.574,120.048,0.1899,-0.0063,0.9683,0.4883,1.2207,-2.6245,-1.329,-7.866,65.165
2023-10-05 01:36:32.887459,-0.5557,0.7515,0.6152,431.4575,-175.5981,-253.9673,-66.215,31.377,126.057,0.106,-0.0825,0.9761,-5.0049,2.2583,-8.3008,-1.467,-7.432,64.462
2023-10-05 01:36:32.987729,0.5518,1.8643,-0.127,88.7451,15.3809,85.3882,-68.533,17.117,131.287,0.0898,-0.0161,1.0078,0.3662,1.8921,3.2959,-1.615,-7.004,64.111
2023-10-05 01:36:33.087995,-0.0269,1.8687,-0.0068,-101.8066,310.4248,220.1538,-60.348,44.341,121.816,0.1255,-0.0371,0.9761,7.4463,-9.8877,4.6387,-1.538,-7.245,64.715
2023-10-05 01:36:33.188349,-0.8369,-2.7031,1.3711,248.1079,-10.3149,-2.0752,-93.197,61.183,112.67,0.1709,0.001,0.9702,2.2583,-4.1504,1.709,-1.247,-7.696,65.231
2023-10-05 01:36:33.288630,-0.3403,1.5889,0.7817,-365.9058,-131.5918,-214.9048,-48.944,50.405,127.716,0.1421,-0.0444,1.0215,-5.127,4.5776,-9.2163,-1.17,-7.575,64.841
2023-10-05 01:36:33.388906,0.2969,0.2495,0.5776,-174.6826,-79.4678,-194.8242,-72.455,23.231,127.875,0.1221,-0.0552,1.0054,-0.3662,5.249,0.8545,-1.67,-7.383,64.336
2023-10-05 01:36:33.489181,0.1406,1.3809,0.4468,-179.1992,94.8486,153.5034,-73.372,21.94,127.98,0.0674,0.0093,1.0171,0.6104,-3.479,2.7466,-1.588,-7.064,64.589
2023-10-05 01:36:33.589466,-0.062,0.4966,0.7251,265.5029,184.6924,320.1904,-80.09,49.466,118.641,0.1494,-0.0166,0.9702,0.061,-1.709,4.6387,-1.505,-7.372,64.924
2023-10-05 01:36:33.689770,-0.3838,0.1274,0.9829,110.5347,20.3857,131.4087,-69.401,71.801,106.029,0.1548,-0.0273,0.9775,1.3428,1.2817,-0.061,-1.445,-7.465,65.165
2023-10-05 01:36:33.790214,-0.5796,-1.1973,1.4785,104.9194,-104.9194,-197.7539,-80.244,60.046,116.658,0.1084,-0.0396,1.0112,-3.1738,4.4556,-9.0942,-1.379,-7.278,64.666
2023-10-05 01:36:33.890499,0.2153,0.6328,0.6416,-225.708,-111.6333,-283.0811,-75.476,29.323,125.403,0.0967,-0.0264,0.9873,2.3804,0.7324,3.9062,-1.703,-7.114,64.303
2023-10-05 01:36:33.990776,0.4702,1.3022,0.1738,-81.1768,65.7959,121.1548,-74.658,19.325,128.287,0.125,-0.02,0.9683,1.4648,-4.6997,6.2256,-1.675,-7.108,64.88
2023-10-05 01:36:34.091065,-0.0127,1.1274,0.6089,80.3223,228.2715,290.7104,-70.961,45.665,118.784,0.1821,-0.0166,0.9619,1.0986,-4.3945,1.3428,-1.439,-7.427,65.352
2023-10-05 01:36:34.191365,-0.8115,-3.1797,1.1147,356.7505,-22.2168,4.0894,-91.681,67.445,113.665,0.1572,-0.0225,0.9927,-0.5493,1.709,-4.0894,-1.28,-7.646,65.132
2023-10-05 01:36:34.291669,-0.7583,-0.8428,1.8325,-598.2666,-188.5376,-313.5986,-50.713,56.514,124.7,0.1084,-0.0195,1.0327,-9.5825,12.085,-8.1177,-1.274,-7.174,64.633
2023-10-05 01:36:34.392129,0.3687,1.3706,0.1255,-388.3667,-137.085,-234.4971,-66.412,22.137,128.716,0.0996,-0.0166,0.9927,4.0283,0.7324,2.9297,-1.714,-6.982,64.221
2023-10-05 01:36:34.492433,0.4004,0.6533,0.3384,278.3203,150.2686,215.0879,-63.452,29.224,127.628,0.1157,-0.0103,0.9858,-0.061,-3.6621,4.9438,-1.686,-6.806,64.655
2023-10-05 01:36:34.592769,-0.7026,0.6108,0.9312,-347.3511,179.6875,246.1548,-73.339,59.343,117.806,0.1221,-0.0278,1.0,1.6479,-1.4038,5.4321,-1.615,-6.982,65.319
2023-10-05 01:36:34.693103,-0.7012,-2.0425,1.9209,962.3413,-49.8047,62.5,-63.803,72.944,117.394,0.168,-0.021,0.981,0.2441,-0.3662,-0.8545,-1.588,-7.251,65.402
2023-10-05 01:36:34.793389,0.0225,-2.7344,1.0771,-207.5806,-67.8101,-268.6157,-95.51,56.096,121.179,0.123,-0.0356,1.0024,-4.3335,2.3804,-9.4604,-1.494,-7.075,64.825
2023-10-05 01:36:34.893678,0.2456,1.8872,0.5708,56.0913,-102.6611,-180.0537,-70.867,29.921,126.7,0.1064,-0.0308,0.999,1.2207,2.5635,0.0,-1.67,-6.899,64.352
2023-10-05 01:36:34.994158,0.4375,-0.0186,0.3711,180.7251,60.4248,164.6729,-76.8,32.119,126.683,0.0957,-0.0259,1.0039,1.709,-8.728,4.0283,-1.593,-6.927,64.731
2023-10-05 01:36:35.094450,-0.1426,0.8623,0.9326,-48.5229,158.9355,245.6665,-70.285,56.959,118.383,0.1255,-0.0151,0.9888,-1.0376,1.3428,3.54,-1.39,-7.372,65.028
2023-10-05 01:36:35.194739,-0.7085,-3.4189,1.0469,329.834,65.3687,-2.8076,-101.882,70.999,107.556,0.167,-0.0039,0.9902,-1.709,-0.5493,1.6479,-1.274,-7.614,65.242
2023-10-05 01:36:35.295024,-0.4155,1.1235,0.7788,-449.646,-112.9761,-325.1343,-61.941,56.327,123.08,0.1372,0.0024,1.0278,-6.2256,11.9629,-8.606,-1.208,-7.355,64.885
2023-10-05 01:36:35.395284,0.312,1.5649,0.52,-266.2354,-87.8296,-177.6733,-74.767,26.933,124.964,0.0986,-0.0361,0.998,1.2817,3.479,0.1831,-1.637,-6.987,64.314
2023-10-05 01:36:35.495546,0.3018,0.7539,0.4863,177.6733,100.4639,198.7915,-75.218,34.634,124.14,0.1318,-0.021,0.9854,-0.6714,-1.709,5.5542,-1.577,-6.998,64.863
2023-10-05 01:36:35.595809,-0.3081,0.0093,1.1011,-6.897,174.0112,245.2393,-78.431,62.249,111.237,0.126,-0.0322,0.9873,0.3052,-1.5259,2.4414,-1.664,-7.141,65.407
2023-10-05 01:36:35.696086,-0.0103,2.083,0.8047,-131.7139,-54.1992,-19.9585,-49.735,73.466,117.263,0.1348,-0.0298,0.9858,4.0283,-7.8125,-2.6245,-1.533,-7.449,65.363
2023-10-05 01:36:35.796360,-0.686,-0.4248,1.0562,548.5229,-179.6875,-205.4443,-64.594,48.988,122.772,0.1362,-0.061,0.98,-7.2021,7.2632,-7.8735,-1.368,-7.394,64.616
2023-10-05 01:36:35.896619,0.5171,2.1807,0.1094,-351.8066,-57.8613,-127.0142,-82.26,22.275,127.469,0.082,-0.0288,1.0078,0.1221,2.8076,1.1597,-1.714,-6.844,64.314
2023-10-05 01:36:35.996883,0.3647,1.002,0.5718,309.6313,120.4834,230.957,-76.822,35.31,122.305,0.1348,-0.0513,0.979,0.4883,-2.1973,6.2866,-1.763,-6.85,64.726
2023-10-05 01:36:36.097148,-0.7681,-0.355,1.3589,-178.2837,118.2251,208.8013,-83.172,62.968,112.104,0.0986,-0.0117,1.0278,7.1411,-9.7656,-2.0142,-1.461,-7.328,65.121
2023-10-05 01:36:36.197409,-0.4351,-1.146,1.5532,860.9619,-105.957,74.2188,-61.793,69.115,114.104,0.1768,-0.0142,0.9775,1.3428,1.4648,-0.7935,-1.214,-7.795,65.045
2023-10-05 01:36:36.297672,-0.2686,0.3281,0.9722,6.4087,-134.2163,-303.833,-73.251,41.726,120.119,0.1221,-0.0679,0.9814,-4.8828,1.3428,-7.8125,-1.555,-7.24,64.55
2023-10-05 01:36:36.397935,0.2866,1.5723,0.5674,-31.9824,-28.9917,5.9204,-82.853,23.176,124.338,0.1143,-0.0264,1.0098,0.0,1.2817,4.6997,-1.571,-7.163,64.556
2023-10-05 01:36:36.498204,0.0596,1.0586,0.7939,129.2725,120.2393,264.6484,-76.904,44.006,120.405,0.1323,-0.0156,0.9844,1.2207,-3.7842,5.9814,-1.566,-7.229,65.11
2023-10-05 01:36:36.598473,-1.5562,-2.0063,2.5986,635.0098,75.5005,181.6406,-75.344,70.752,99.811,0.1494,-0.0239,0.9888,-0.5493,-0.061,-0.7935,-1.417,-7.443,65.292
2023-10-05 01:36:36.698761,-0.4546,-0.9165,1.3833,-14.0381,-95.0317,-91.3696,-80.793,72.23,105.892,0.123,0.0068,1.002,0.5493,3.2959,-3.9673,-1.302,-7.482,65.116
2023-10-05 01:36:36.799057,0.0195,0.6191,0.3516,-124.3896,-133.3618,-323.9136,-72.296,40.869,121.47,0.0977,-0.0723,0.9736,-1.5259,0.9155,-6.0425,-1.599,-7.224,64.369
2023-10-05 01:36:36.899325,0.2778,1.3115,0.0767,-115.6006,34.5459,87.6465,-76.855,23.703,124.448,0.0947,-0.0322,1.0098,0.4272,-3.418,4.8828,-1.549,-7.147,64.446
2023-10-05 01:36:36.999590,-0.124,0.9136,0.8818,40.7104,152.71,263.2446,-76.366,43.709,117.609,0.1533,0.0303,0.9912,-0.6104,1.0986,9.0942,-1.335,-7.586,65.034
2023-10-05 01:36:37.099860,-1.2388,-2.8892,1.0264,-132.3853,-8.1177,65.979,-95.641,65.748,110.715,0.1553,-0.0127,0.9854,-0.1221,-0.1831,-2.3804,-1.318,-7.663,65.484
2023-10-05 01:36:37.200140,-0.8618,-2.0552,2.1436,736.145,-225.4639,11.7188,-46.187,59.507,127.315,0.1411,0.0112,1.0151,-0.4883,4.0894,-6.7749,-1.066,-7.729,65.028
2023-10-05 01:36:37.300426,0.3022,1.1924,0.5693,-390.4419,-89.1113,-307.8003,-85.265,25.043,126.178,0.1182,-0.0625,0.9795,2.0752,0.2441,-3.8452,-1.544,-7.372,64.325
2023-10-05 01:36:37.400707,0.1689,0.4302,0.6782,186.2183,66.8335,271.6675,-81.947,32.613,125.75,0.1172,-0.02,1.0132,-1.4648,-1.8311,4.0283,-1.522,-7.24,64.556
2023-10-05 01:36:37.500993,-0.4932,0.4663,1.0229,-85.022,196.228,270.1416,-75.163,65.303,113.89,0.1279,-0.0029,0.9976,2.8076,1.0986,7.4463,-1.582,-7.191,65.253
2023-10-05 01:36:37.601402,-0.2251,2.5938,0.8076,-233.2764,-9.7046,-109.1309,-61.04,77.102,108.094,0.1558,-0.0181,0.978,1.8311,-1.8311,-1.5259,-1.417,-7.41,65.396
2023-10-05 01:36:37.701696,-0.8037,-0.5527,1.1885,336.2427,-190.1245,-266.1133,-65.193,54.855,122.684,0.1294,-0.0474,1.0054,-5.0659,2.1362,-8.7891,-1.39,-7.41,64.781
2023-10-05 01:36:37.801989,0.2715,1.438,0.6392,-329.9561,-71.4111,-173.2178,-79.75,23.846,126.991,0.1167,-0.0122,1.0073,0.9766,2.1973,1.77,-1.527,-7.361,64.517
2023-10-05 01:36:37.902477,0.2461,0.0869,0.4121,79.9561,86.3037,232.0557,-86.594,34.387,123.959,0.1353,-0.0269,0.9858,-0.9155,-1.5259,3.0518,-1.582,-7.333,64.797
2023-10-05 01:36:38.002776,-0.4443,1.4731,1.0776,-177.9785,202.4536,270.2637,-76.349,66.165,108.671,0.1499,0.0234,0.981,-1.2817,1.8311,-0.3052,-1.329,-7.635,65.078
2023-10-05 01:36:38.103078,-0.6797,-1.3228,1.6562,521.7285,26.2451,-5.7373,-99.926,79.118,95.081,0.1675,-0.0151,0.9805,-0.1221,0.3662,0.4272,-1.351,-7.778,65.067
2023-10-05 01:36:38.203370,-0.5073,-0.9888,1.3604,-197.0215,-180.9082,-321.0449,-64.666,61.738,120.855,0.1235,-0.0469,0.9966,-5.5542,0.7935,-6.8359,-1.505,-7.262,64.748
2023-10-05 01:36:38.303663,0.0723,1.3716,0.4736,23.0713,-116.394,-198.5474,-68.615,29.449,124.733,0.1064,-0.0259,1.0088,0.0,-0.3662,2.2583,-1.653,-7.174,64.495
2023-10-05 01:36:38.403954,0.2007,0.6089,0.3462,40.4663,71.4722,248.291,-81.92,36.107,123.986,0.1509,-0.0127,1.0,-0.1831,-2.8687,5.127,-1.516,-7.366,64.913
2023-10-05 01:36:38.504247,-0.4883,1.2173,1.3281,85.6934,166.626,295.5322,-78.294,69.966,109.21,0.1401,-0.0269,0.998,-1.0986,1.709,1.2207,-1.527,-7.493,65.369
2023-10-05 01:36:38.604526,-0.3564,0.7588,-0.7939,920.2881,-146.5454,282.7148,50.262,87.363,-150.919,0.1504,-0.0166,0.9805,-0.5493,2.1973,-1.4038,-1.544,-7.504,65.308
2023-10-05 01:36:38.704810,-1.002,-0.6763,0.7109,593.5059,-7.2021,-370.7275,-80.431,65.424,115.62,0.1104,-0.0371,1.0078,-5.4932,1.77,-8.606,-1.428,-7.086,64.731
2023-10-05 01:36:38.805116,0.2217,3.8936,-0.1406,34.2407,-113.7085,-133.3008,-72.405,30.35,120.701,0.103,-0.0591,1.0054,-0.9155,2.4414,1.5259,-1.637,-7.053,64.352
2023-10-05 01:36:38.905396,0.3252,0.8784,-0.2144,807.0679,156.9214,292.7856,-66.138,48.285,119.63,0.2183,0.0063,0.9805,-3.2959,-3.6011,8.3008,-1.675,-7.229,64.929
2023-10-05 01:36:39.005658,-0.8608,1.3037,0.6865,-409.4849,177.124,295.6543,-108.468,81.771,82.755,0.1216,-0.0093,0.9907,-0.7324,-1.709,-0.3662,-1.511,-7.262,65.231
2023-10-05 01:36:39.105919,0.0684,1.1704,0.7544,180.7861,-112.9761,-56.7017,135.588,87.314,-48.142,0.1357,-0.0244,0.9878,1.2207,-1.6479,-0.8545,-1.434,-7.498,65.132
2023-10-05 01:36:39.206184,-0.4863,-0.2935,1.2603,40.7104,-208.4351,-388.2446,-52.52,83.057,127.386,0.124,-0.0713,0.9966,-6.897,0.9766,-5.3101,-1.835,-7.427,64.627
2023-10-05 01:36:39.306449,0.311,1.6763,0.3286,-166.9312,-70.9839,-251.0986,-77.36,42.391,117.158,0.1079,-0.0176,1.0068,2.1973,-0.1221,3.54,-1.873,-7.542,64.682
2023-10-05 01:36:39.406716,0.3838,0.7163,0.6172,60.9131,51.3916,49.6826,-80.865,36.491,113.231,0.165,-0.0034,0.9839,0.4272,-1.5259,0.3052,-1.582,-7.872,64.924
2023-10-05 01:36:39.506976,0.0186,-0.6069,1.1802,90.5762,71.9604,85.2661,-85.182,44.857,103.903,0.166,-0.0156,0.9976,1.0986,3.6621,-2.7466,-1.412,-8.091,64.869
2023-10-05 01:36:39.607286,0.1245,-0.2026,0.7686,-139.7705,29.4189,2.6855,-76.19,50.658,102.123,0.1455,-0.0293,0.9854,0.2441,4.2114,-4.6997,-1.34,-7.883,64.413
2023-10-05 01:36:39.707546,0.0645,0.0972,1.1367,-100.1587,36.0718,-6.6528,-81.392,50.85,96.735,0.0786,0.0337,0.9424,4.3945,5.6763,-1.4648,-0.599,-8.322,63.935
2023-10-05 01:36:39.807851,-0.0054,0.1655,0.9678,110.0464,22.0947,4.8218,-80.678,50.757,91.895,0.0806,0.0054,0.9487,-3.2959,-3.9062,3.7231,-1.489,-7.191,64.407
2023-10-05 01:36:39.908111,-0.0396,0.1699,0.9985,-88.3789,16.2354,3.418,-82.485,52.174,88.984,0.0972,-0.0181,0.9878,-0.7935,-3.1738,-0.9766,-1.697,-6.669,64.539
2023-10-05 01:36:40.008374,-0.0811,0.2905,0.915,5.7373,-2.3193,-5.0659,-82.024,51.993,88.539,0.1299,-0.0347,1.002,0.3662,2.6855,0.2441,-1.604,-6.817,64.484
