2023-10-24 01:35:26.929151,0.7744,0.7217,0.0234,-23.4375,5.3711,-3.9673,88.511,-45.17,-6.295,0.1685,-0.1499,0.9644,0.1831,-0.1831,-0.1221,-8.915,-10.124,14.623
2023-10-24 01:35:27.029579,0.9136,1.1284,-0.3003,151.6113,28.8086,62.439,91.456,-46.335,-4.807,0.1826,-0.1655,0.9707,0.0,0.1221,1.0986,-8.959,-10.091,14.683
2023-10-24 01:35:27.129856,0.7969,0.8516,-0.0825,-39.978,140.625,152.5879,88.544,-60.282,10.316,0.1646,-0.1509,0.9844,-0.6104,1.709,1.3428,-8.937,-10.096,14.76
2023-10-24 01:35:27.230130,0.502,-0.438,0.394,38.6963,126.2207,144.4702,41.248,-68.203,50.685,0.1675,-0.1523,0.9697,-1.0376,0.4883,0.9766,-9.075,-9.948,14.908
2023-10-24 01:35:27.330387,-0.4102,-1.1187,0.9658,-100.4028,17.0898,-18.3716,16.243,-64.858,78.827,0.1636,-0.1431,0.9683,-2.1362,-0.9766,-0.9155,-9.168,-9.965,14.936
2023-10-24 01:35:27.430663,0.4624,0.0938,0.293,-52.6123,-151.062,-247.5586,58.288,-65.418,29.086,0.1963,-0.1455,0.9507,1.5259,0.1831,-2.5024,-9.113,-10.102,14.705
2023-10-24 01:35:27.530945,0.8794,2.4424,-0.3345,-113.7085,-117.7368,-164.2456,92.192,-46.807,-9.311,0.1821,-0.1821,0.9624,1.3428,0.6714,2.9297,-9.097,-10.157,14.865
2023-10-24 01:35:27.631215,1.0659,1.8638,-0.4414,11.9019,48.1567,118.4082,97.114,-46.269,-14.354,0.1729,-0.1626,0.9751,0.3662,2.5635,2.0752,-9.069,-9.954,15.073
2023-10-24 01:35:27.731504,0.458,0.1084,0.0317,-46.2646,98.1445,169.0674,84.424,-63.699,-0.736,0.1519,-0.1489,0.9731,-1.4038,0.2441,-0.6714,-9.174,-9.712,15.123
2023-10-24 01:35:27.831804,0.0078,-0.4736,0.4814,-11.1694,106.6284,100.8911,44.742,-74.026,45.324,0.1758,-0.145,0.9648,-1.5869,0.6714,-0.8545,-9.234,-9.767,15.024
2023-10-24 01:35:27.932153,0.5015,-0.1787,0.4795,-65.7349,-95.2759,-165.1611,53.097,-72.532,32.69,0.1777,-0.1611,0.958,-1.709,1.8311,-1.6479,-9.311,-9.899,14.897
2023-10-24 01:35:28.032538,0.6919,0.5981,0.1855,21.0571,-115.7227,-232.0557,88.704,-55.239,-11.409,0.1626,-0.1636,0.9893,2.1973,1.0986,2.8687,-9.141,-9.877,14.903
2023-10-24 01:35:28.132852,0.7153,2.0801,-0.5562,97.4731,-46.4478,-110.9619,97.971,-35.502,-23.791,0.1606,-0.1636,0.9746,1.3428,1.5869,-0.5493,-9.108,-9.641,15.051
2023-10-24 01:35:28.233183,0.4556,1.3228,-0.375,-120.3613,80.9326,242.3096,97.251,-44.533,-20.945,0.1826,-0.1528,0.959,-1.5869,0.3052,-0.1831,-9.064,-9.646,14.952
2023-10-24 01:35:28.333467,0.1245,0.1411,0.5103,153.3203,155.4565,188.9038,74.323,-66.709,4.521,0.1621,-0.1489,0.9619,-2.4414,-0.3052,0.0,-9.174,-9.794,14.991
2023-10-24 01:35:28.433762,0.063,-0.5879,0.7261,19.8975,-63.0493,-87.5244,51.773,-71.455,29.317,0.1743,-0.1396,0.9702,-1.77,1.4648,-1.2207,-9.256,-9.805,14.914
2023-10-24 01:35:28.534038,0.5947,0.2773,0.252,-27.2827,-81.1157,-219.1162,81.266,-60.15,-5.993,0.188,-0.187,0.9639,2.0752,-0.3662,1.2207,-9.201,-9.926,14.804
2023-10-24 01:35:28.634338,0.7939,2.583,-0.2085,-85.5103,-81.8481,-193.6035,92.521,-38.287,-20.347,0.1582,-0.166,0.9858,1.8921,2.3804,1.0376,-9.069,-9.723,14.963
2023-10-24 01:35:28.734649,0.8115,2.0439,-0.0654,-38.8184,93.9941,96.4966,90.89,-38.051,-19.907,0.1694,-0.1421,0.9746,0.4272,-0.4883,-0.3662,-8.948,-9.602,14.958
2023-10-24 01:35:28.834968,0.6196,0.6758,0.0352,80.5054,111.6943,263.9771,83.551,-54.91,-6.301,0.1484,-0.1641,0.978,-2.3193,-1.0376,-2.1362,-9.031,-9.684,14.903
2023-10-24 01:35:28.935296,0.0327,-0.3408,0.5942,-42.3584,91.1255,164.2456,56.541,-73.564,33.349,0.1914,-0.1484,0.9678,-0.9766,0.6714,0.6714,-9.207,-9.86,14.865
2023-10-24 01:35:29.035600,0.2539,-0.2637,0.4995,18.9819,-78.6743,-132.6294,54.289,-74.773,32.668,0.1875,-0.1592,0.9604,0.3662,0.8545,-1.3428,-9.25,-9.943,14.859
2023-10-24 01:35:29.135900,0.5786,0.3691,0.4263,49.8047,-93.3228,-240.3564,88.539,-56.915,-6.4,0.1533,-0.1689,0.9731,1.5259,2.5024,2.3193,-9.13,-9.805,14.925
2023-10-24 01:35:29.236199,0.9346,2.5142,-0.5771,-61.8896,-103.1494,-136.9629,101.47,-36.145,-20.704,0.1675,-0.1631,0.9688,1.6479,0.3052,-1.3428,-9.053,-9.651,14.93
2023-10-24 01:35:29.336495,0.7656,1.5581,-0.3462,12.5732,74.7681,181.3354,99.756,-43.797,-20.566,0.1743,-0.1587,0.9751,0.6104,-0.5493,2.5024,-8.976,-9.778,15.029
2023-10-24 01:35:29.436793,0.4048,0.1694,0.4941,132.3242,165.9546,218.2007,84.617,-67.313,1.972,0.1592,-0.1479,0.9736,-3.6011,3.7231,-1.3428,-9.157,-9.547,15.046
2023-10-24 01:35:29.537083,-0.7222,-1.0322,1.4609,61.8896,102.2339,49.8047,32.717,-71.246,62.809,0.1729,-0.1313,0.9771,-0.7324,-0.7935,-0.4272,-9.141,-9.783,14.93
2023-10-24 01:35:29.637373,0.0835,0.0059,0.6528,-93.6279,-117.4927,-158.2031,68.714,-66.802,19.528,0.1865,-0.1719,0.9619,1.3428,-2.8076,-3.7842,-9.141,-10.069,14.722
2023-10-24 01:35:29.737660,0.644,0.9121,0.2402,-20.1416,-141.8457,-209.0454,96.454,-47.401,-14.359,0.1655,-0.1802,0.9766,2.5635,1.4648,2.6245,-9.097,-10.031,14.81
2023-10-24 01:35:29.837954,0.7651,2.833,-0.751,78.7354,-79.4067,-104.126,104.271,-29.114,-26.005,0.1597,-0.1489,0.9897,2.1973,-1.6479,-0.4272,-8.921,-9.794,14.848
2023-10-24 01:35:29.938241,0.9282,1.3115,-0.4468,57.8613,91.3696,187.1338,104.837,-42.237,-24.807,0.1543,-0.1572,0.9648,-0.9766,1.0376,2.0142,-8.959,-9.651,14.947
2023-10-24 01:35:30.038519,0.3428,0.2007,0.125,88.9893,140.9912,162.1094,96.586,-63.946,-9.091,0.1455,-0.1348,0.9678,-3.479,-0.9766,-0.6714,-9.113,-9.536,15.007
2023-10-24 01:35:30.138800,-0.2104,-0.7842,0.8652,23.5596,-11.5356,-33.3252,74.916,-71.917,12.728,0.2051,-0.1577,0.959,-0.9155,-4.2725,-0.7935,-9.305,-9.866,14.925
2023-10-24 01:35:30.239082,0.2666,0.2603,0.4707,-49.9268,-95.52,-196.5942,91.181,-57.491,-10.305,0.1943,-0.1772,0.9766,1.5869,0.7324,0.3662,-9.272,-10.069,14.881
2023-10-24 01:35:30.339362,0.4102,1.5386,-0.0029,86.2427,-118.8965,-199.5239,103.607,-35.013,-22.698,0.1475,-0.1499,0.9814,3.0518,2.3804,0.5493,-9.064,-9.904,14.914
2023-10-24 01:35:30.439633,0.6729,1.8564,-0.4453,80.3833,55.2979,128.9062,106.512,-31.729,-26.197,0.1606,-0.147,0.9761,0.1221,0.7324,1.8921,-8.899,-9.575,14.958
2023-10-24 01:35:30.539901,0.6387,0.8843,-0.1519,47.1191,166.5039,192.1997,109.105,-48.214,-19.028,0.1411,-0.1577,0.9756,-0.9766,-2.2583,0.061,-9.02,-9.503,15.095
2023-10-24 01:35:30.640192,-0.1099,-0.0137,0.5239,-56.0913,121.6431,157.5928,88.956,-71.279,5.916,0.1812,-0.1489,0.9595,-2.4414,-2.6245,-1.709,-9.234,-9.745,14.93
2023-10-24 01:35:30.740465,0.4292,-0.043,0.4937,-55.2979,-86.6089,-102.417,93.263,-70.302,-2.148,0.1904,-0.1558,0.96,1.2817,-2.9297,-1.0986,-9.294,-9.965,14.854
2023-10-24 01:35:30.840743,0.5103,0.6279,0.2671,62.6221,-119.3237,-203.6133,106.501,-53.124,-19.704,0.1768,-0.1812,0.9673,2.8076,0.9766,2.0142,-9.196,-9.943,14.854
2023-10-24 01:35:30.941020,0.7407,1.9595,-0.3613,-82.0312,-77.9419,-116.0889,110.973,-33.942,-26.093,0.1519,-0.147,0.9902,1.0376,1.9531,1.1597,-8.965,-9.591,14.974
2023-10-24 01:35:31.041300,0.6318,1.8325,-0.3975,45.8374,71.8994,104.7974,109.056,-33.997,-26.499,0.1553,-0.1572,0.9775,-0.2441,-0.9155,0.1221,-8.882,-9.531,14.996
2023-10-24 01:35:31.141592,0.4849,0.854,0.2607,0.3662,145.3857,199.0967,105.282,-54.031,-18.666,0.1689,-0.1592,0.9712,-0.5493,-1.4648,-0.8545,-9.003,-9.662,14.996
2023-10-24 01:35:31.241886,-0.0146,-0.0859,0.5239,-18.7378,129.6997,138.855,89.945,-74.097,4.191,0.1685,-0.1436,0.9727,-1.6479,-0.9766,-0.7935,-9.075,-9.816,14.93
2023-10-24 01:35:31.342187,0.3726,-0.2139,0.7427,-35.0342,-55.4199,-109.1309,80.134,-74.092,11.453,0.1816,-0.1587,0.9565,-0.9155,0.8545,-0.9155,-9.218,-9.877,14.821
2023-10-24 01:35:31.442491,0.5864,0.2637,0.5356,13.1836,-108.9478,-198.3643,100.25,-57.673,-13.618,0.1753,-0.1631,0.9751,1.4038,2.8687,3.1738,-9.113,-9.778,14.908
2023-10-24 01:35:31.542795,0.8242,2.0122,-0.3115,-194.519,-119.873,-136.3525,106.545,-37.463,-24.84,0.1631,-0.1499,0.9741,0.9766,2.1362,-0.2441,-8.998,-9.564,15.013
2023-10-24 01:35:31.643093,0.6982,1.875,-0.1377,-78.5522,46.3257,117.981,104.392,-37.776,-27.521,0.1797,-0.1562,0.9561,0.7324,1.0376,0.4272,-8.948,-9.597,14.969
2023-10-24 01:35:31.743404,0.6128,0.5991,0.3574,43.2129,176.5747,247.6807,101.898,-60.255,-17.578,0.1426,-0.1562,0.9751,-1.5259,-2.1362,-1.0376,-8.987,-9.608,15.029
2023-10-24 01:35:31.843696,-0.165,-0.2227,0.9565,-85.4492,129.8828,138.9771,58.03,-78.788,32.855,0.1743,-0.1519,0.9775,-2.2583,-0.061,-1.0376,-9.146,-9.739,14.919
2023-10-24 01:35:31.943984,0.2725,0.0171,0.7886,-80.0781,-93.811,-160.6445,68.088,-77.432,20.984,0.1846,-0.1592,0.958,0.2441,-2.6855,-1.2817,-9.272,-9.998,14.81
2023-10-24 01:35:32.044444,0.5625,0.4224,0.4771,-51.8799,-116.272,-234.436,98.35,-59.041,-16.93,0.186,-0.1714,0.9658,1.9531,0.1221,1.8921,-9.168,-10.014,14.848
2023-10-24 01:35:32.144726,0.626,2.5493,-0.3906,-71.6553,-114.502,-221.7407,105.749,-33.305,-25.845,0.1602,-0.1504,0.9805,1.4038,1.8311,0.7324,-8.998,-9.767,14.914
2023-10-24 01:35:32.245003,0.542,2.3667,-0.2466,168.6401,73.3643,138.4277,102.431,-33.223,-24.895,0.1528,-0.1646,0.9844,-0.2441,0.9155,1.77,-8.932,-9.624,15.007
2023-10-24 01:35:32.345282,0.4819,0.6455,0.3711,63.5376,146.9727,244.812,99.289,-58.129,-13.821,0.1436,-0.1445,0.9727,-1.0986,-2.5635,-1.2207,-9.042,-9.602,15.013
2023-10-24 01:35:32.445559,-0.4385,-0.5107,1.1987,-75.2563,102.8442,99.3652,67.495,-75.031,23.588,0.1807,-0.1514,0.9688,-2.0752,-0.9155,-0.6104,-9.19,-9.745,14.98
2023-10-24 01:35:32.545836,0.3198,-0.2593,0.8013,-128.2959,-71.5942,-132.1411,80.283,-69.324,5.927,0.2065,-0.1689,0.9658,1.3428,0.5493,-1.2207,-9.25,-10.036,14.854
2023-10-24 01:35:32.646119,0.3516,0.7578,0.6479,74.1577,-105.4077,-231.1401,101.64,-48.554,-16.133,0.1646,-0.1724,0.9761,3.8452,1.5869,1.6479,-9.13,-9.992,14.958
2023-10-24 01:35:32.746405,0.6001,1.9561,-0.0469,-63.8428,-86.4258,-143.8599,103.354,-27.147,-26.356,0.1509,-0.1494,0.9863,0.9155,0.7935,-0.5493,-8.937,-9.646,14.947
2023-10-24 01:35:32.846708,0.5938,1.5986,-0.1685,81.2988,92.9565,239.1968,110.978,-38.6,-26.307,0.1611,-0.1621,0.979,-0.7935,-0.5493,1.709,-8.954,-9.558,15.007
2023-10-24 01:35:32.949590,0.2168,0.2744,0.5107,52.124,140.7471,221.4355,106.705,-66.621,-16.073,0.1543,-0.1353,0.978,-1.9531,-2.1973,-1.4038,-9.053,-9.624,15.04
2023-10-24 01:35:33.049895,-0.2432,-0.5435,0.8604,107.9102,-60.0586,-48.645,95.202,-78.058,-3.983,0.1865,-0.1543,0.9614,-0.7935,-5.3711,-3.479,-9.223,-9.877,14.832
2023-10-24 01:35:33.150275,0.3257,0.2422,0.3926,-72.2656,-111.3281,-189.3921,108.386,-61.952,-24.994,0.2041,-0.1816,0.9653,2.1362,-0.9766,1.9531,-9.201,-10.228,14.733
2023-10-24 01:35:33.250663,0.4336,1.7261,0.0605,1.77,-112.6099,-200.5005,113.17,-37.859,-28.938,0.1704,-0.144,0.9692,2.8687,3.479,1.8921,-9.047,-9.948,14.974
2023-10-24 01:35:33.350943,0.7871,2.8047,-0.4595,53.0396,21.1792,114.6851,111.577,-30.992,-33.442,0.1597,-0.1431,0.9639,0.061,0.0,0.9155,-8.937,-9.635,15.007
2023-10-24 01:35:33.451221,0.5962,0.3931,-0.0151,40.1611,126.5869,257.9346,113.538,-55.404,-34.799,0.146,-0.1587,0.9673,-1.8311,-2.9297,0.0,-9.047,-9.586,15.123
2023-10-24 01:35:33.551494,-0.1792,-0.7041,0.9336,31.8604,101.9287,108.1543,105.337,-77.794,-17.21,0.1797,-0.1455,0.9678,-0.9155,-2.9297,-2.7466,-9.152,-9.816,14.958
2023-10-24 01:35:33.651776,0.4204,-0.2524,0.6108,-45.2881,-72.5098,-126.2207,107.781,-72.735,-21.237,0.1855,-0.1587,0.9595,-0.4883,-2.0142,-1.3428,-9.283,-10.009,14.815
2023-10-24 01:35:33.752051,0.4912,0.7168,0.5464,57.1289,-116.9434,-205.8105,115.439,-52.119,-28.339,0.1968,-0.1709,0.9702,2.3804,3.479,2.2583,-9.223,-9.998,14.886
2023-10-24 01:35:33.852320,0.792,2.0361,-0.3501,-79.7119,-83.8013,-79.3457,116.021,-32.113,-34.041,0.1592,-0.1606,0.9727,0.7324,2.8687,-0.4883,-9.091,-9.811,14.969
2023-10-24 01:35:33.952597,0.9399,1.0854,-0.2158,65.7349,61.4014,165.1001,116.06,-39.298,-37.529,0.1611,-0.1572,0.9717,0.1221,1.6479,2.3193,-9.031,-9.63,15.029
2023-10-24 01:35:34.055301,0.4351,0.3086,0.1597,74.1577,130.6152,176.2085,121.086,-60.864,-36.222,0.1567,-0.1494,0.9678,-1.9531,-2.3804,-1.709,-9.08,-9.613,15.051
2023-10-24 01:35:34.155579,-0.1641,-0.7612,1.0312,-7.2632,57.0068,59.3872,112.538,-77.833,-24.933,0.186,-0.1616,0.9604,-2.3193,0.0,-1.1597,-9.229,-9.844,14.859
2023-10-24 01:35:34.255845,0.4126,-0.0542,0.4839,-67.0776,-74.7681,-147.3389,112.352,-69.17,-28.663,0.187,-0.1655,0.9702,1.0986,-0.4883,-0.3662,-9.305,-9.981,14.804
2023-10-24 01:35:34.356119,0.5576,0.7939,0.4614,53.894,-72.6929,-223.8159,110.643,-47.791,-29.718,0.1694,-0.167,0.9775,2.9297,2.0752,1.9531,-9.212,-9.888,14.914
2023-10-24 01:35:34.456389,0.6797,1.7632,0.1743,1.9531,-55.2368,-65.4297,105.15,-29.136,-31.306,0.1577,-0.1519,0.9819,1.77,0.9766,0.5493,-8.992,-9.619,14.996
2023-10-24 01:35:34.556666,0.708,1.0522,0.2119,40.8936,49.4995,219.1772,108.446,-41.407,-34.316,0.1528,-0.1558,0.9751,-0.7935,-0.1221,-0.061,-9.003,-9.487,15.09
2023-10-24 01:35:34.656928,0.231,-0.1006,0.541,95.6421,114.4409,209.5337,116.982,-66.473,-35.167,0.1689,-0.1577,0.9727,-1.3428,-2.9297,-2.0142,-9.097,-9.624,14.952
2023-10-24 01:35:34.757195,0.0957,-0.665,0.9131,-116.5771,-32.5317,-62.5,121.185,-78.931,-33.063,0.1719,-0.1636,0.9673,-2.1973,0.4272,-1.0376,-9.256,-9.827,14.832
2023-10-24 01:35:34.857470,0.5415,0.1709,0.4849,-57.373,-106.4453,-210.8154,116.131,-62.265,-34.151,0.1953,-0.168,0.9683,1.5259,2.6245,1.8921,-9.245,-9.91,14.815
2023-10-24 01:35:34.957739,0.6357,1.8701,0.0342,-64.6362,-118.4082,-197.0215,115.142,-38.54,-34.382,0.1577,-0.1523,0.9683,2.3193,2.4414,1.5259,-9.069,-9.69,15.007
2023-10-24 01:35:35.058009,0.6318,2.5874,-0.3311,-0.061,51.5747,108.0322,112.341,-29.685,-37.557,0.1519,-0.146,0.9761,0.6714,0.2441,-0.1221,-8.921,-9.503,15.018
2023-10-24 01:35:35.158288,0.6104,0.3931,0.2197,86.6089,143.9819,210.3882,114.159,-49.68,-35.349,0.1587,-0.1582,0.9634,-1.8921,-2.0142,-0.3662,-9.014,-9.58,15.068
2023-10-24 01:35:35.258569,-0.0483,-0.3711,0.9438,-93.9941,93.811,121.582,114.901,-69.582,-25.373,0.1846,-0.1592,0.9707,-0.9766,-2.5024,-2.2583,-9.157,-9.855,14.914
2023-10-24 01:35:35.358834,0.2866,0.0293,0.7041,-162.7197,-89.0503,-110.0464,114.741,-66.248,-29.136,0.1841,-0.1479,0.9668,0.1221,-0.7935,-0.6714,-9.212,-9.937,14.81
2023-10-24 01:35:35.459109,0.3936,0.4785,0.498,31.4331,-121.9482,-228.9429,111.011,-44.791,-35.327,0.1797,-0.1738,0.9624,1.6479,1.5259,1.3428,-9.196,-9.871,14.832
2023-10-24 01:35:35.559405,0.6655,2.5801,-0.5718,-140.4419,-122.6196,-151.6724,112.132,-22.967,-39.946,0.1597,-0.1475,0.9805,1.5259,1.5869,1.3428,-9.036,-9.591,14.925
2023-10-24 01:35:35.659710,0.4956,1.8745,-0.2222,108.9478,128.2959,177.4902,114.434,-31.871,-39.122,0.1602,-0.1538,0.98,-1.2817,1.709,3.3569,-8.97,-9.476,15.106
2023-10-24 01:35:35.759990,0.4419,0.0947,0.2583,71.5332,167.7856,206.9702,112.055,-57.805,-31.135,0.1479,-0.1519,0.9717,-0.3662,-1.9531,-1.4038,-9.091,-9.382,15.172
2023-10-24 01:35:35.860316,-0.1499,-0.9102,1.1021,27.5879,-12.4512,-7.9956,104.804,-72.131,-18.951,0.166,-0.1489,0.9658,-1.0986,-3.0518,-1.9531,-9.13,-9.613,15.007
2023-10-24 01:35:35.960605,0.4785,0.1543,0.6636,-128.9062,-108.0322,-166.2598,110.154,-58.914,-30.784,0.1948,-0.1704,0.9663,0.6714,-0.9766,-2.2583,-9.19,-9.822,14.815
2023-10-24 01:35:36.060946,0.3608,1.4395,0.0396,78.064,-160.3394,-213.3789,115.483,-36.409,-39.908,0.1719,-0.1655,0.9736,1.0986,3.6011,2.5024,-9.179,-9.734,14.936
2023-10-24 01:35:36.161248,0.6289,2.5,-0.4834,37.1094,34.79,30.8228,112.538,-21.418,-43.325,0.1646,-0.1538,0.9702,0.0,0.4883,-0.3052,-9.031,-9.575,14.919
2023-10-24 01:35:36.261587,0.6055,1.0557,-0.0322,100.1587,168.2739,193.2373,117.713,-39.776,-39.562,0.1597,-0.1621,0.9663,-1.2817,-0.061,2.1362,-9.069,-9.542,15.068
2023-10-24 01:35:36.361889,0.2026,0.3892,0.644,30.8838,148.4985,135.9253,114.494,-63.094,-27.675,0.1665,-0.1499,0.9688,-0.6714,-1.4648,-0.6714,-9.113,-9.657,15.112
2023-10-24 01:35:36.462237,0.209,-0.2925,0.832,-4.1504,-83.9844,-93.3228,108.638,-69.483,-24.181,0.1729,-0.1538,0.9644,-1.5869,-0.4272,-1.5869,-9.196,-9.822,15.007
2023-10-24 01:35:36.562538,0.6357,0.2056,0.5283,-28.9917,-97.1069,-196.106,109.385,-52.278,-34.299,0.1899,-0.1782,0.9614,1.0986,-0.3052,0.4883,-9.245,-9.866,14.875
2023-10-24 01:35:36.662860,0.6675,2.2305,-0.312,-82.2754,-137.6953,-141.9678,118.889,-29.603,-39.122,0.1621,-0.1494,0.9834,1.8311,3.2349,1.0376,-9.141,-9.641,14.996
2023-10-24 01:35:36.763165,0.6011,1.5747,-0.0547,36.1938,56.9458,132.8125,114.12,-28.257,-42.149,0.1616,-0.1577,0.9712,0.2441,-0.3662,0.6104,-9.025,-9.569,14.996
2023-10-24 01:35:36.863498,0.5605,0.5571,0.2192,30.3955,132.5073,189.209,115.889,-48.439,-39.749,0.1543,-0.1606,0.979,-0.4272,-1.5259,0.3052,-9.119,-9.509,15.139
2023-10-24 01:35:36.963809,0.1694,-0.2065,0.8833,-75.8667,87.7686,93.2617,109.451,-67.137,-30.059,0.1636,-0.1558,0.9727,-0.4272,-1.8921,-1.0986,-9.163,-9.684,15.079
2023-10-24 01:35:37.064255,0.7456,0.1089,0.5674,-15.564,-92.2852,-137.3291,110.742,-64.177,-30.795,0.1787,-0.1558,0.9702,-0.8545,-0.4272,-1.2817,-9.207,-9.833,14.991
2023-10-24 01:35:37.164556,0.2246,0.5356,0.5649,28.3813,-118.1641,-235.3516,110.638,-42.314,-35.228,0.1836,-0.1709,0.9688,1.0986,1.4038,1.0376,-9.229,-9.877,14.914
2023-10-24 01:35:37.264836,0.7871,2.7646,-0.5889,-118.7134,-56.0913,-32.3486,114.39,-19.303,-39.858,0.1709,-0.1572,0.9775,1.1597,1.9531,0.2441,-9.168,-9.668,14.963
2023-10-24 01:35:37.365104,0.626,1.4624,-0.1265,16.4185,113.0981,184.4482,116.823,-31.871,-40.611,0.1528,-0.1528,0.9771,-0.4883,0.3052,2.7466,-9.069,-9.63,15.134
2023-10-24 01:35:37.465373,0.4219,0.2139,0.3472,76.9043,131.6528,168.8843,115.005,-55.437,-35.162,0.1577,-0.1509,0.9731,-0.8545,-1.6479,-0.9155,-9.135,-9.569,15.161
2023-10-24 01:35:37.565658,-0.0273,-1.0464,0.9321,38.9404,1.2817,9.8267,106.397,-68.78,-28.185,0.168,-0.1626,0.9668,-1.0986,-1.4038,-1.8311,-9.229,-9.772,15.029
2023-10-24 01:35:37.665968,0.4463,0.1279,0.6582,12.5732,-93.0176,-168.0908,112.115,-56.288,-32.772,0.1855,-0.1641,0.9746,1.3428,0.3052,-0.9766,-9.234,-9.882,14.903
2023-10-24 01:35:37.766235,0.2539,1.5107,0.2832,41.5039,-158.3252,-199.0356,118.169,-33.788,-36.046,0.1655,-0.1572,0.9741,1.6479,2.6855,2.1362,-9.19,-9.723,15.013
2023-10-24 01:35:37.866499,0.4214,2.0654,-0.2139,76.9653,15.8081,70.0073,115.867,-21.544,-40.809,0.1616,-0.1519,0.9673,-0.061,-0.7324,-0.6714,-9.113,-9.569,15.002
2023-10-24 01:35:37.966827,0.5874,1.0093,-0.1343,-30.6396,117.0044,208.5571,121.805,-38.254,-43.511,0.167,-0.1665,0.9668,-0.3662,-0.3662,1.2207,-9.201,-9.58,15.117
2023-10-24 01:35:38.067115,0.2744,0.2627,0.4106,12.9395,128.6621,133.2397,122.108,-59.799,-40.6,0.1641,-0.1509,0.9722,-0.9155,-1.4038,-0.4883,-9.212,-9.717,15.128
2023-10-24 01:35:38.167456,0.1079,-0.1465,0.7603,91.98,-67.5659,-96.7407,119.487,-63.732,-37.09,0.1812,-0.1499,0.9673,-1.8921,0.7324,-0.7935,-9.289,-9.805,15.046
2023-10-24 01:35:38.268125,0.5757,0.3042,0.5317,14.1602,-118.3472,-188.8428,118.493,-45.544,-40.787,0.1875,-0.1812,0.9678,1.4648,1.2817,0.1831,-9.278,-9.91,14.952
2023-10-24 01:35:38.368475,0.6909,2.4346,-0.4819,-110.4126,-121.0327,-164.3677,120.613,-21.841,-41.748,0.1514,-0.1621,0.9824,1.5869,1.4038,1.5259,-9.135,-9.706,15.101
2023-10-24 01:35:38.468770,0.4888,1.8354,-0.1787,110.5347,73.2422,125.3052,119.652,-25.027,-41.852,0.1606,-0.147,0.9648,-0.4883,-0.4883,-0.061,-9.086,-9.586,15.062
2023-10-24 01:35:38.569042,0.355,0.3784,0.2622,43.2739,135.1318,231.7505,118.268,-49.334,-40.946,0.1606,-0.1538,0.9692,-1.2207,-2.9907,-0.4272,-9.152,-9.635,15.095
2023-10-24 01:35:38.669358,-0.1636,-0.9287,1.2319,-27.71,81.4819,110.0464,114.269,-69.362,-34.113,0.1797,-0.1567,0.9634,-1.0986,-0.6714,0.3052,-9.267,-9.866,15.117
2023-10-24 01:35:38.769626,0.4697,-0.2646,0.6616,-76.7212,-69.2139,-153.8086,114.944,-61.232,-36.639,0.1938,-0.1587,0.9683,-0.4883,1.4648,-0.8545,-9.311,-9.899,15.073
2023-10-24 01:35:38.869898,0.4126,1.0908,0.4448,69.1528,-103.0884,-237.2437,114.538,-35.766,-36.617,0.1646,-0.1802,0.9751,2.2583,1.8311,1.5259,-9.245,-9.816,15.079
2023-10-24 01:35:38.970172,0.5811,1.8442,0.166,95.3979,-18.6768,-31.9214,107.314,-20.336,-37.524,0.1533,-0.1548,0.9819,0.7324,1.6479,-0.3662,-9.135,-9.613,15.101
2023-10-24 01:35:39.070459,0.4663,1.2876,-0.0142,8.9111,73.1812,212.5854,110.88,-32.657,-38.177,0.1543,-0.1558,0.9697,-0.9766,-0.9766,0.3662,-9.108,-9.668,15.101
2023-10-24 01:35:39.170757,0.3564,0.272,0.2744,61.8286,114.3188,188.9038,110.045,-54.954,-35.063,0.1689,-0.1587,0.9658,-0.7324,-1.4038,0.8545,-9.201,-9.75,15.161
2023-10-24 01:35:39.271045,0.2285,-0.4785,0.8066,91.3086,-3.418,0.1221,106.089,-67.187,-29.273,0.1831,-0.1489,0.9663,-0.6714,-0.5493,-0.5493,-9.261,-9.811,15.178
2023-10-24 01:35:39.371356,0.4893,0.0659,0.6826,-53.894,-64.6362,-173.7061,104.507,-56.536,-31.674,0.1831,-0.1748,0.9727,1.0986,-0.061,-0.8545,-9.245,-9.893,15.095
2023-10-24 01:35:39.471642,0.1914,1.3721,0.4888,140.3809,-115.4175,-220.8252,108.748,-34.629,-34.365,0.1572,-0.1655,0.9717,1.709,2.2583,-0.1221,-9.19,-9.816,15.051
2023-10-24 01:35:39.571928,0.4146,1.605,0.145,-28.5645,-26.9775,22.522,102.733,-20.517,-38.892,0.1572,-0.1528,0.9766,-0.2441,0.4883,0.8545,-9.064,-9.602,15.051
2023-10-24 01:35:39.672268,0.4741,1.2866,0.2109,14.4653,107.666,233.3984,114.434,-36.293,-38.875,0.1582,-0.1631,0.9766,-1.4038,-1.0376,0.4883,-9.146,-9.597,15.145
2023-10-24 01:35:39.772558,0.4336,0.1919,0.459,181.8237,87.2192,177.2461,120.306,-60.787,-40.463,0.1709,-0.1504,0.9683,-1.3428,-1.0376,0.4883,-9.234,-9.717,15.205
2023-10-24 01:35:39.872993,0.2051,-1.5312,0.6631,-33.8135,15.3809,-2.3804,122.058,-74.493,-47.829,0.1938,-0.1611,0.9629,-1.2817,-0.2441,-0.6714,-9.322,-9.893,15.2
2023-10-24 01:35:39.973304,0.4258,-0.0435,0.5605,-107.605,-37.9028,-226.1963,107.644,-59.667,-35.87,0.1719,-0.1655,0.9805,0.3662,-0.4883,-0.7935,-9.338,-9.937,15.117
2023-10-24 01:35:40.073608,0.021,1.7471,0.4619,76.1108,-102.2949,-276.1841,106.194,-32.02,-33.673,0.1621,-0.1562,0.9727,1.77,1.3428,0.4272,-9.289,-9.805,15.101
2023-10-24 01:35:40.173898,0.5776,2.5996,-0.1108,110.2905,-20.752,90.9424,106.469,-17.073,-37.925,0.1768,-0.1572,0.9663,0.2441,-0.4272,0.3662,-9.212,-9.745,15.145
2023-10-24 01:35:40.274195,0.5088,1.0459,0.0698,18.5547,73.2422,206.0547,110.292,-33.085,-39.364,0.1572,-0.1597,0.9775,-1.0986,-1.2207,0.061,-9.234,-9.739,15.178
2023-10-24 01:35:40.374510,0.5181,0.395,0.3628,60.3027,69.0918,186.0352,116.532,-55.036,-39.968,0.166,-0.1592,0.9746,0.1831,-0.4883,0.8545,-9.311,-9.728,15.205
2023-10-24 01:35:40.474803,0.2388,-0.8525,0.8091,-158.9966,57.1289,39.3066,106.924,-68.093,-36.738,0.1768,-0.1626,0.9707,-0.4883,-0.7935,-0.7935,-9.355,-9.794,15.244
2023-10-24 01:35:40.575074,0.5713,0.0244,0.6724,-82.2754,-68.1763,-190.4907,104.194,-55.827,-35.431,0.1772,-0.1509,0.9712,0.3662,1.709,-0.9155,-9.355,-9.849,15.172
2023-10-24 01:35:40.675398,0.1416,1.0234,0.4761,173.0347,-112.1826,-232.666,111.434,-31.882,-38.117,0.1641,-0.1792,0.9692,0.6104,0.8545,1.2207,-9.322,-9.827,15.183
2023-10-24 01:35:40.775668,0.3018,1.3965,0.3027,-212.0972,-20.6909,30.7617,98.459,-18.583,-43.171,0.1655,-0.1592,0.9883,1.0376,1.6479,0.1221,-9.212,-9.63,15.172
2023-10-24 01:35:40.876003,0.5186,1.5449,0.0776,77.3315,94.7266,190.1855,112.39,-33.712,-43.066,0.1523,-0.1475,0.9775,-1.0986,0.3662,-0.4883,-9.218,-9.569,15.249
2023-10-24 01:35:40.976268,0.5659,0.4751,0.4111,141.9678,102.1118,193.2983,119.63,-57.101,-41.946,0.167,-0.1606,0.9673,-1.0986,-1.709,0.5493,-9.283,-9.69,15.233
2023-10-24 01:35:41.076533,-0.2373,-1.5405,0.9683,-26.7334,-19.043,11.1084,109.605,-70.312,-41.528,0.1826,-0.1572,0.9688,-1.77,-0.3052,-0.4883,-9.415,-9.783,15.276
2023-10-24 01:35:41.176843,0.4424,-0.0972,0.4902,-158.1421,-24.4751,-193.7866,105.205,-53.091,-41.281,0.186,-0.1616,0.9727,1.2207,0.9766,-0.1221,-9.399,-9.882,15.161
2023-10-24 01:35:41.277108,0.2593,1.4517,0.3589,147.4609,-109.7412,-243.7744,112.917,-28.339,-41.094,0.1621,-0.1724,0.9609,1.9531,1.3428,0.4272,-9.344,-9.789,15.255
2023-10-24 01:35:41.377403,0.3018,1.8359,0.1079,-53.6499,53.3447,120.1782,107.413,-19.347,-43.506,0.1641,-0.1479,0.9717,0.3662,-0.5493,0.6714,-9.234,-9.591,15.227
2023-10-24 01:35:41.477670,0.3477,0.7075,0.1875,-91.3086,109.4971,242.1265,110.297,-41.946,-42.891,0.146,-0.1558,0.9795,-1.0986,-1.0986,-0.3662,-9.294,-9.586,15.381
2023-10-24 01:35:41.577932,0.4678,0.4204,0.5928,52.063,76.6602,132.8735,110.814,-62.814,-36.793,0.1899,-0.1592,0.9692,-0.1831,-1.8921,-0.5493,-9.382,-9.772,15.304
2023-10-24 01:35:41.678209,0.1523,-0.6802,0.7935,121.2769,15.4419,-32.4707,104.661,-70.939,-31.306,0.1787,-0.1606,0.9751,-0.6104,0.6104,-0.3052,-9.41,-9.871,15.315
2023-10-24 01:35:41.778476,0.4502,-0.0273,0.6748,-61.4014,-79.5898,-215.0269,103.887,-54.174,-34.629,0.1787,-0.1675,0.9688,0.6104,0.3662,-1.5259,-9.41,-9.877,15.167
2023-10-24 01:35:41.878755,0.1855,1.6855,0.3462,55.9692,-103.3325,-255.127,109.396,-27.697,-37.095,0.1602,-0.1582,0.9712,1.5869,1.77,1.5259,-9.316,-9.739,15.2
2023-10-24 01:35:41.979020,0.2134,2.0029,0.1514,0.9766,55.542,138.1226,103.508,-20.847,-39.49,0.1753,-0.1606,0.9712,1.2207,-1.77,0.6714,-9.24,-9.673,15.282
2023-10-24 01:35:42.079483,0.4946,0.7573,0.1636,-34.8511,101.8066,235.2905,104.881,-42.358,-37.337,0.1499,-0.1523,0.9683,-1.0986,-1.0376,0.2441,-9.311,-9.641,15.403
2023-10-24 01:35:42.179755,0.4502,0.0776,0.3638,80.5664,121.1548,178.5889,105.864,-65.05,-29.965,0.1772,-0.1592,0.9653,-0.3662,-2.6245,-0.2441,-9.355,-9.75,15.386
2023-10-24 01:35:42.280028,0.2197,-1.0034,0.8052,64.8804,-47.8516,-36.7432,97.432,-73.493,-25.049,0.1904,-0.1562,0.9697,-0.1831,-0.4272,-0.3662,-9.393,-9.888,15.364
2023-10-24 01:35:42.380309,0.4712,-0.0195,0.5889,-57.251,-75.0732,-204.3457,103.601,-57.953,-34.772,0.1748,-0.1675,0.9702,0.6714,0.6714,-0.3052,-9.366,-9.882,15.271
2023-10-24 01:35:42.480585,0.2939,2.166,0.0742,103.4546,-151.4282,-243.2861,111.698,-32.245,-38.716,0.1553,-0.1587,0.9751,1.4038,1.0376,0.0,-9.316,-9.706,15.309
2023-10-24 01:35:42.580860,0.4072,1.6543,0.0015,86.2427,36.9263,104.9194,108.611,-24.109,-42.753,0.1724,-0.1553,0.9712,0.6104,-3.2959,0.6714,-9.261,-9.734,15.287
2023-10-24 01:35:42.681142,0.5469,1.019,0.2515,-10.8643,94.1162,215.21,110.956,-41.995,-42.034,0.1768,-0.1602,0.9688,-1.3428,-0.9766,-0.6714,-9.338,-9.794,15.342
2023-10-24 01:35:42.781426,0.2466,0.2251,0.6797,85.7544,119.6289,171.5698,113.73,-65.605,-35.656,0.1704,-0.1543,0.9746,-0.4272,0.6714,1.709,-9.349,-9.866,15.392
2023-10-24 01:35:42.881723,0.4014,-0.5352,0.7207,72.7539,-71.8994,-129.6997,110.945,-68.588,-35.76,0.1748,-0.146,0.9653,-0.6104,-0.061,-0.7935,-9.393,-9.816,15.408
2023-10-24 01:35:42.982053,0.7061,0.0054,0.4048,-32.4707,-45.2271,-248.23,106.534,-47.9,-36.271,0.1826,-0.1797,0.96,0.6104,-0.8545,0.3052,-9.36,-9.871,15.337
2023-10-24 01:35:43.082369,0.2271,2.9897,-0.2148,55.0537,-135.6812,-255.127,113.725,-19.94,-33.981,0.1519,-0.1572,0.981,0.4883,1.4038,-0.3052,-9.294,-9.717,15.37
2023-10-24 01:35:43.182676,0.4106,1.769,0.0356,146.5454,14.9536,178.1616,105.491,-22.066,-37.491,0.1748,-0.1553,0.9595,0.5493,0.3662,1.709,-9.25,-9.734,15.348
2023-10-24 01:35:43.282968,0.4648,0.3306,0.2563,61.5845,88.1958,279.9072,112.786,-48.884,-39.644,0.1592,-0.1528,0.9678,-2.2583,-1.709,-0.4272,-9.327,-9.706,15.535
2023-10-24 01:35:43.383225,-0.0864,-0.6606,0.8105,-109.2529,74.707,144.165,119.125,-70.098,-40.347,0.1699,-0.1533,0.9727,-0.5493,-0.8545,-0.061,-9.377,-9.91,15.436
2023-10-24 01:35:43.483560,0.3276,-0.0547,0.687,-82.4585,-115.4175,-169.3115,120.427,-62.216,-45.472,0.1792,-0.1689,0.9648,0.6714,-0.1831,-1.2817,-9.437,-9.937,15.359
2023-10-24 01:35:43.583857,0.5093,0.3481,0.4819,78.3691,-107.1777,-257.019,118.185,-37.178,-45.225,0.1758,-0.1724,0.9727,0.9766,2.8687,2.2583,-9.355,-9.855,15.381
2023-10-24 01:35:43.684139,0.7393,2.7266,-0.3247,-89.3555,-62.7441,-70.1294,114.763,-15.134,-45.78,0.1562,-0.1562,0.9819,0.9766,1.5259,-0.3052,-9.261,-9.591,15.414
2023-10-24 01:35:43.784439,0.8115,1.813,-0.3071,-26.4282,87.2192,187.3169,122.119,-29.608,-49.444,0.1489,-0.1533,0.9761,-0.6104,0.1221,1.9531,-9.229,-9.635,15.568
2023-10-24 01:35:43.884724,0.479,0.2705,0.3208,130.249,129.5166,168.1519,126.98,-53.569,-49.999,0.1714,-0.1509,0.9673,-1.4038,-3.2959,-0.9766,-9.36,-9.662,15.612
2023-10-24 01:35:43.984989,-0.4043,-1.2656,1.1387,74.0356,-1.3428,21.6064,127.749,-67.637,-51.823,0.1899,-0.1509,0.9629,-2.1362,-0.7935,-0.4272,-9.448,-9.877,15.524
2023-10-24 01:35:44.085256,0.4248,-0.1436,0.3174,-58.5327,-100.5249,-178.6499,122.36,-50.559,-50.993,0.2021,-0.1733,0.9717,1.1597,1.2817,-1.8311,-9.399,-10.096,15.331
2023-10-24 01:35:44.185536,0.3501,1.8408,-0.2949,134.7046,-145.3857,-228.8208,129.441,-25.005,-46.379,0.1597,-0.1729,0.9658,3.1738,2.3193,2.4414,-9.344,-9.998,15.403
2023-10-24 01:35:44.285799,0.8125,2.2969,-0.2617,140.8081,62.439,210.9375,126.628,-22.681,-48.159,0.1553,-0.1582,0.9771,0.1221,0.5493,2.4414,-9.218,-9.586,15.562
2023-10-24 01:35:44.386066,0.5972,0.6406,0.3232,70.3125,106.5674,161.0718,124.173,-43.121,-50.707,0.1333,-0.1504,0.9727,-2.9907,0.9155,0.061,-9.349,-9.349,15.738
2023-10-24 01:35:44.486328,0.4463,0.2588,0.2852,-25.6348,89.5996,115.7837,130.737,-58.958,-51.218,0.166,-0.1421,0.9736,0.6714,-4.0283,-1.0376,-9.311,-9.597,15.667
2023-10-24 01:35:44.586592,0.0518,-0.437,0.6694,-11.1084,-12.3901,-42.9688,122.173,-64.462,-49.466,0.1812,-0.1763,0.9736,-2.8687,-0.3662,-1.1597,-9.503,-9.723,15.595
2023-10-24 01:35:44.686856,0.4194,0.3359,0.4526,44.4946,-90.8203,-195.4956,121.218,-47.027,-46.95,0.2031,-0.1602,0.9663,1.6479,0.6714,-0.061,-9.47,-10.08,15.491
2023-10-24 01:35:44.787133,0.8301,2.3105,-0.3662,-52.002,-121.3379,-157.3486,122.767,-24.692,-46.055,0.1587,-0.1733,0.9751,2.2583,0.2441,0.6714,-9.311,-9.965,15.557
2023-10-24 01:35:44.887401,0.7695,1.522,-0.042,28.1982,35.2173,127.3193,119.246,-27.411,-49.059,0.1582,-0.1616,0.9829,-0.1221,2.9297,1.77,-9.234,-9.69,15.612
2023-10-24 01:35:44.987666,0.5566,0.293,0.272,76.5991,90.6982,175.354,121.652,-45.802,-51.367,0.1494,-0.1475,0.9712,-1.1597,-1.77,-0.5493,-9.3,-9.608,15.683
2023-10-24 01:35:45.087929,0.1147,-0.2832,0.4634,-141.2354,69.519,90.7593,126.052,-62.375,-52.614,0.1665,-0.1592,0.9727,-1.8921,-1.1597,-0.3052,-9.382,-9.789,15.645
2023-10-24 01:35:45.188199,0.6646,0.1978,0.4585,-37.8418,-63.8428,-178.7109,118.01,-56.959,-49.449,0.2036,-0.1587,0.9565,-0.1221,0.0,-0.3662,-9.536,-9.932,15.623
2023-10-24 01:35:45.288473,0.3413,0.6528,0.4956,134.1553,-97.6562,-233.3984,114.005,-35.392,-45.599,0.1772,-0.1714,0.9805,0.7324,0.2441,1.4648,-9.415,-9.915,15.65
2023-10-24 01:35:45.388738,0.582,1.9927,-0.1694,-96.9849,-84.7168,-128.7842,114.005,-15.831,-46.846,0.1543,-0.1675,0.9663,1.0986,1.8311,-0.1831,-9.377,-9.8,15.683
2023-10-24 01:35:45.489029,0.7007,1.7754,-0.1133,20.752,66.7114,191.6504,117.653,-24.725,-50.312,0.167,-0.1567,0.9634,0.6104,-0.9155,1.2207,-9.322,-9.662,15.705
2023-10-24 01:35:45.589320,0.4067,0.1543,0.4272,95.0317,87.3413,233.4595,119.317,-50.01,-51.768,0.1597,-0.1548,0.9756,-1.2817,-0.5493,1.0986,-9.355,-9.608,15.892
2023-10-24 01:35:45.689604,-0.0718,-1.2183,0.8818,36.377,21.4844,56.0913,125.25,-66.193,-57.151,0.1631,-0.1499,0.9688,-1.4648,-1.709,-2.3804,-9.421,-9.794,15.787
2023-10-24 01:35:45.789889,0.5781,-0.0112,0.3989,-85.7544,-62.6831,-171.6919,118.96,-52.657,-53.47,0.2046,-0.1694,0.9653,1.6479,-0.7935,-1.9531,-9.443,-9.932,15.595
2023-10-24 01:35:45.890172,0.3389,1.168,0.3252,148.3154,-79.0405,-227.1118,118.965,-30.229,-47.39,0.1753,-0.1797,0.9683,1.2817,4.2114,1.8921,-9.41,-9.904,15.667
2023-10-24 01:35:45.990458,0.5186,2.0698,0.001,93.0786,-6.2256,23.9868,117.092,-17.243,-47.554,0.1543,-0.1504,0.9697,0.0,-0.7935,-0.061,-9.283,-9.662,15.634
2023-10-24 01:35:46.090758,0.5659,1.0273,-0.0288,-31.5552,93.4448,224.3042,117.823,-37.875,-51.718,0.1504,-0.167,0.9775,-1.2817,-0.9766,1.4038,-9.338,-9.641,15.782
2023-10-24 01:35:46.191057,0.2158,-0.0806,0.5117,-41.2598,92.7734,151.3062,119.048,-60.37,-52.564,0.1768,-0.1475,0.9751,-1.2207,-2.0142,-0.9155,-9.432,-9.778,15.826
2023-10-24 01:35:46.291364,0.5049,-0.2617,0.5278,14.2822,-58.1055,-98.2056,116.642,-62.919,-52.806,0.1973,-0.1636,0.9653,-0.7324,1.4648,-0.8545,-9.514,-10.003,15.749
2023-10-24 01:35:46.391762,0.563,-0.019,0.4976,28.1372,-62.6831,-221.9849,113.763,-42.05,-50.911,0.187,-0.1816,0.9692,1.4648,2.2583,0.3662,-9.454,-9.998,15.661
2023-10-24 01:35:46.492062,0.5742,2.3608,-0.2192,-17.0898,-102.356,-214.8438,121.289,-16.622,-47.554,0.146,-0.1572,0.9727,0.8545,2.4414,0.0,-9.333,-9.739,15.672
2023-10-24 01:35:46.592354,0.6899,1.5952,-0.1055,105.957,26.062,80.9326,119.246,-14.755,-48.834,0.1631,-0.1538,0.9717,-0.4272,-2.7466,1.0986,-9.261,-9.569,15.694
2023-10-24 01:35:46.692638,0.6079,0.7871,0.0303,12.085,67.5659,176.8188,120.251,-30.542,-51.086,0.1802,-0.1636,0.9761,-1.3428,-1.4648,-0.9766,-9.377,-9.712,15.727
2023-10-24 01:35:46.792935,0.0459,-0.2144,0.2969,-43.457,40.5273,154.2358,125.431,-48.79,-56.997,0.1665,-0.1543,0.9668,-2.0752,-1.2207,-0.5493,-9.492,-9.965,15.688
2023-10-24 01:35:46.893214,0.2959,-0.292,0.3257,22.7661,-39.917,-133.7891,120.948,-48.972,-54.981,0.1929,-0.1689,0.957,-0.1221,0.8545,0.6714,-9.613,-9.987,15.688
2023-10-24 01:35:46.993480,0.3608,0.0767,0.4771,153.8086,-75.1953,-249.2065,117.548,-29.009,-48.494,0.1753,-0.1572,0.9697,2.0142,2.6245,2.0142,-9.432,-9.877,15.793
2023-10-24 01:35:47.093769,0.4336,2.4258,-0.1963,-42.2974,-20.4468,30.4565,123.173,-8.339,-47.225,0.1626,-0.1602,0.9839,3.3569,0.9155,0.4883,-9.185,-9.597,15.919
2023-10-24 01:35:47.194175,0.521,1.0083,-0.229,-108.8257,88.1958,150.8179,122.585,-20.363,-50.658,0.1411,-0.1582,0.9614,-2.6245,-0.7935,-0.9766,-9.322,-9.404,15.941
2023-10-24 01:35:47.294438,0.6528,0.8003,0.0991,64.7583,115.0513,132.8125,127.013,-36.942,-50.065,0.1846,-0.1499,0.9712,-0.2441,-2.7466,-1.8311,-9.377,-9.52,15.699
2023-10-24 01:35:47.394701,0.0649,-0.1914,0.5483,-178.5889,78.6133,100.4639,124.739,-52.147,-50.652,0.1587,-0.166,0.9775,-2.2583,-0.2441,2.0752,-9.492,-9.63,15.853
2023-10-24 01:35:47.494971,0.4219,0.0024,0.2695,51.7578,-110.4736,-158.8135,119.553,-49.241,-51.339,0.1968,-0.1636,0.9678,-0.6714,-0.3662,-2.0752,-9.635,-9.811,15.82
2023-10-24 01:35:47.595232,0.479,0.8823,0.2041,34.9121,-110.0464,-220.0317,121.311,-27.938,-49.856,0.1704,-0.1689,0.978,2.5635,1.5259,2.8076,-9.487,-9.882,15.853
2023-10-24 01:35:47.695496,0.6567,3.2119,-0.6758,79.4067,-22.7661,-34.1797,123.547,-7.476,-47.62,0.1499,-0.1665,0.9722,1.1597,2.1973,-0.5493,-9.355,-9.613,15.936
2023-10-24 01:35:47.795759,0.6802,1.1948,-0.3848,-150.2075,98.1445,203.5522,122.014,-21.588,-50.938,0.1494,-0.1514,0.978,-1.1597,0.4883,1.6479,-9.322,-9.404,15.919
2023-10-24 01:35:47.896021,0.5044,-0.0386,0.3091,129.1504,84.5337,166.1987,124.777,-42.275,-52.916,0.168,-0.1597,0.9692,-1.77,-1.2817,-1.4038,-9.465,-9.404,15.93
2023-10-24 01:35:47.996309,-0.0469,-1.2007,0.4536,-186.1572,28.2593,70.7397,123.937,-54.69,-58.777,0.1611,-0.1562,0.9683,-1.2207,-2.0752,-0.1831,-9.553,-9.635,15.87
2023-10-24 01:35:48.096676,0.3989,0.0366,0.3301,-43.1519,-47.7905,-180.4199,122.651,-45.714,-55.854,0.1782,-0.1577,0.9702,1.0986,-0.2441,-1.0986,-9.58,-9.734,15.853
2023-10-24 01:35:48.196948,0.4775,1.3384,0.0078,165.9546,-131.897,-231.2622,124.365,-23.401,-50.515,0.1875,-0.1919,0.9531,1.709,0.7324,1.5259,-9.564,-9.838,15.881
2023-10-24 01:35:48.297217,0.626,2.061,-0.3652,112.7319,10.5591,60.1807,126.508,-9.448,-50.565,0.1616,-0.1631,0.9834,1.0376,3.1738,0.7935,-9.393,-9.564,15.974
2023-10-24 01:35:48.397487,0.543,1.3115,-0.2241,-171.3257,118.7744,180.542,122.454,-24.027,-53.833,0.1489,-0.1611,0.9658,-1.4648,1.0986,-0.061,-9.388,-9.476,16.013
2023-10-24 01:35:48.497872,0.1484,0.0083,0.6396,-64.3311,90.1489,163.7573,119.713,-45.934,-54.355,0.1567,-0.1528,0.9741,-1.3428,-1.9531,-0.6714,-9.459,-9.498,15.969
2023-10-24 01:35:48.598159,0.1309,-0.748,0.5337,50.6592,-3.1128,14.4653,119.421,-54.069,-57.244,0.1655,-0.146,0.9614,-0.6714,-1.5869,-1.0986,-9.514,-9.635,15.919
2023-10-24 01:35:48.698448,0.4116,0.0527,0.3164,19.5312,-58.6548,-201.2939,118.894,-38.787,-53.459,0.1963,-0.1807,0.978,1.0986,-3.418,-0.1221,-9.525,-9.783,15.864
2023-10-24 01:35:48.798728,0.5605,2.001,-0.1748,-43.335,-84.8999,-186.7065,121.536,-15.595,-48.686,0.1743,-0.1738,0.9712,2.2583,1.0376,0.9155,-9.575,-9.855,15.974
2023-10-24 01:35:48.899010,0.5093,1.8491,-0.1187,93.689,6.1646,68.2983,121.426,-10.437,-49.301,0.1567,-0.1519,0.978,0.6104,0.4883,0.4272,-9.404,-9.668,15.996
2023-10-24 01:35:48.999304,0.5776,1.1494,-0.0229,-94.1162,64.3921,188.2935,119.603,-26.005,-53.19,0.1567,-0.166,0.9707,-0.061,0.061,-0.5493,-9.426,-9.569,15.985
2023-10-24 01:35:49.099587,0.2437,0.0396,0.3008,-22.8882,69.397,136.9019,119.806,-45.093,-56.014,0.1567,-0.1606,0.9756,-1.8921,-2.2583,0.6714,-9.503,-9.641,16.04
2023-10-24 01:35:49.199885,0.1899,-0.5469,0.5171,29.4189,-17.8833,-60.6079,116.164,-50.757,-55.569,0.1763,-0.1533,0.9648,-1.0986,0.1831,-0.7935,-9.624,-9.767,16.035
2023-10-24 01:35:49.300181,0.3521,0.1211,0.4429,15.8081,-58.2886,-203.9795,113.351,-33.871,-51.823,0.188,-0.165,0.9805,0.6104,0.9155,0.6714,-9.503,-9.855,15.98
2023-10-24 01:35:49.400477,0.5942,3.4805,-0.7466,10.8032,-138.1226,-159.3628,124.783,-8.663,-51.79,0.1768,-0.1797,0.9609,2.1362,2.3193,-0.1221,-9.525,-9.789,16.018
2023-10-24 01:35:49.500775,0.7329,1.3804,-0.3755,32.2876,70.9839,133.9722,123.898,-13.87,-56.92,0.1494,-0.1548,0.9897,0.7324,0.4272,1.4648,-9.305,-9.58,16.051
2023-10-24 01:35:49.601206,0.6064,0.7778,-0.0811,41.8701,84.7778,176.0864,121.778,-30.965,-56.25,0.1567,-0.1499,0.9653,-1.6479,1.77,-2.0752,-9.498,-9.349,16.024
2023-10-24 01:35:49.701505,0.3403,0.2329,0.291,42.3584,76.2329,104.4312,127.408,-48.84,-57.354,0.1528,-0.146,0.9644,-0.6714,-2.0142,0.3662,-9.492,-9.531,15.941
2023-10-24 01:35:49.801805,0.0264,-0.8574,0.7412,40.7715,-16.8457,-104.6753,114.423,-54.597,-51.998,0.1841,-0.1646,0.9653,-1.0986,-2.0752,0.8545,-9.591,-9.624,16.117
2023-10-24 01:35:49.902089,0.3916,0.3306,0.3037,118.103,-113.2812,-268.7988,117.664,-32.596,-50.466,0.1797,-0.1558,0.9727,0.7324,0.9155,-0.9155,-9.558,-9.717,16.013
2023-10-24 01:35:50.002390,0.6265,3.3486,-0.9004,-74.0356,-66.3452,-76.7822,122.745,-7.663,-49.059,0.1792,-0.1841,0.9731,3.2959,1.4038,1.4648,-9.437,-9.701,16.095
2023-10-24 01:35:50.102671,0.7109,1.7368,-0.6313,-109.0088,108.2764,212.8906,124.568,-21.138,-53.74,0.1416,-0.1538,0.9795,-0.6104,2.1362,0.5493,-9.349,-9.366,16.111
2023-10-24 01:35:50.202950,0.4092,0.522,0.1558,139.2822,153.5034,187.8662,119.537,-48.104,-51.987,0.1553,-0.1514,0.9678,-2.1362,0.1831,-0.4883,-9.404,-9.25,16.1
2023-10-24 01:35:50.303224,-0.1401,-1.002,0.8472,-42.1753,14.5264,57.7393,116.307,-65.973,-49.043,0.1548,-0.1548,0.9707,-1.8921,-0.4272,0.0,-9.498,-9.355,16.106
2023-10-24 01:35:50.403486,0.4346,0.0986,0.3843,-84.5947,-106.1401,-178.2837,117.268,-53.322,-51.954,0.1802,-0.1504,0.9653,2.2583,-1.1597,-1.0986,-9.487,-9.558,16.068
2023-10-24 01:35:50.503753,0.0781,0.9478,0.2534,121.2158,-92.7734,-250.7935,116.274,-28.427,-49.702,0.1904,-0.1953,0.9526,1.5259,-1.5869,0.7324,-9.509,-9.695,16.111
2023-10-24 01:35:50.604035,0.4019,2.293,-0.1313,-112.7319,-1.8311,75.9277,116.559,-8.981,-50.251,0.1592,-0.165,0.9814,0.2441,2.8076,-0.8545,-9.459,-9.525,16.068
2023-10-24 01:35:50.704296,0.7803,1.2227,-0.1362,38.6353,78.3691,117.7368,118.416,-21.83,-52.526,0.1382,-0.1655,0.9888,-1.0986,0.2441,1.4038,-9.415,-9.476,16.15
2023-10-24 01:35:50.804557,0.4834,0.749,0.1182,9.6436,111.9385,159.9121,126.315,-40.666,-51.29,0.1665,-0.1626,0.9868,-0.4883,-2.0142,0.0,-9.443,-9.481,16.128
2023-10-24 01:35:50.904863,0.1489,-0.0601,0.5889,-129.5166,38.4521,77.0264,122.02,-56.695,-51.279,0.1675,-0.1553,0.9644,-1.0986,0.0,-0.1221,-9.536,-9.58,16.183
2023-10-24 01:35:51.005123,0.1494,-0.3701,0.6455,37.6587,-65.1855,-206.9092,107.792,-53.333,-50.312,0.1924,-0.1699,0.9556,-0.6104,0.2441,-1.2817,-9.613,-9.75,16.117
2023-10-24 01:35:51.105431,0.2915,1.1196,0.0894,92.1021,-125.5493,-229.7974,119.108,-27.96,-51.152,0.1694,-0.1748,0.9907,1.4648,1.2817,1.77,-9.454,-9.706,16.111
2023-10-24 01:35:51.205694,0.4282,2.8027,-0.4028,163.3301,19.4702,102.2949,125.206,-12.953,-51.85,0.1509,-0.168,0.9722,2.0752,1.6479,0.1831,-9.393,-9.492,16.166
2023-10-24 01:35:51.305957,0.6675,0.6509,-0.2075,-106.4453,148.8647,176.2085,125.272,-32.899,-56.091,0.1509,-0.1616,0.9688,-2.3193,-0.6104,1.5869,-9.415,-9.338,16.276
2023-10-24 01:35:51.406224,0.3496,0.3452,0.3481,-59.6313,78.9185,78.7964,122.245,-50.367,-53.091,0.167,-0.1475,0.9712,-1.5259,-1.1597,-0.3052,-9.503,-9.443,16.315
2023-10-24 01:35:51.506490,0.6206,0.1802,0.2461,57.5562,-78.4912,-95.7642,119.284,-50.081,-53.888,0.1621,-0.145,0.9697,-1.0376,-1.5869,-1.8311,-9.509,-9.608,16.199
2023-10-24 01:35:51.606764,0.4111,0.7026,0.2202,4.8828,-109.9854,-211.3037,120.948,-31.256,-53.086,0.1924,-0.1777,0.9883,0.0,0.061,0.3662,-9.492,-9.712,16.106
2023-10-24 01:35:51.707141,0.583,2.7417,-0.5791,137.207,-80.6885,-90.9424,122.102,-11.662,-52.982,0.1724,-0.1758,0.979,1.2817,2.1362,1.4648,-9.591,-9.739,16.282
2023-10-24 01:35:51.807412,0.4741,1.4932,-0.2471,-200.9888,121.6431,174.0112,122.289,-25.208,-54.926,0.1841,-0.1538,0.9585,1.8311,2.9297,1.5259,-9.443,-9.569,16.287
2023-10-24 01:35:51.907676,0.6255,0.4849,0.1655,34.2407,108.5205,181.9458,114.346,-45.126,-53.833,0.1357,-0.1479,0.9492,-0.9155,-0.3662,-0.7935,-9.437,-9.311,16.375
2023-10-24 01:35:52.007958,-0.1387,-1.0352,0.7637,-63.7817,17.0288,84.6558,115.214,-61.6,-53.388,0.144,-0.1538,0.9717,-0.7935,-4.3945,-0.7324,-9.426,-9.344,16.249
2023-10-24 01:35:52.108235,0.3315,-0.1089,0.2764,50.415,-81.7871,-164.4897,119.465,-53.036,-56.459,0.1665,-0.1567,0.9678,-0.3662,-1.2817,-1.3428,-9.481,-9.514,16.21
2023-10-24 01:35:52.208518,0.3667,0.9165,0.2759,-12.3291,-106.2622,-239.9292,118.021,-30.251,-53.201,0.21,-0.1943,0.9536,0.4883,-1.0986,1.4038,-9.553,-9.739,16.199
2023-10-24 01:35:52.308942,0.8857,0.7817,-0.4077,59.4482,54.5654,147.8271,119.559,-14.03,-55.388,0.1704,-0.1665,0.9834,2.3804,3.8452,-0.1221,-9.492,-9.542,16.276
2023-10-24 01:35:52.409222,0.6196,0.9502,-0.082,-163.9404,122.6807,180.481,118.306,-30.498,-55.283,0.1377,-0.1792,0.9683,-2.1973,-0.5493,2.3804,-9.492,-9.492,16.419
2023-10-24 01:35:52.509505,0.3315,0.2578,0.4805,1.5259,90.9424,191.8335,110.303,-53.844,-52.844,0.1582,-0.1504,0.9668,-0.3662,-1.0986,-1.6479,-9.525,-9.377,16.315
2023-10-24 01:35:52.609803,0.0156,-0.8877,0.7549,-31.25,-28.1372,-19.2871,108.787,-65.731,-53.19,0.165,-0.1489,0.9653,-1.5869,-1.0376,0.1221,-9.476,-9.498,16.287
2023-10-24 01:35:52.710100,0.6011,0.0332,0.3877,-40.3442,-62.0117,-211.1816,108.803,-51.141,-56.349,0.1719,-0.1714,0.9902,-1.4648,2.6245,-0.8545,-9.503,-9.624,16.227
2023-10-24 01:35:52.810401,0.126,1.312,0.3354,28.6865,-73.8525,-279.1138,109.501,-25.208,-53.613,0.1689,-0.1885,0.9834,2.5635,1.5259,1.2207,-9.586,-9.844,16.359
2023-10-24 01:35:52.910693,0.4229,1.1353,-0.0913,265.4419,68.9087,199.4019,115.422,-13.26,-55.322,0.167,-0.1567,0.9624,2.3804,0.0,-0.7324,-9.421,-9.613,16.265
2023-10-24 01:35:53.011053,0.4585,0.9072,-0.0649,-111.5723,110.2905,216.1255,117.46,-34.206,-56.569,0.145,-0.1685,0.9697,-0.7935,1.2207,1.2817,-9.514,-9.465,16.469
2023-10-24 01:35:53.111462,0.4146,0.0259,0.3975,16.6016,85.3882,216.1255,118.07,-59.266,-59.128,0.1699,-0.1426,0.9839,-0.6714,0.061,0.2441,-9.487,-9.432,16.463
2023-10-24 01:35:53.211750,0.0615,-1.3779,0.6851,-104.5532,2.3804,13.7939,119.482,-73.51,-64.611,0.1831,-0.1592,0.9663,-0.8545,0.3662,-0.6104,-9.503,-9.514,16.49
2023-10-24 01:35:53.312035,0.4902,-0.0454,0.4468,-66.04,-54.0771,-243.2861,110.709,-57.497,-58.837,0.1602,-0.1582,0.981,0.1221,0.1831,-2.3804,-9.404,-9.597,16.331
2023-10-24 01:35:53.412314,0.0278,0.9492,0.3901,48.9502,-55.542,-293.2739,106.243,-30.212,-53.536,0.166,-0.1855,0.9526,0.3052,1.5259,0.1221,-9.52,-9.701,16.276
2023-10-24 01:35:53.512662,0.7837,2.7568,-0.6875,134.5825,76.1719,181.8848,117.246,-13.727,-53.481,0.1797,-0.1548,0.9741,0.7935,0.1831,0.8545,-9.481,-9.536,16.243
2023-10-24 01:35:53.613040,0.3481,0.7207,0.0757,-178.3447,117.1265,253.7842,118.647,-38.568,-54.591,0.1582,-0.1748,0.9824,-2.5635,0.8545,3.3569,-9.597,-9.487,16.54
2023-10-24 01:35:53.713346,0.375,-0.0986,0.2734,127.7466,87.0361,161.8042,116.263,-61.562,-55.948,0.1646,-0.1372,0.9678,-0.4883,0.3052,0.0,-9.58,-9.536,16.628
2023-10-24 01:35:53.813612,0.2324,-0.8862,0.5112,-41.2598,-29.9072,-59.8145,113.187,-70.258,-55.344,0.1787,-0.1528,0.9604,-0.061,-0.061,-0.8545,-9.487,-9.536,16.584
2023-10-24 01:35:53.913892,0.5488,-0.0879,0.5073,-29.2358,-45.5322,-215.5762,105.914,-52.971,-50.746,0.1553,-0.167,0.9731,0.9155,0.3052,-2.2583,-9.371,-9.569,16.37
2023-10-24 01:35:54.014174,0.2554,1.4595,0.3745,74.7681,-86.0596,-247.3755,110.039,-28.394,-48.73,0.1597,-0.1704,0.9629,0.7324,2.0142,-0.1831,-9.454,-9.492,16.304
2023-10-24 01:35:54.114470,0.6479,1.8823,-0.0981,226.3794,45.4712,112.4268,120.674,-23.28,-50.9,0.1831,-0.1558,0.9751,0.9155,-0.4272,1.77,-9.404,-9.393,16.375
2023-10-24 01:35:54.214737,0.6523,0.7266,-0.0708,-104.248,82.6416,188.9648,114.456,-39.293,-52.449,0.146,-0.1636,0.9624,-1.6479,-1.0376,0.2441,-9.547,-9.399,16.595
2023-10-24 01:35:54.315003,0.1099,0.1338,0.4287,88.3789,122.4976,150.5127,115.862,-59.359,-48.257,0.1641,-0.1592,0.9658,-1.3428,-3.8452,-2.1362,-9.591,-9.619,16.474
2023-10-24 01:35:54.415291,0.1636,-0.5439,0.5986,86.731,-6.4087,-146.0571,105.732,-61.463,-38.43,0.1904,-0.1689,0.9707,-0.1831,-1.5869,-1.709,-9.673,-9.833,16.315
2023-10-24 01:35:54.515552,0.3081,0.3755,0.3853,31.1279,-47.4854,-219.9097,106.386,-41.743,-34.948,0.1826,-0.1792,0.9819,2.5635,1.6479,1.1597,-9.525,-9.888,16.26
2023-10-24 01:35:54.615821,0.71,5.0522,-1.1431,-40.5273,-144.043,-165.7715,118.323,-16.996,-35.541,0.1465,-0.1592,0.9795,2.9907,5.188,1.2817,-9.355,-9.377,16.364
2023-10-24 01:35:54.716089,0.542,2.0664,0.0532,212.4634,57.373,174.4385,122.695,-33.267,-40.078,0.1455,-0.1519,0.9805,-2.6245,0.6714,4.0283,-9.261,-9.042,16.479
2023-10-24 01:35:54.816367,0.5781,0.251,-0.144,-82.5195,54.0161,160.0952,127.156,-50.883,-48.301,0.1597,-0.1504,0.958,-2.0142,-4.5776,-3.9062,-9.454,-8.915,16.436
2023-10-24 01:35:54.916634,-0.1255,-0.3354,0.6191,-57.9834,72.0215,60.0586,129.716,-63.155,-49.949,0.1602,-0.1479,0.9761,-2.0142,-5.0659,-2.3804,-9.52,-9.432,16.177
2023-10-24 01:35:55.016901,0.397,-0.105,0.2466,-23.7427,-60.5469,-202.3926,113.209,-53.212,-43.489,0.1899,-0.1616,0.9663,1.0376,-0.4272,0.1831,-9.673,-9.679,16.128
2023-10-24 01:35:55.117166,0.2925,0.8555,0.4458,83.313,-120.5444,-265.3809,116.603,-31.547,-41.039,0.1816,-0.1753,0.9585,2.2583,1.709,2.5635,-9.58,-9.69,16.243
2023-10-24 01:35:55.217454,0.3882,1.4146,0.0859,29.1138,17.7612,200.8667,113.802,-16.111,-44.802,0.1758,-0.1724,0.9839,4.0283,3.9673,2.1362,-9.338,-9.267,16.479
2023-10-24 01:35:55.317746,1.0151,1.4629,-0.1772,-51.8188,79.834,161.3159,120.641,-32.58,-48.159,0.1299,-0.1641,0.9692,-2.8687,2.5024,-3.0518,-9.316,-8.959,16.523
2023-10-24 01:35:55.418024,0.3813,0.3667,0.3301,95.0928,100.647,150.4517,127.216,-52.91,-49.988,0.1582,-0.1558,0.9717,-0.1831,-5.4321,-1.3428,-9.327,-9.058,16.183
2023-10-24 01:35:55.518306,-0.1294,-0.9116,0.5107,-134.0332,-36.377,-17.0898,117.296,-67.11,-52.778,0.1465,-0.1636,0.9771,-3.8452,0.9766,0.7935,-9.514,-9.097,16.276
2023-10-24 01:35:55.618589,0.1846,0.0317,0.2866,-31.0669,-51.5137,-211.731,114.911,-52.377,-51.422,0.1924,-0.1548,0.9443,2.1973,0.6104,0.2441,-9.514,-9.47,16.216
2023-10-24 01:35:55.718880,0.2695,1.4395,-0.3018,457.3975,-188.4766,-286.8652,117.318,-28.356,-48.576,0.165,-0.1973,0.9736,2.0142,0.9766,2.3193,-9.432,-9.371,16.452
2023-10-24 01:35:55.819178,0.4487,2.4414,-0.3032,225.4639,46.3867,112.7319,131.364,-18.907,-50.62,0.1377,-0.1655,1.0132,4.6387,-0.6714,-0.6104,-9.152,-9.174,16.43
2023-10-24 01:35:55.919479,0.4722,-0.0273,0.0742,43.5181,117.4316,210.8765,120.91,-39.809,-54.415,0.1104,-0.1396,0.9736,-2.8687,1.9531,-2.9297,-9.256,-8.926,16.501
2023-10-24 01:35:56.019957,-0.0552,-0.332,0.3477,162.8418,269.9585,259.9487,126.326,-60.309,-51.79,0.188,-0.1411,0.9663,-3.1128,-4.7607,-3.8452,-9.366,-9.124,16.133
2023-10-24 01:35:56.120259,-0.0229,-0.7671,0.4561,-79.834,-27.4048,-74.4019,125.392,-67.703,-52.998,0.1934,-0.1738,0.959,-0.4883,-2.0142,0.1221,-9.498,-9.723,16.062
2023-10-24 01:35:56.220549,0.5449,0.0791,0.1997,-73.7915,-45.8374,-210.2661,115.291,-47.373,-46.835,0.2051,-0.1777,0.9424,3.1738,3.6621,3.3569,-9.52,-9.75,16.282
2023-10-24 01:35:56.320844,0.9287,2.7314,-0.3965,126.1597,-149.9634,-197.998,125.651,-22.489,-46.219,0.1416,-0.1509,0.9888,3.479,7.6294,1.5259,-9.13,-9.229,16.381
2023-10-24 01:35:56.421135,0.4028,1.6235,-0.1626,-48.9502,-35.4004,54.6875,126.832,-16.518,-52.921,0.0737,-0.1538,0.9976,-1.6479,-2.9297,-1.9531,-8.926,-8.663,16.254
2023-10-24 01:35:56.521446,0.6968,1.8594,-0.7891,207.5195,160.7666,202.5146,129.803,-27.708,-54.19,0.1875,-0.1436,0.9482,-0.4883,-8.2397,-2.5024,-9.135,-8.784,16.04
2023-10-24 01:35:56.621727,0.0854,0.1152,-0.2969,-86.4258,22.7661,179.9316,132.38,-50.894,-58.953,0.1655,-0.1577,0.9634,-5.9204,-0.8545,2.0142,-9.454,-9.272,16.194
2023-10-24 01:35:56.722016,0.0361,0.377,0.3726,-94.7876,-55.481,-109.2529,122.443,-61.551,-57.316,0.2173,-0.1616,0.9609,-1.1597,-1.6479,0.5493,-9.723,-9.695,16.342
2023-10-24 01:35:56.822291,0.1143,-0.1992,0.4883,42.4805,13.1836,-225.1587,105.04,-42.924,-48.351,0.1899,-0.1626,0.9683,3.7231,0.8545,0.3052,-9.404,-9.899,16.348
2023-10-24 01:35:56.922566,0.269,2.2007,-0.0767,91.6138,-124.8169,-324.7681,113.851,-12.464,-45.066,0.1294,-0.1655,0.9976,4.1504,-0.5493,1.0376,-9.097,-9.388,16.337
2023-10-24 01:35:57.022857,0.1606,2.0225,-0.0913,206.4209,22.0947,179.5654,124.195,-11.129,-48.999,0.1201,-0.1543,0.9814,-2.3193,-3.9673,-0.3052,-9.003,-9.003,16.232
2023-10-24 01:35:57.123137,0.5508,0.708,0.0059,24.4141,136.4746,243.3472,116.466,-32.542,-48.691,0.1479,-0.1421,0.9883,-3.1738,1.8921,1.0376,-9.278,-8.937,16.408
2023-10-24 01:35:57.223404,-0.0166,-0.2456,0.249,-30.7617,113.2202,174.9878,115.95,-55.756,-45.687,0.1626,-0.1699,0.959,-3.1738,-6.2256,0.3662,-9.619,-9.459,16.529
2023-10-24 01:35:57.323821,-0.1113,-0.4941,0.5693,-49.8657,-57.251,-73.9746,111.687,-61.815,-43.456,0.2183,-0.1626,0.9741,-0.7324,-2.3804,-1.1597,-9.767,-9.805,16.512
2023-10-24 01:35:57.424081,0.6748,0.3101,0.3604,60.6689,-73.0591,-201.2939,112.352,-42.583,-45.851,0.1841,-0.1611,0.9746,2.9907,3.1738,1.6479,-9.608,-9.976,16.507
2023-10-24 01:35:57.524347,0.52,3.3657,-0.6792,-15.7471,-166.8091,-206.7871,127.365,-18.622,-46.961,0.1562,-0.1641,0.9785,2.1362,0.0,0.9155,-9.382,-9.657,16.595
2023-10-24 01:35:57.624607,0.5898,2.3223,-0.6909,65.4907,12.4512,86.9751,133.385,-13.733,-51.383,0.1333,-0.1553,0.9897,-0.1221,0.5493,0.3662,-9.278,-9.218,16.584
2023-10-24 01:35:57.724867,0.748,0.7251,-0.2651,96.9849,102.1118,150.3296,126.403,-29.476,-53.069,0.1528,-0.1577,0.9741,-1.9531,2.0142,-0.3052,-9.443,-9.196,16.727
2023-10-24 01:35:57.825137,0.1548,0.1904,0.1494,-71.5942,94.4214,153.0151,129.792,-48.17,-55.228,0.1685,-0.1499,0.9717,-0.5493,-3.3569,-0.7935,-9.591,-9.366,16.688
2023-10-24 01:35:57.925419,-0.041,-0.4106,0.5078,4.3945,-3.9062,10.437,120.053,-57.81,-56.508,0.1802,-0.1714,0.9712,-0.8545,0.061,-1.4038,-9.712,-9.47,16.639
2023-10-24 01:35:58.025718,0.6069,0.0967,0.396,11.9629,-39.6118,-185.3027,116.087,-45.143,-52.372,0.166,-0.1572,0.9727,1.3428,2.2583,-0.3052,-9.624,-9.547,16.529
2023-10-24 01:35:58.125996,0.5747,1.2759,0.1895,328.0029,-111.3892,-286.377,119.333,-22.983,-48.686,0.1646,-0.1851,0.9717,3.6011,0.7935,2.1973,-9.366,-9.377,16.633
2023-10-24 01:35:58.226257,0.5205,2.147,-0.2451,258.667,41.3208,104.187,124.14,-14.678,-49.016,0.1328,-0.1685,0.9932,0.1831,1.0376,-0.4883,-9.272,-9.152,16.732
2023-10-24 01:35:58.326524,0.2256,0.8584,-0.0889,-37.2314,117.1265,300.415,119.987,-38.447,-52.701,0.1465,-0.1553,0.9746,-2.5024,0.8545,-0.4272,-9.443,-9.108,16.749
2023-10-24 01:35:58.426786,0.106,-0.3701,0.3062,-11.7798,123.1689,326.4771,124.003,-64.116,-58.239,0.1787,-0.1592,0.96,-1.2817,-1.9531,-0.1221,-9.635,-9.399,16.76
2023-10-24 01:35:58.527059,0.543,-0.5405,0.3638,-18.7988,-33.6304,-133.3008,123.486,-67.335,-59.502,0.1812,-0.1553,0.9648,-0.3662,-0.5493,-1.2207,-9.717,-9.426,16.716
2023-10-24 01:35:58.627381,0.6328,0.063,0.4912,-48.3398,-34.79,-246.3989,108.38,-47.659,-49.422,0.1865,-0.1719,0.957,3.7231,1.1597,1.2817,-9.553,-9.514,16.683
2023-10-24 01:35:58.727727,0.6094,2.6714,0.0137,-22.0337,-96.1914,-232.5439,106.804,-19.984,-47.796,0.1304,-0.168,0.9531,1.4038,1.5259,-0.4272,-9.322,-9.283,16.749
2023-10-24 01:35:58.828005,0.8545,2.7402,-0.5405,19.8975,63.4766,168.396,122.888,-18.545,-50.641,0.1406,-0.1646,0.9805,-1.8311,-0.4272,0.1831,-9.278,-9.141,16.666
2023-10-24 01:35:58.928288,0.251,0.6006,0.0,-56.5796,128.0518,255.4321,111.286,-45.049,-51.685,0.1782,-0.1704,0.9771,-2.5635,0.7324,0.4883,-9.63,-9.24,16.798
2023-10-24 01:35:59.028605,-0.4478,-0.1079,0.8008,-139.8926,45.0439,148.8037,109.605,-66.83,-47.131,0.1792,-0.1279,0.9736,-2.8076,3.1128,-1.9531,-9.712,-9.432,16.705
2023-10-24 01:35:59.128917,0.2329,-0.5142,0.3584,-97.4121,-58.4106,-184.6313,104.42,-57.294,-52.954,0.1929,-0.1606,0.9585,1.9531,0.8545,-0.7324,-9.673,-9.712,16.6
2023-10-24 01:35:59.229216,0.7095,0.4585,0.4004,96.7407,-10.3149,-297.6685,100.86,-30.877,-49.153,0.1519,-0.1821,0.9941,2.2583,2.3804,2.0752,-9.503,-9.525,16.727
2023-10-24 01:35:59.329508,0.9336,3.3696,-0.4878,176.3306,-3.6621,-20.9351,113.423,-12.909,-47.016,0.1553,-0.165,0.9727,3.3569,4.1504,-0.1221,-9.311,-9.371,16.776
2023-10-24 01:35:59.429804,0.6719,1.2827,-0.0801,-77.5757,88.8672,245.0562,112.615,-31.553,-48.164,0.1465,-0.1543,0.9595,-1.0376,-0.7935,1.1597,-9.289,-9.179,16.798
2023-10-24 01:35:59.530116,0.1729,-0.021,0.3604,94.7876,100.4639,191.8945,107.891,-56.277,-46.181,0.1577,-0.1401,0.9761,-3.418,-1.709,0.0,-9.41,-9.157,16.859
2023-10-24 01:35:59.630409,-0.0005,-0.6523,0.3208,-56.2744,-47.7905,-20.5688,104.985,-65.132,-50.131,0.1826,-0.1553,0.9644,0.1221,-0.6714,-0.8545,-9.553,-9.377,16.776
2023-10-24 01:35:59.730695,0.4634,-0.0801,0.2563,-28.3813,-49.5605,-235.8398,101.876,-48.115,-51.443,0.1631,-0.167,0.9712,0.4883,1.1597,-0.4272,-9.476,-9.415,16.699
2023-10-24 01:35:59.830994,0.7725,1.3564,0.2202,217.6514,-44.4946,-302.9175,97.064,-21.775,-50.208,0.168,-0.1748,0.9678,2.1973,5.4321,0.6714,-9.371,-9.316,16.694
2023-10-24 01:35:59.931301,0.8247,2.6509,0.0068,110.7178,14.9536,129.4556,107.628,-12.244,-51.191,0.1504,-0.1533,0.9805,2.5024,-0.6104,1.4038,-9.091,-8.954,16.65
2023-10-24 01:36:00.031595,0.6646,0.8916,-0.0347,-84.5947,53.4668,203.7354,107.803,-31.696,-53.602,0.1318,-0.1479,0.9668,-2.3804,-0.4883,-0.9766,-9.168,-8.888,16.82
2023-10-24 01:36:00.131957,0.1479,0.2739,0.2563,69.2139,127.7466,198.2422,114.824,-53.932,-52.322,0.1719,-0.166,0.9565,-1.9531,-6.2256,-3.479,-9.421,-9.135,16.606
2023-10-24 01:36:00.232224,-0.0249,-0.5044,0.3242,-10.0098,-9.1553,-83.4961,104.073,-61.908,-49.323,0.1694,-0.1616,0.9736,-1.0376,-1.2207,-0.9766,-9.47,-9.421,16.43
2023-10-24 01:36:00.332491,0.479,0.0322,0.5244,-3.6011,-39.0015,-204.3457,99.756,-44.907,-48.686,0.1699,-0.1665,0.9653,0.6104,2.9907,2.6855,-9.47,-9.47,16.496
2023-10-24 01:36:00.432756,0.5142,1.541,0.4214,130.0049,-103.5767,-238.1592,103.447,-21.923,-51.949,0.145,-0.1616,0.9907,2.0142,-0.3662,2.2583,-9.3,-9.212,16.721
2023-10-24 01:36:00.533019,0.8179,2.1543,-0.2725,179.3823,49.0723,114.8071,113.577,-15.914,-54.525,0.1553,-0.1597,0.9917,1.9531,2.6855,1.2817,-9.091,-8.91,16.71
2023-10-24 01:36:00.633284,0.4258,0.3721,0.1763,36.5601,75.5005,224.6704,109.418,-38.051,-53.948,0.1099,-0.1406,0.9512,-3.3569,-1.8921,-2.6245,-9.316,-8.762,16.809
2023-10-24 01:36:00.733547,-0.2158,-0.207,0.4053,-180.9082,33.8135,151.2451,111.39,-57.36,-54.421,0.1802,-0.1675,0.9546,-1.4648,-9.6436,-2.2583,-9.591,-9.229,16.556
2023-10-24 01:36:00.833814,0.3521,-0.1265,0.3638,8.728,-9.3384,-141.2354,105.65,-57.145,-54.635,0.1948,-0.1646,0.979,-0.4272,-4.3945,-0.9766,-9.651,-9.646,16.469
2023-10-24 01:36:00.934081,0.6328,0.2227,0.5234,-270.0806,32.2876,-153.0762,97.015,-39.49,-51.081,0.1865,-0.167,0.9863,2.1362,1.4038,1.5869,-9.542,-9.761,16.6
2023-10-24 01:36:01.034337,1.0898,3.3535,-0.2021,90.7593,-60.73,-150.6348,108.984,-15.386,-51.779,0.1665,-0.1758,0.9683,3.7842,2.9907,0.8545,-9.355,-9.498,16.617
2023-10-24 01:36:01.134608,0.8013,2.1865,-0.2798,-24.1089,92.4072,173.8281,121.767,-21.995,-53.657,0.1396,-0.1587,0.9883,-0.3052,1.8921,2.5635,-9.124,-9.19,16.798
2023-10-24 01:36:01.234873,0.5073,0.2378,0.0332,-81.3599,78.7354,194.0308,107.979,-43.033,-53.663,0.1323,-0.1533,0.9785,-2.6245,0.3662,-2.0142,-9.333,-9.031,16.798
2023-10-24 01:36:01.335165,-0.0762,-0.3486,0.3711,-221.7407,21.6064,100.647,101.948,-59.546,-51.537,0.1514,-0.1562,0.9727,-1.8311,-2.5024,-0.6714,-9.514,-9.283,16.705
2023-10-24 01:36:01.435513,0.3271,-0.313,0.3423,66.1621,12.0239,-134.0942,93.658,-56.14,-49.845,0.1816,-0.1538,0.9639,0.3052,-2.3193,-1.2207,-9.569,-9.443,16.622
2023-10-24 01:36:01.535781,0.186,-0.3774,0.6797,346.2524,-75.2563,-265.0146,102.667,-37.903,-46.807,0.1709,-0.1753,0.9629,1.3428,2.0752,1.5259,-9.448,-9.553,16.628
2023-10-24 01:36:01.636047,0.9458,4.3394,-0.7969,-91.3086,-129.6387,-193.1152,113.044,-13.173,-48.175,0.1533,-0.1753,0.9824,3.0518,4.5166,2.2583,-9.283,-9.174,16.749
2023-10-24 01:36:01.736381,0.7935,2.1479,-0.0986,-45.166,76.1108,202.0264,121.02,-25.741,-51.844,0.1421,-0.1587,0.9966,-0.9766,2.5635,0.9766,-9.179,-9.025,16.875
2023-10-24 01:36:01.836672,0.5103,0.2803,0.1201,-1.8921,69.519,171.7529,112.544,-46.0,-53.558,0.1626,-0.144,0.979,-0.3052,0.9155,-2.9297,-9.349,-8.981,16.776
2023-10-24 01:36:01.936953,-0.2783,-0.4775,0.0752,-186.9507,55.4199,157.1655,106.414,-64.506,-54.393,0.1372,-0.1514,0.9741,-2.0142,-2.9297,-1.9531,-9.41,-9.371,16.639
2023-10-24 01:36:02.037279,0.1099,-0.2275,0.3047,-53.1616,-1.5259,-165.7715,97.048,-57.832,-51.235,0.1787,-0.165,0.9678,0.9155,-2.4414,-1.4038,-9.575,-9.492,16.507
2023-10-24 01:36:02.137563,0.626,-0.6416,0.666,7.7515,9.4604,-221.1304,87.605,-38.578,-49.142,0.1855,-0.1743,0.9648,2.3193,1.8921,2.7466,-9.415,-9.503,16.611
2023-10-24 01:36:02.237892,1.4087,4.0615,-0.1143,-203.186,-75.3174,-97.8394,104.09,-14.332,-53.844,0.1655,-0.1709,0.98,2.1362,2.7466,2.4414,-9.207,-9.305,16.919
2023-10-24 01:36:02.338187,0.6514,1.1504,0.2139,-26.7334,99.3652,182.0068,99.981,-26.428,-53.317,0.1338,-0.1685,0.9595,-2.2583,-3.479,-0.9155,-9.272,-9.141,16.902
2023-10-24 01:36:02.438677,0.3696,0.3677,0.3149,-22.522,66.3452,168.7622,103.222,-44.978,-48.373,0.1577,-0.1504,0.9673,-1.4648,-1.2207,-1.5259,-9.465,-9.157,16.82
2023-10-24 01:36:02.538972,-0.4072,-0.5737,0.4067,-231.6284,14.4043,99.2432,93.219,-60.156,-45.549,0.1543,-0.1489,0.9785,-2.9297,-0.4883,2.1362,-9.476,-9.327,16.831
2023-10-24 01:36:02.639297,0.5776,-0.0894,0.3291,-82.5806,-27.6489,-155.6396,92.043,-52.976,-51.119,0.1885,-0.1753,0.9644,0.061,-0.6104,-1.709,-9.657,-9.553,16.919
2023-10-24 01:36:02.739586,0.9839,-0.4849,0.6689,329.7729,-39.0625,-228.5156,91.675,-35.848,-51.899,0.1865,-0.165,0.9961,3.7842,2.9907,2.3804,-9.421,-9.492,16.837
2023-10-24 01:36:02.839875,0.9126,2.1445,0.2144,-39.0625,-34.3018,0.9155,103.244,-20.132,-54.223,0.1187,-0.1611,0.9951,-0.4272,4.8218,1.3428,-9.234,-9.294,17.106
2023-10-24 01:36:02.940220,0.9194,0.8828,0.0894,-19.104,61.4624,205.7495,106.293,-37.711,-54.52,0.1465,-0.1577,0.9639,-3.54,-3.479,-0.5493,-9.388,-9.174,17.067
2023-10-24 01:36:03.040580,0.2402,-0.0054,0.3618,23.3154,111.3892,211.9751,101.827,-56.959,-48.873,0.1792,-0.1543,0.9512,0.2441,-2.5635,-0.4883,-9.547,-9.399,17.001
2023-10-24 01:36:03.140891,-0.0269,-0.3965,0.2368,-57.1899,-77.5146,-160.4614,94.153,-65.33,-47.994,0.1562,-0.144,0.9644,-3.7231,0.5493,-0.6104,-9.597,-9.492,17.001
2023-10-24 01:36:03.241172,0.3662,0.0151,0.2822,-1.0986,-39.6729,-212.4634,95.021,-46.555,-55.585,0.187,-0.1685,0.9595,1.2817,-3.1738,-2.2583,-9.602,-9.811,16.793
2023-10-24 01:36:03.341449,1.4941,2.1992,0.1333,6.0425,-54.2603,-207.5806,102.585,-24.379,-58.766,0.1821,-0.1768,0.9668,2.9297,5.5542,3.54,-9.47,-9.723,16.908
2023-10-24 01:36:03.441718,0.9409,1.9795,-0.0249,148.8647,43.335,134.5215,113.967,-17.633,-60.864,0.1567,-0.1626,0.9961,2.6855,0.1221,0.6104,-9.272,-9.349,17.111
2023-10-24 01:36:03.542050,0.8535,0.8555,-0.0947,-138.3057,125.6714,193.6035,112.115,-34.656,-61.738,0.1353,-0.1621,0.9692,-2.2583,-1.5869,-3.9673,-9.349,-9.437,16.996
2023-10-24 01:36:03.642327,-0.5664,0.0718,0.4575,-77.5757,105.2246,193.6646,106.562,-55.404,-55.629,0.1914,-0.1538,0.9565,-1.709,-2.5635,-2.7466,-9.47,-9.717,16.595
2023-10-24 01:36:03.742661,0.2812,-0.0693,0.1025,-65.2466,-23.6206,-149.1699,93.571,-56.168,-56.107,0.1699,-0.1606,0.96,-0.9766,1.8311,1.6479,-9.646,-9.86,16.661
2023-10-24 01:36:03.842961,1.0767,0.4951,0.5249,-283.2642,72.8149,-139.0381,84.908,-38.908,-55.871,0.1694,-0.1611,0.9517,4.7607,-0.2441,1.4038,-9.487,-9.734,16.815
2023-10-24 01:36:03.943227,1.4814,5.8296,-0.8604,524.7192,-151.9775,-123.4131,104.782,-14.008,-58.722,0.1514,-0.1562,0.9907,3.479,1.709,2.4414,-9.146,-9.316,16.974
2023-10-24 01:36:04.043540,1.1191,2.6084,-0.1587,0.7935,86.792,186.3403,110.616,-25.038,-58.024,0.1348,-0.165,0.9927,-2.1362,-0.6104,-0.2441,-9.113,-9.119,17.034
2023-10-24 01:36:04.143837,0.0786,-0.2183,0.1509,80.1392,68.3594,200.1953,102.651,-48.823,-55.904,0.1509,-0.1582,0.9722,-3.479,-4.8828,-3.1738,-9.503,-9.207,16.946
2023-10-24 01:36:04.244147,-0.5454,-1.2778,0.2344,1.0986,-36.8652,-76.416,95.729,-63.182,-54.064,0.2002,-0.1445,0.9814,-1.77,-6.6528,0.7324,-9.635,-9.553,16.765
2023-10-24 01:36:04.344412,0.3257,0.0562,0.4023,-15.2588,-36.2549,-246.7041,98.311,-44.769,-56.321,0.1924,-0.1763,0.9702,1.6479,0.8545,1.0376,-9.679,-9.8,16.919
2023-10-24 01:36:04.444721,0.6602,2.1851,0.9175,108.4595,-27.832,-262.8174,94.417,-19.16,-55.432,0.1753,-0.168,0.9673,3.9673,8.728,1.77,-9.476,-9.608,16.996
2023-10-24 01:36:04.544991,0.9795,1.8506,0.2148,138.6108,51.4526,86.853,108.149,-15.908,-58.634,0.1226,-0.1641,0.9941,2.1973,6.2256,3.0518,-9.212,-9.064,17.26
2023-10-24 01:36:04.645271,0.584,0.8833,-0.0259,2.0752,132.4463,247.3145,111.55,-31.525,-56.898,0.0957,-0.125,0.9746,-1.8311,-1.709,-4.1504,-9.333,-8.712,17.32
2023-10-24 01:36:04.745539,-0.48,-0.0576,0.0898,-268.4326,80.0781,251.1597,115.598,-53.102,-58.997,0.1865,-0.1597,0.9609,-2.6245,-11.1694,-5.9814,-9.531,-9.377,16.853
2023-10-24 01:36:04.845821,-0.04,-0.0146,0.1396,25.6348,-53.4668,-144.8975,111.017,-52.52,-62.238,0.2139,-0.1729,0.9609,1.709,0.7324,-0.9155,-9.651,-9.948,16.633
2023-10-24 01:36:04.946106,0.0811,-0.0317,0.4028,208.1909,-40.1611,-312.2559,100.635,-26.318,-58.217,0.1729,-0.1489,0.9614,2.6855,4.6387,4.5776,-9.382,-9.816,16.831
2023-10-24 01:36:05.046396,0.3794,3.3906,0.7144,25.6958,-60.3638,-304.0771,104.963,1.736,-55.876,0.1548,-0.1558,0.9937,2.8687,7.9956,1.77,-9.047,-9.185,16.963
2023-10-24 01:36:05.146722,0.6211,1.521,0.8008,314.4531,70.3735,154.8462,100.009,-10.926,-56.684,0.1289,-0.1445,1.0186,0.061,2.4414,-2.0142,-8.795,-8.63,16.798
2023-10-24 01:36:05.246996,0.9512,1.6089,-0.0474,62.8662,65.1855,127.2583,117.576,-24.346,-55.212,0.1289,-0.1118,0.9746,-1.4648,3.8452,-3.9673,-8.904,-8.432,16.54
2023-10-24 01:36:05.347305,0.2256,0.231,-0.0249,48.0957,120.4834,226.8066,117.916,-42.056,-54.25,0.1499,-0.1572,0.9619,-2.4414,-4.4556,1.2817,-8.948,-8.866,16.436
2023-10-24 01:36:05.447588,-0.4106,-0.1235,0.332,-98.2666,8.3008,-87.8906,113.489,-48.636,-54.976,0.1738,-0.1626,0.9648,-3.3569,-5.4321,-3.1128,-9.426,-9.009,16.485
2023-10-24 01:36:05.547874,-0.1533,0.1978,0.3423,-104.0649,10.5591,-268.4326,99.256,-26.191,-49.554,0.2251,-0.1753,0.9766,5.7983,3.0518,0.9766,-9.377,-9.476,16.359
2023-10-24 01:36:05.648163,-0.1133,3.9268,0.4072,209.3506,-79.4678,-306.9458,104.628,6.301,-45.038,0.1323,-0.1509,0.9858,3.9062,10.2539,1.77,-8.877,-8.8,16.436
2023-10-24 01:36:05.748583,0.7583,0.3896,0.0503,29.48,74.2188,181.2744,100.646,2.192,-48.406,0.0889,-0.1665,0.9604,0.1221,3.9673,3.0518,-8.795,-7.657,16.534
2023-10-24 01:36:05.848882,0.5166,1.9575,-0.1118,86.1206,44.3726,159.9121,117.889,-12.442,-45.577,0.0825,-0.1416,0.9722,-2.1973,-4.9438,-4.4556,-9.014,-7.35,16.556
2023-10-24 01:36:05.949176,-0.2158,0.6953,0.2896,-136.7798,44.7998,164.6118,124.283,-32.492,-49.241,0.1982,-0.1694,0.9409,-1.4038,-7.9956,-2.3804,-9.245,-8.388,16.227
2023-10-24 01:36:06.049470,0.1426,-0.3901,0.4009,2.0142,33.5083,45.105,123.69,-46.813,-54.47,0.1934,-0.1768,0.9766,-0.8545,-0.9155,-4.0283,-9.267,-9.075,16.068
2023-10-24 01:36:06.149775,0.397,-0.1958,0.3091,-128.1128,-12.9395,-212.8296,109.742,-34.656,-49.927,0.2085,-0.144,0.959,4.5776,5.4932,1.8311,-9.003,-9.24,15.952
2023-10-24 01:36:06.250080,-0.4443,0.5298,0.4556,-41.4429,-36.3159,-319.7021,102.321,-7.74,-42.918,0.124,-0.1172,1.0088,3.7842,6.5308,0.2441,-8.438,-8.289,15.914
2023-10-24 01:36:06.350367,0.5977,4.5542,-3.9248,-871.7651,186.2183,309.7534,131.331,18.358,-47.285,0.0811,-0.1455,0.9629,0.6714,0.9766,-3.418,-8.179,-7.855,15.754
2023-10-24 01:36:06.450656,0.23,2.9209,0.2383,219.1772,104.6143,115.6616,129.391,-4.241,-45.775,0.1147,-0.1587,0.9697,-7.5684,2.0752,2.1973,-8.262,-7.685,15.771
2023-10-24 01:36:06.550934,0.1328,-0.0239,-0.1338,-35.9497,99.9756,211.5479,127.425,-25.175,-52.993,0.1411,-0.1206,0.9858,-0.3052,-8.1177,-2.0752,-8.635,-7.657,15.688
2023-10-24 01:36:06.651201,-0.0264,0.1069,0.4009,75.3174,64.1479,87.7075,131.243,-45.588,-56.343,0.2319,-0.1602,0.9722,-0.4272,-3.7231,-2.4414,-8.745,-8.635,15.628
2023-10-24 01:36:06.751489,0.3145,-0.0312,0.1221,-179.3213,-31.4331,-137.6953,121.036,-44.154,-55.497,0.1748,-0.1587,0.9976,0.2441,8.1787,0.6104,-8.597,-9.102,15.502
2023-10-24 01:36:06.851768,0.0312,0.3193,0.478,16.9067,0.5493,-255.6763,104.233,-27.779,-45.308,0.1104,-0.1445,0.9702,3.1128,6.0425,2.1973,-8.443,-8.35,15.579
2023-10-24 01:36:06.952047,-0.2651,2.0,0.3442,33.6304,-98.0835,-300.1709,106.326,1.681,-42.979,0.0942,-0.1348,0.9883,1.77,0.6104,-0.9155,-8.163,-7.712,15.551
2023-10-24 01:36:07.052308,-0.231,0.0742,-0.335,-438.9038,0.5493,190.3687,95.702,10.712,-48.598,0.1157,-0.1553,0.9873,1.77,-2.1973,0.3662,-8.119,-7.57,15.546
2023-10-24 01:36:07.152571,0.2451,2.6929,-0.1377,89.1113,100.4639,248.0469,120.421,-9.459,-47.741,0.1182,-0.1582,0.9688,-2.8687,0.1221,-1.0986,-8.432,-7.559,15.601
2023-10-24 01:36:07.252834,-0.4346,0.1338,0.4917,-115.5396,35.1562,205.5054,124.574,-36.041,-57.579,0.1299,-0.1279,0.9839,-1.8311,-3.6011,1.8311,-8.608,-7.608,15.612
2023-10-24 01:36:07.353095,0.0791,-0.8916,0.3857,-83.7402,43.1519,67.688,125.469,-54.641,-67.934,0.1924,-0.147,0.9746,-0.061,-1.2817,-2.5024,-8.674,-7.899,15.568
2023-10-24 01:36:07.453358,0.2124,-0.6201,0.0986,-124.2065,41.687,-225.647,109.946,-42.869,-58.25,0.1416,-0.1479,0.9756,0.7324,-1.9531,0.5493,-8.575,-8.273,15.507
2023-10-24 01:36:07.553764,-0.1797,1.6133,0.2593,364.502,-138.2446,-350.1587,115.291,-14.546,-46.538,0.1226,-0.1411,1.0142,3.479,-0.5493,-0.2441,-8.311,-7.971,15.513
2023-10-24 01:36:07.654029,0.3354,1.3252,0.1714,-210.6934,-9.0332,-61.4014,103.552,3.582,-45.428,0.105,-0.147,0.9863,1.4648,1.2817,1.0986,-8.218,-7.778,15.491
2023-10-24 01:36:07.754295,0.4893,2.2178,-0.3809,105.957,74.707,198.8525,114.186,-5.186,-47.258,0.1313,-0.146,0.9849,-0.6714,0.4272,0.1221,-8.306,-7.564,15.661
2023-10-24 01:36:07.854567,-0.0513,0.3945,0.3584,109.9854,130.188,192.9932,123.058,-31.344,-47.274,0.1514,-0.144,0.9648,-2.2583,-1.4038,0.061,-8.41,-7.872,15.59
2023-10-24 01:36:07.954857,-0.1123,-0.1875,0.4292,85.6934,48.8281,101.3794,125.013,-56.08,-50.444,0.1279,-0.1392,0.9985,-2.7466,1.6479,-2.4414,-8.575,-7.674,15.502
2023-10-24 01:36:08.055521,0.29,-0.5825,0.3213,-105.0415,-78.4912,-213.8062,113.5,-49.356,-50.07,0.1724,-0.1484,0.9619,1.0986,1.0376,0.6714,-8.58,-8.141,15.32
2023-10-24 01:36:08.155805,0.1279,0.3472,0.5332,-0.3052,14.5874,-301.3306,105.249,-21.874,-42.468,0.0908,-0.1255,0.9917,3.2959,3.6621,3.1128,-8.251,-7.504,15.667
2023-10-24 01:36:08.256070,0.1196,2.5063,0.1562,-219.4824,-37.2925,-219.6655,98.926,6.465,-42.155,0.0581,-0.1489,0.9829,-4.2114,0.061,-1.4038,-8.234,-7.18,15.721
2023-10-24 01:36:08.356420,0.1455,1.0938,0.1597,39.4897,17.0288,201.1108,98.608,3.17,-44.39,0.1719,-0.1582,0.9688,-0.9155,-2.4414,2.3804,-8.525,-7.57,15.738
2023-10-24 01:36:08.456696,0.1934,1.2075,0.1265,15.1978,135.2539,345.459,116.389,-20.555,-44.676,0.1582,-0.168,0.9575,-1.5869,1.77,-0.5493,-8.795,-7.806,15.947
2023-10-24 01:36:08.556969,-0.6084,0.2588,0.3765,-279.6631,37.7808,188.4766,124.876,-49.592,-45.621,0.1768,-0.1343,0.979,0.1831,-1.3428,-1.5259,-8.767,-8.333,15.897
2023-10-24 01:36:08.657251,0.1328,-0.2046,0.5156,19.3481,-53.4668,-125.4272,123.36,-56.212,-47.867,0.1479,-0.1763,0.9819,-1.709,-3.418,-5.5542,-8.806,-8.641,15.43
2023-10-24 01:36:08.757529,0.5864,-0.1162,0.0513,-121.7041,-50.293,-329.834,106.331,-33.052,-44.017,0.1284,-0.1299,0.9741,4.2114,7.0801,6.7139,-8.558,-8.179,15.518
2023-10-24 01:36:08.857857,0.3667,3.71,-0.269,-70.6787,-57.8003,-262.6953,107.891,1.088,-38.436,0.0728,-0.1377,0.9717,2.5024,0.4272,0.6714,-8.273,-7.465,15.831
2023-10-24 01:36:08.958266,0.2705,1.8604,0.3423,108.3984,19.2871,171.5088,98.817,1.631,-37.722,0.1313,-0.1602,0.9521,-0.3662,-3.418,1.5869,-8.355,-7.372,15.903
2023-10-24 01:36:09.058568,0.1909,0.8911,0.231,123.1079,109.7412,299.5605,116.466,-23.384,-38.919,0.1606,-0.1392,0.9849,-1.5259,-5.3711,-2.6855,-8.421,-7.531,15.897
2023-10-24 01:36:09.158939,-0.2778,0.0166,0.0933,-218.9331,-103.5767,158.3252,124.124,-47.714,-46.588,0.167,-0.1436,0.9727,-3.2959,-2.7466,-3.0518,-8.58,-8.031,15.634
2023-10-24 01:36:09.259181,0.3936,-0.3809,-0.0151,-89.4165,-4.3335,-32.8369,126.134,-56.805,-52.646,0.1597,-0.167,0.9819,2.4414,-3.3569,-2.4414,-8.624,-8.399,15.304
2023-10-24 01:36:09.359463,0.4556,-0.2134,0.0288,-184.082,36.6211,-216.8579,104.584,-43.594,-42.682,0.103,-0.1494,0.9575,2.0752,12.146,6.5308,-8.52,-8.026,15.507
2023-10-24 01:36:09.459751,-0.311,0.8472,1.125,51.0254,-1.3428,-312.6831,94.169,-17.32,-33.206,0.0894,-0.1328,0.9844,0.061,0.7324,0.1831,-8.267,-7.13,15.793
2023-10-24 01:36:09.560035,0.1812,4.9243,-1.1284,18.4326,-97.4731,74.4629,110.457,10.179,-42.671,0.1475,-0.144,0.9829,-1.3428,-1.2817,0.4272,-8.278,-7.075,15.82
2023-10-24 01:36:09.660319,0.3135,2.5571,-0.395,315.6128,128.418,253.1128,117.367,-11.574,-46.318,0.1396,-0.1777,1.0093,-1.8311,-2.1362,-0.1831,-8.273,-7.564,15.886
2023-10-24 01:36:09.760622,-0.1973,1.0181,0.146,-115.3564,55.481,115.3564,120.339,-34.898,-46.472,0.1626,-0.123,0.9761,-2.9907,-2.7466,-6.897,-8.498,-7.756,15.535
2023-10-24 01:36:09.860911,0.2656,-0.2554,0.1826,21.8506,20.3857,10.376,117.186,-51.899,-44.72,0.1821,-0.1694,0.9868,0.1831,0.7935,-2.2583,-8.602,-8.416,15.216
2023-10-24 01:36:09.961183,0.1313,-0.0449,0.167,-143.3105,1.2207,-193.5425,102.87,-36.892,-41.424,0.1504,-0.1499,0.9536,2.4414,10.376,4.1504,-8.427,-8.339,15.293
2023-10-24 01:36:10.061446,0.2134,1.6436,0.5996,98.6328,-95.7031,-273.3765,101.673,-9.305,-39.111,0.0791,-0.1162,0.9976,2.8076,0.6714,1.4038,-7.971,-7.416,15.485
2023-10-24 01:36:10.161718,0.2979,2.9204,0.0024,224.3652,-91.5527,-24.5361,103.59,8.767,-44.879,0.1016,-0.1411,0.9946,-1.709,0.9155,1.5869,-7.971,-7.13,15.562
2023-10-24 01:36:10.261983,0.7896,2.2861,-0.5361,63.1714,44.7998,161.9873,117.015,-4.867,-50.026,0.1353,-0.1558,1.0137,-1.2817,-4.6997,0.9155,-8.047,-7.344,15.798
2023-10-24 01:36:10.362249,-0.2295,-0.7744,0.2437,123.1689,75.3784,133.9111,113.703,-27.065,-50.499,0.1455,-0.123,0.958,-2.8687,0.8545,-2.1973,-8.311,-7.828,15.694
2023-10-24 01:36:10.462508,-0.2075,-0.4927,0.2461,-91.0645,36.6821,77.6367,114.89,-44.879,-48.098,0.1865,-0.1431,0.9565,-2.0752,-6.4697,-3.2959,-8.487,-8.509,15.419
2023-10-24 01:36:10.562768,-0.0493,-0.1987,0.2144,-124.8779,-0.3052,-144.2261,101.019,-39.007,-47.159,0.1812,-0.1631,1.0034,1.77,-0.061,0.4272,-8.416,-8.844,15.315
2023-10-24 01:36:10.663032,-0.2676,0.2529,0.4204,-94.4824,99.3042,-285.2783,88.907,-14.518,-39.457,0.1016,-0.1221,1.0117,4.0894,5.249,2.9907,-8.218,-8.124,15.496
2023-10-24 01:36:10.763314,-0.5039,1.2803,1.1538,44.1284,-14.2822,-260.0708,84.337,16.128,-37.002,0.0957,-0.1343,0.9639,1.2207,-0.8545,-0.7935,-7.954,-7.52,15.562
2023-10-24 01:36:10.863567,-0.4302,1.8345,-0.0552,-158.5693,91.0645,338.0127,106.485,3.911,-41.023,0.0977,-0.1313,0.9946,1.4038,1.4648,3.9673,-7.795,-7.311,15.634
2023-10-24 01:36:10.963824,-0.2192,0.3403,0.1846,-169.9219,119.0186,257.5073,104.057,-26.625,-39.249,0.1245,-0.1323,0.9756,-6.0425,-0.3662,-0.4883,-8.174,-7.311,15.87
2023-10-24 01:36:11.064084,-0.1924,0.4019,0.3345,178.1006,109.8633,166.5039,111.187,-44.94,-37.557,0.1812,-0.1309,0.9751,-1.2207,-8.8501,-3.2349,-8.421,-7.987,15.634
2023-10-24 01:36:11.164350,-0.0039,-0.6084,0.3013,-115.5396,-22.0947,-96.4966,104.244,-45.758,-37.853,0.1631,-0.1753,1.0078,0.5493,1.77,0.1831,-8.454,-8.481,15.595
2023-10-24 01:36:11.264623,0.2134,0.208,0.4253,-81.4819,-25.9399,-273.0713,96.004,-22.577,-36.837,0.1353,-0.1357,0.9956,2.6855,6.5308,1.4038,-8.361,-8.212,15.645
2023-10-24 01:36:11.364909,0.1816,2.7427,-0.1636,101.8677,-101.4404,-265.0146,101.151,8.163,-40.27,0.1128,-0.1416,0.9673,2.3193,-1.5259,-0.8545,-8.042,-7.971,15.667
2023-10-24 01:36:11.465175,0.1401,1.5308,0.0996,189.3921,11.4746,129.4556,107.825,10.168,-42.66,0.1147,-0.1436,0.9751,1.709,2.0752,2.8687,-7.971,-7.789,15.771
2023-10-24 01:36:11.565453,0.2334,1.6245,-0.2148,-54.8096,103.2104,212.5244,108.578,-5.213,-43.193,0.1255,-0.1338,0.9805,-2.1973,-3.2959,-3.1738,-8.179,-7.718,15.875
2023-10-24 01:36:11.665740,0.082,0.2324,0.1172,91.7969,87.2192,144.8364,110.484,-28.13,-41.786,0.1675,-0.1489,0.9653,-1.0376,-2.8687,-0.3662,-8.377,-8.097,15.716
2023-10-24 01:36:11.766020,-0.395,-0.4907,0.5625,-146.1182,-33.3862,20.5688,107.693,-39.809,-41.259,0.145,-0.1416,1.001,-0.061,1.709,0.4272,-8.427,-8.146,15.754
2023-10-24 01:36:11.866432,0.2231,0.2051,0.0625,33.2031,-41.0156,-261.9629,103.497,-23.67,-44.346,0.1465,-0.1372,0.9746,-0.061,2.3193,0.3662,-8.427,-8.097,15.743
2023-10-24 01:36:11.966736,-0.3843,2.1567,0.1543,-16.1133,-33.0811,-335.2051,99.536,7.976,-40.847,0.1274,-0.1519,0.9756,4.2725,-1.8311,1.4648,-8.157,-8.08,15.848
2023-10-24 01:36:12.067027,-0.3516,1.6777,-0.1323,-36.6211,58.96,205.6274,105.612,9.349,-42.523,0.103,-0.1514,0.9849,1.709,0.2441,2.1362,-8.036,-7.679,16.029
2023-10-24 01:36:12.167332,0.1172,1.7744,-0.3315,-23.5596,109.314,275.2686,110.945,-14.529,-42.27,0.1313,-0.1406,0.9893,-3.2349,-2.9297,-1.5869,-8.267,-7.526,16.155
2023-10-24 01:36:12.267635,-0.144,0.561,0.1528,-157.3486,113.2202,222.9614,114.928,-43.154,-40.1,0.1616,-0.1401,0.9814,-2.9297,-4.5166,-1.8311,-8.498,-7.96,15.886
2023-10-24 01:36:12.367937,-0.0825,-0.0645,0.4824,65.1855,-20.9961,-58.0444,108.045,-52.718,-37.897,0.1821,-0.1401,0.9751,0.6104,-0.4272,-1.3428,-8.558,-8.24,15.765
2023-10-24 01:36:12.468310,0.377,0.0024,0.3516,15.1367,-60.4858,-249.6338,105.458,-33.36,-38.062,0.1509,-0.1348,0.9458,2.6245,4.1504,2.9907,-8.388,-8.185,15.859
2023-10-24 01:36:12.568605,-0.0933,2.1221,-0.2275,-169.3115,-133.0566,-314.0869,104.738,-1.203,-38.688,0.1006,-0.1377,0.9893,1.2207,-2.8076,-0.3052,-8.08,-7.905,16.007
2023-10-24 01:36:12.669052,0.0342,2.5088,-0.4526,-46.6309,23.4375,125.6714,104.189,13.112,-42.55,0.126,-0.1675,0.9863,0.061,-3.418,-0.1831,-8.218,-7.932,15.958
2023-10-24 01:36:12.769372,0.1792,2.145,-0.6646,42.4805,180.2979,244.5679,114.939,-10.69,-41.083,0.1445,-0.1465,1.0,-1.3428,-0.5493,-0.5493,-8.333,-7.998,16.018
2023-10-24 01:36:12.869678,0.0581,0.3608,-0.0151,147.0947,157.7148,178.2227,117.087,-40.54,-34.316,0.1621,-0.1362,0.999,-3.54,0.7324,0.1831,-8.481,-8.064,15.903
2023-10-24 01:36:12.969981,0.8047,-0.5718,0.1484,35.6445,36.1328,98.0835,108.935,-55.228,-36.458,0.1484,-0.1431,0.9927,-0.061,1.8311,-1.0376,-8.575,-8.212,15.842
2023-10-24 01:36:13.070289,0.5122,-0.2642,0.2534,-47.5464,-48.7671,-184.021,106.611,-44.022,-38.414,0.1377,-0.1401,0.9746,1.0376,4.8218,2.8687,-8.47,-8.146,15.985
2023-10-24 01:36:13.170592,0.0977,0.4653,0.5366,-14.5264,-34.9731,-348.2056,97.795,-14.59,-35.969,0.1187,-0.1338,0.9912,0.1831,-0.1221,0.6714,-8.273,-8.047,16.144
2023-10-24 01:36:13.270869,-0.0913,4.5767,-0.9189,87.2803,-106.2012,-154.2358,106.364,14.716,-40.979,0.1445,-0.1445,0.9858,0.8545,0.4883,-0.4272,-8.245,-8.031,16.04
2023-10-24 01:36:13.371164,0.4219,2.7124,-0.6973,273.3154,55.6641,257.2632,112.566,-1.23,-44.231,0.1377,-0.1548,0.9795,-1.9531,1.0376,-0.6714,-8.223,-8.124,16.018
2023-10-24 01:36:13.471443,-0.2505,-0.1606,0.3018,133.5449,125.1221,243.7744,117.153,-33.904,-43.627,0.1494,-0.1343,0.9795,-2.3193,1.8921,-1.709,-8.388,-8.146,15.793
2023-10-24 01:36:13.571702,0.2334,-1.6772,0.3047,15.625,78.5522,154.48,104.244,-53.674,-47.351,0.1455,-0.1357,0.9688,0.061,2.3804,0.9155,-8.476,-8.201,15.837
2023-10-24 01:36:13.671964,0.6396,-0.2817,0.0601,-177.063,-7.9956,-145.874,106.155,-48.252,-46.093,0.1294,-0.1528,0.9688,1.77,0.7935,2.1973,-8.41,-8.163,15.947
2023-10-24 01:36:13.772223,0.0298,0.0532,0.4258,12.4512,41.748,-322.2656,96.636,-21.605,-38.469,0.1162,-0.1431,0.9941,0.3662,-0.4883,1.4038,-8.24,-7.927,16.194
2023-10-24 01:36:13.872483,0.1504,4.7207,-1.6577,161.3159,-168.9453,-226.8677,114.373,12.986,-41.418,0.147,-0.1548,0.9722,-1.4648,1.1597,-1.0376,-8.289,-7.993,16.117
2023-10-24 01:36:13.972744,0.5684,1.6069,-0.314,22.7661,83.6182,209.0454,113.406,-7.317,-45.456,0.1465,-0.1543,0.9897,-0.3052,-0.5493,2.1362,-8.157,-8.069,16.155
2023-10-24 01:36:14.073022,0.2549,0.4409,0.1904,103.6377,106.0791,245.5444,113.698,-32.706,-45.341,0.1372,-0.1362,0.9722,-4.3945,2.9297,-4.3335,-8.432,-8.069,16.035
2023-10-24 01:36:14.173298,-0.0571,-0.9312,0.3564,4.5166,131.5918,182.0068,117.631,-53.278,-47.593,0.1636,-0.1494,0.959,-0.6714,-0.9766,0.8545,-8.487,-8.536,15.875
2023-10-24 01:36:14.273565,0.3213,-0.0923,0.1138,-100.8911,-39.2456,-168.2129,113.912,-49.362,-46.027,0.1338,-0.1479,0.9751,0.7935,0.4883,1.4648,-8.459,-8.366,15.985
2023-10-24 01:36:14.373853,0.0171,0.0781,0.397,70.3735,15.1367,-298.4009,102.041,-26.153,-38.079,0.1396,-0.144,0.9761,1.0376,1.8311,2.9907,-8.344,-8.218,16.238
2023-10-24 01:36:14.474119,-0.2651,3.7114,-0.8862,245.9106,-196.3501,-324.707,111.835,8.218,-38.793,0.1289,-0.1455,0.9702,0.4883,-0.3662,-0.8545,-8.24,-8.157,16.293
2023-10-24 01:36:14.574380,0.375,1.3486,-0.6274,-35.6445,36.377,228.0884,114.472,0.61,-42.726,0.1592,-0.145,0.978,1.8921,-0.6104,1.709,-8.097,-8.218,16.315
2023-10-24 01:36:14.674655,0.292,0.7651,-0.0054,13.6108,132.6904,228.0273,114.384,-22.632,-40.457,0.1392,-0.1367,0.9653,-2.3804,-1.8921,-3.418,-8.399,-8.157,16.331
2023-10-24 01:36:14.774926,0.3091,0.1338,0.1782,14.5874,81.1768,133.728,116.428,-41.479,-37.798,0.1509,-0.1323,0.9888,0.0,-4.8218,0.1831,-8.536,-8.262,16.1
2023-10-24 01:36:14.875214,0.0586,-0.6187,0.4263,-84.8999,24.5361,36.0107,107.375,-50.735,-36.738,0.1514,-0.1509,0.978,0.6104,-1.77,1.0376,-8.536,-8.35,16.26
2023-10-24 01:36:14.975493,0.2632,0.0752,0.123,-36.9263,-62.9883,-201.9043,108.732,-36.398,-38.419,0.1567,-0.1465,0.979,0.2441,1.8311,-0.3052,-8.564,-8.344,16.282
2023-10-24 01:36:15.075775,-0.0078,0.4858,0.1562,46.7529,-45.8984,-304.9316,105.073,-9.283,-35.211,0.1284,-0.1553,0.979,1.4038,-2.3193,0.061,-8.47,-8.394,16.309
2023-10-24 01:36:15.176060,0.1196,3.8037,-0.7773,-240.3564,31.189,4.5776,109.457,15.364,-36.59,0.1387,-0.1504,0.9922,1.6479,2.5024,0.7935,-8.3,-8.229,16.298
2023-10-24 01:36:15.276369,0.1455,1.873,-0.3262,78.0029,101.5015,155.1514,116.191,-2.016,-35.453,0.1309,-0.1431,0.9941,-2.9907,1.5869,1.4648,-8.245,-8.135,16.463
2023-10-24 01:36:15.376660,0.313,0.5229,-0.0635,154.9683,119.6899,230.1025,118.394,-26.658,-34.684,0.1655,-0.1372,0.9639,-2.5024,4.0894,-2.5635,-8.487,-8.273,16.232
2023-10-24 01:36:15.476966,0.165,0.0781,-0.0405,-267.0288,52.002,125.6104,110.292,-44.077,-34.805,0.1509,-0.1353,0.9741,-0.6714,2.6245,2.3193,-8.465,-8.311,16.386
2023-10-24 01:36:15.577258,0.3149,0.0679,0.3369,30.3955,-97.6562,-152.2217,103.563,-44.099,-32.245,0.1626,-0.1489,0.9668,-0.6714,0.1221,-1.0986,-8.531,-8.416,16.331
2023-10-24 01:36:15.677589,0.2119,-0.0049,0.4932,-73.6694,-6.6528,-241.6382,97.174,-24.351,-30.69,0.1421,-0.1411,0.9756,2.5635,1.8921,1.0376,-8.443,-8.311,16.403
2023-10-24 01:36:15.777886,-0.0576,3.2031,-0.4121,509.4604,-186.4014,-288.9404,113.417,6.163,-34.459,0.1299,-0.1519,0.9717,1.4038,0.2441,-0.4883,-8.267,-8.223,16.452
2023-10-24 01:36:15.878207,-0.0874,0.1069,-0.0981,300.4761,-15.686,174.7437,97.482,3.862,-38.145,0.1411,-0.1538,0.9932,-0.5493,-2.3193,0.7324,-8.284,-8.273,16.452
2023-10-24 01:36:15.978507,-0.0259,1.5088,-0.2158,-56.2744,110.2295,239.8071,114.307,-18.023,-37.216,0.1582,-0.1338,0.9619,-1.0986,-2.2583,-3.1738,-8.558,-8.267,16.392
2023-10-24 01:36:16.078843,0.1514,0.2676,-0.0537,-93.3228,88.6841,135.376,110.001,-40.04,-34.717,0.1616,-0.1431,0.96,0.1221,-0.9155,2.5635,-8.602,-8.487,16.419
2023-10-24 01:36:16.179161,0.2603,-0.1646,0.4092,-3.418,62.3169,-36.0718,98.591,-44.099,-30.965,0.1489,-0.1372,0.9692,1.0376,-0.1221,-1.9531,-8.575,-8.388,16.414
2023-10-24 01:36:16.279460,0.168,0.1377,0.1851,33.5693,-59.8145,-249.939,101.453,-22.83,-35.327,0.1318,-0.1406,0.9849,0.6104,0.5493,1.8921,-8.448,-8.306,16.425
2023-10-24 01:36:16.379722,-0.1655,1.3037,-0.1211,258.4229,-144.8364,-265.1367,108.781,6.768,-38.084,0.1382,-0.1558,0.9717,1.2207,-0.5493,-0.1221,-8.388,-8.267,16.507
2023-10-24 01:36:16.479996,0.229,1.1318,-0.2534,235.9619,21.7896,176.3916,105.15,-2.065,-41.017,0.1401,-0.1499,0.9727,0.061,0.061,2.3804,-8.344,-8.295,16.617
2023-10-24 01:36:16.580304,0.2422,0.6147,0.0845,40.1001,98.5718,208.4961,112.198,-22.676,-39.738,0.1582,-0.1387,0.9629,-1.6479,-1.9531,-2.3804,-8.547,-8.229,16.661
2023-10-24 01:36:16.680581,0.0381,0.1519,0.106,-237.854,66.7114,117.0654,111.967,-41.951,-37.09,0.1426,-0.1416,0.9756,-0.6104,-2.0752,0.6104,-8.564,-8.432,16.567
2023-10-24 01:36:16.780899,-0.4131,-0.3481,0.4785,54.1992,-27.2217,-105.1025,96.367,-45.615,-33.333,0.1455,-0.1465,0.9766,-0.9155,-1.8921,-0.9766,-8.624,-8.427,16.512
2023-10-24 01:36:16.881177,0.3989,0.0293,0.2275,-19.043,-15.8081,-269.4092,94.422,-25.367,-35.552,0.1558,-0.1528,0.9771,0.4883,1.9531,2.2583,-8.597,-8.416,16.611
2023-10-24 01:36:16.981479,-0.1895,2.1055,-0.0908,601.5625,-201.2939,-242.5537,99.976,3.73,-37.826,0.1348,-0.1475,0.9712,0.6104,0.9155,0.061,-8.487,-8.328,16.694
2023-10-24 01:36:17.081741,0.0356,1.6479,-0.3833,52.9785,29.9072,179.9927,106.754,0.961,-43.022,0.1504,-0.1548,0.9673,1.77,-1.0986,0.3662,-8.432,-8.328,16.716
2023-10-24 01:36:17.182006,0.0615,0.6904,0.2212,-10.7422,186.4014,302.3682,110.605,-22.039,-41.028,0.1475,-0.1484,0.9766,-1.0986,-2.9907,-2.4414,-8.591,-8.317,16.732
2023-10-24 01:36:17.282269,-0.0991,-0.4668,-0.0728,-291.4429,130.4932,242.9199,108.858,-48.51,-37.051,0.1509,-0.144,0.9878,-0.6714,-4.3335,1.5259,-8.597,-8.498,16.633
2023-10-24 01:36:17.382528,0.1226,-0.23,0.3794,5.4932,-163.8794,-186.3403,102.145,-55.92,-31.344,0.1558,-0.1523,0.9844,-1.6479,-2.8076,-1.4038,-8.723,-8.487,16.633
2023-10-24 01:36:17.482792,0.2202,0.1909,0.2915,-35.4614,-50.4761,-249.8779,99.849,-36.068,-34.272,0.166,-0.1489,0.9702,2.5024,1.9531,2.1362,-8.652,-8.591,16.672
2023-10-24 01:36:17.583064,-0.3599,1.1982,0.1919,-20.6909,-145.6909,-294.2505,101.354,-5.999,-37.639,0.1118,-0.145,0.981,1.77,-1.1597,-1.2817,-8.498,-8.377,16.815
2023-10-24 01:36:17.683362,-0.2402,1.3477,-0.0581,37.8418,16.0522,182.4951,105.645,4.966,-44.346,0.1592,-0.1694,0.9741,1.5869,-1.4038,-0.2441,-8.476,-8.399,16.705
2023-10-24 01:36:17.783768,0.2319,1.1978,-0.2612,21.5454,107.7881,198.2422,111.05,-14.722,-44.918,0.1328,-0.1494,0.9932,-1.1597,-1.0986,-1.8311,-8.586,-8.427,16.732
2023-10-24 01:36:17.884034,0.3384,0.3545,0.0693,-5.6152,111.3281,137.3901,114.39,-35.442,-40.869,0.1558,-0.1431,0.9844,-0.3052,-2.3804,0.3662,-8.619,-8.52,16.562
2023-10-24 01:36:17.984370,0.1372,0.0537,0.3076,-123.5962,-9.6436,35.0342,104.15,-45.099,-38.123,0.145,-0.1387,0.981,-1.8311,3.1128,1.3428,-8.663,-8.514,16.694
2023-10-24 01:36:18.084818,0.1201,0.0415,0.2524,-51.2695,-42.6025,-173.8281,100.865,-37.436,-39.364,0.1685,-0.1523,0.9629,-0.1221,-0.1831,-0.1831,-8.784,-8.69,16.749
2023-10-24 01:36:18.185086,0.0767,0.5498,0.2852,23.7427,-40.2222,-282.5928,98.811,-14.722,-40.369,0.1499,-0.146,0.9932,0.6104,1.4038,1.6479,-8.685,-8.652,16.798
2023-10-24 01:36:18.285366,0.4746,3.8032,-0.3525,187.8052,-36.8042,-54.4434,98.8,8.284,-43.77,0.147,-0.1343,0.9775,0.7935,2.9297,0.4272,-8.547,-8.575,16.837
2023-10-24 01:36:18.385649,0.7251,2.2759,-0.7876,-25.0854,92.7124,170.2881,113.708,-9.739,-45.176,0.124,-0.1538,0.9883,-1.2817,1.5259,1.4648,-8.531,-8.531,17.018
2023-10-24 01:36:18.485931,0.2295,0.0811,0.1724,-8.7891,99.0601,211.4258,103.766,-34.2,-40.99,0.1543,-0.1265,0.9805,-3.2959,-1.2207,-3.1128,-8.69,-8.602,16.848
2023-10-24 01:36:18.586212,-0.2676,-0.0923,0.5322,-67.749,88.0737,125.061,102.783,-47.021,-36.321,0.1729,-0.1533,0.9434,-0.5493,-0.4883,0.3052,-8.932,-8.937,16.738
2023-10-24 01:36:18.686517,0.2773,0.1211,0.2661,-67.0776,-17.1509,-129.5776,99.212,-41.693,-39.265,0.166,-0.1533,0.9766,0.4272,-1.3428,0.3662,-8.932,-8.926,16.891
2023-10-24 01:36:18.786813,0.0332,0.1597,0.5356,-13.7939,22.2168,-266.8457,90.862,-20.577,-38.617,0.1602,-0.1543,0.9941,1.6479,3.7231,0.6714,-8.882,-8.828,16.853
2023-10-24 01:36:18.887107,0.6909,3.5005,0.0464,222.6562,-52.6733,-108.5815,94.169,6.224,-43.786,0.1304,-0.1504,0.9858,1.4648,1.2207,-0.1831,-8.635,-8.663,16.853
2023-10-24 01:36:18.987488,0.8892,1.4565,-0.2451,324.7681,54.5044,158.9355,102.568,-9.816,-44.539,0.1084,-0.1543,1.0034,0.4272,3.6011,3.2349,-8.448,-8.509,16.946
2023-10-24 01:36:19.087871,0.1919,0.3394,0.2686,78.0029,134.2773,212.8296,112.813,-30.668,-41.836,0.1382,-0.1094,0.9639,-2.3804,-0.5493,-2.2583,-8.591,-8.35,16.979
2023-10-24 01:36:19.188184,0.8062,0.2983,-0.3564,-140.4419,11.9019,121.7651,107.974,-47.444,-40.671,0.1646,-0.1533,0.9497,-2.2583,-3.418,-0.7324,-8.795,-8.674,16.891
2023-10-24 01:36:19.288483,0.2578,-0.2202,0.2456,-95.6421,-47.3633,-76.355,106.501,-51.306,-35.755,0.1841,-0.1533,0.9878,2.2583,0.061,-0.6104,-8.756,-8.954,16.76
2023-10-24 01:36:19.388787,0.3975,0.1582,0.2144,-122.8027,-72.0215,-260.6812,98.026,-33.069,-37.694,0.1431,-0.1406,0.9648,1.8311,3.1128,0.9766,-8.657,-8.762,16.842
2023-10-24 01:36:19.489085,-0.3984,2.5112,0.1528,-82.4585,-108.7646,-300.5371,96.301,-3.29,-39.996,0.1353,-0.145,0.9697,2.2583,-1.4648,-0.2441,-8.399,-8.586,16.897
2023-10-24 01:36:19.589371,-0.3262,0.6011,0.0684,22.9492,22.8882,269.8975,99.261,-1.247,-45.198,0.1387,-0.1665,0.9829,2.1362,-1.1597,0.3052,-8.289,-8.536,16.864
2023-10-24 01:36:19.689662,0.4258,1.3628,-0.0312,39.1846,174.2554,254.6997,113.137,-25.714,-42.155,0.1387,-0.1572,0.9844,-1.77,-0.5493,-0.3052,-8.443,-8.366,16.985
2023-10-24 01:36:19.789946,-0.6357,-0.5,0.374,-182.8003,131.5918,168.457,111.813,-51.542,-34.695,0.1445,-0.1455,1.002,-2.3804,-4.6387,-0.9766,-8.569,-8.432,16.826
2023-10-24 01:36:19.890217,0.5439,-0.0815,-0.1187,-296.5698,-176.0864,-151.3672,112.896,-56.179,-37.26,0.167,-0.1562,0.9839,0.1221,-2.6855,-3.1738,-8.668,-8.806,16.688
2023-10-24 01:36:19.990500,0.0645,0.4658,0.0439,65.979,-60.9741,-304.0161,106.32,-33.107,-39.364,0.1709,-0.1475,0.9692,2.9907,0.6104,1.709,-8.58,-8.992,16.628
2023-10-24 01:36:20.090815,0.3271,3.6035,-1.083,255.0659,-74.4019,-268.3105,109.534,0.483,-39.287,0.1196,-0.1431,0.9902,3.1738,0.8545,0.2441,-8.3,-8.492,16.82
2023-10-24 01:36:20.191076,0.5903,1.9316,-0.6479,107.3608,29.6631,160.7666,115.939,-6.548,-40.77,0.1006,-0.1484,0.9697,3.0518,2.5635,1.9531,-8.13,-8.196,16.848
2023-10-24 01:36:20.291370,0.3252,0.9492,-0.1187,82.4585,268.3716,250.3052,116.927,-28.954,-35.744,0.1382,-0.1367,1.0093,-0.7324,-6.1646,-3.418,-8.113,-8.069,16.919
2023-10-24 01:36:20.391636,0.6372,-1.4736,-0.1187,-196.5942,150.0854,392.8223,103.607,-55.102,-30.317,0.1475,-0.1411,0.9688,-4.4556,-0.9155,-0.6714,-8.476,-8.586,16.721
2023-10-24 01:36:20.491906,0.3491,0.2729,0.1348,-85.3271,-100.5859,-143.3105,116.873,-54.102,-40.193,0.2085,-0.127,0.9683,0.4272,-2.0142,-2.8687,-8.416,-8.987,16.436
2023-10-24 01:36:20.592176,-0.0659,0.3628,0.165,48.0347,22.7051,-311.4624,101.294,-29.454,-40.067,0.1597,-0.1602,0.9365,1.8311,10.0708,5.249,-8.251,-9.025,16.54
2023-10-24 01:36:20.692434,0.0259,2.8574,-0.1865,36.6821,-86.3647,-142.4561,106.765,0.253,-39.243,0.0859,-0.1333,1.0049,1.9531,1.4648,0.061,-7.949,-8.102,16.782
2023-10-24 01:36:20.792695,0.2798,2.2563,-0.3398,11.9019,80.0171,231.9946,110.907,-7.432,-42.363,0.1348,-0.1479,0.9551,-0.7324,0.3052,1.4648,-8.047,-7.976,16.815
2023-10-24 01:36:20.892963,0.3535,0.4502,0.2188,28.0762,147.3389,263.916,110.413,-34.332,-40.062,0.1484,-0.1382,0.9907,-2.9907,-8.0566,-1.8921,-8.207,-7.971,16.859
2023-10-24 01:36:20.993227,-0.478,-0.5889,0.8286,-181.5186,91.0034,116.2109,100.223,-56.371,-30.685,0.1758,-0.1313,0.9741,-0.9155,-7.5684,-2.6245,-8.454,-8.476,16.683
2023-10-24 01:36:21.093490,0.5181,-0.4795,0.145,-22.2778,-94.4824,-192.3828,101.887,-51.268,-37.787,0.1704,-0.1353,0.957,0.7935,2.2583,-0.4883,-8.481,-8.767,16.545
2023-10-24 01:36:21.193759,0.2456,0.2827,0.2368,-70.1294,-34.1187,-338.2568,97.081,-22.928,-38.688,0.1411,-0.1465,0.9653,2.5024,0.7324,2.7466,-8.251,-8.745,16.732
2023-10-24 01:36:21.294044,-0.2759,3.8789,-0.4502,87.9517,-138.1836,-243.9575,104.865,6.367,-41.951,0.1479,-0.1357,0.9775,2.1362,-1.0376,-0.4883,-8.064,-8.52,16.793
2023-10-24 01:36:21.394328,0.1133,1.8042,-0.022,301.8799,26.123,216.0034,108.171,-0.527,-45.72,0.1353,-0.1411,0.979,1.5869,0.6714,1.4038,-7.998,-8.366,16.765
2023-10-24 01:36:21.494613,0.4897,0.7207,-0.2227,18.9209,143.0664,255.8594,110.836,-24.467,-43.923,0.1587,-0.1475,0.9751,-1.77,-4.5776,-0.9155,-8.091,-8.306,16.941
2023-10-24 01:36:21.594899,-0.0317,-0.0386,0.2749,-127.5024,114.9902,185.5469,104.941,-49.147,-33.085,0.1426,-0.1519,0.9868,-1.4648,-1.6479,0.4272,-8.322,-8.575,16.848
2023-10-24 01:36:21.695183,0.0068,-0.4512,0.3521,-101.6846,-170.6543,-198.2422,98.141,-55.646,-30.729,0.1602,-0.1338,0.9863,-0.7935,-0.7324,-1.0986,-8.487,-8.503,16.88
2023-10-24 01:36:21.795462,0.3594,0.3325,0.1118,39.1846,-91.6138,-285.4614,103.799,-33.014,-38.815,0.1719,-0.1411,0.9546,2.7466,0.7935,2.3804,-8.432,-8.679,16.919
2023-10-24 01:36:21.895747,-0.3857,2.6421,0.0972,136.7798,-145.2637,-339.5386,101.299,0.11,-41.391,0.1191,-0.1489,0.9824,2.1973,-2.0752,0.061,-8.234,-8.427,17.139
2023-10-24 01:36:21.996040,0.0547,1.3193,-0.1509,176.3916,4.2725,236.7554,100.009,1.73,-47.692,0.1357,-0.1479,0.9834,0.1221,-1.2207,0.3052,-8.267,-8.377,17.034
2023-10-24 01:36:22.096340,0.3374,0.7759,0.1357,75.0732,91.8579,238.5254,107.666,-18.968,-46.269,0.1284,-0.1631,0.9912,-3.3569,1.1597,1.4648,-8.525,-8.322,17.325
2023-10-24 01:36:22.196634,-0.1807,-0.1841,0.2231,-102.2339,124.5117,201.4771,112.945,-41.627,-42.94,0.1621,-0.165,0.9839,-3.54,-3.2349,-1.0986,-8.817,-8.635,17.183
2023-10-24 01:36:22.296924,-0.6094,-1.0938,0.3667,-80.0171,109.1309,27.2827,94.51,-53.064,-37.37,0.168,-0.1489,0.9897,-0.8545,0.8545,0.6714,-8.948,-8.948,17.243
2023-10-24 01:36:22.397223,0.1548,0.0098,0.3325,-21.1182,-3.54,-246.46,92.12,-34.178,-39.37,0.1685,-0.1421,0.9556,-1.2207,0.9766,3.3569,-9.014,-9.025,17.413
2023-10-24 01:36:22.497510,0.1104,2.3706,0.7798,-50.1709,-33.2031,-302.4292,85.397,-5.537,-38.979,0.126,-0.1445,0.9771,1.2817,3.9062,4.4556,-8.954,-8.663,17.803
2023-10-24 01:36:22.597798,0.1758,1.7207,-0.4624,25.0244,40.7104,178.5889,113.198,-4.109,-48.164,0.1333,-0.1577,0.9746,1.4648,-2.4414,0.5493,-8.893,-8.487,18.04
2023-10-24 01:36:22.698079,0.6338,0.8247,0.0195,61.0962,122.6196,178.1006,110.907,-21.341,-46.082,0.1626,-0.1489,0.9595,-2.8076,-2.3804,-1.8921,-9.201,-8.806,18.155
2023-10-24 01:36:22.798491,0.2729,0.2061,-0.1099,-33.5693,125.061,161.3159,112.467,-44.423,-41.243,0.1792,-0.1592,0.9702,-2.1362,-3.0518,-0.2441,-9.454,-9.047,17.946
2023-10-24 01:36:22.898758,-0.2046,-0.0322,0.2402,-218.1396,-95.7642,-33.4473,109.589,-53.613,-39.287,0.1621,-0.1572,0.9839,-0.3052,-0.5493,-0.4883,-9.443,-9.135,17.957
2023-10-24 01:36:22.999062,0.3896,0.4116,0.1636,-14.3433,-75.9888,-227.9663,107.573,-38.546,-42.935,0.1772,-0.1621,0.959,1.2817,0.3052,0.4883,-9.399,-9.19,17.88
2023-10-24 01:36:23.099409,-0.4492,0.6777,0.5142,96.9238,-125.9766,-306.9458,99.591,-12.7,-41.16,0.1353,-0.1694,0.98,2.5635,3.2349,2.5635,-9.196,-8.959,18.045
2023-10-24 01:36:23.199674,0.0029,1.3037,0.1357,41.8701,-1.4648,207.8857,107.309,-4.856,-48.021,0.1191,-0.1606,0.9761,1.4038,-0.9155,0.1221,-9.08,-8.613,18.155
2023-10-24 01:36:23.299935,0.3208,1.0464,-0.0073,-114.1357,130.5542,181.9458,115.131,-21.462,-48.285,0.1494,-0.1729,0.978,-2.1973,-0.6714,-0.2441,-9.278,-8.591,18.265
2023-10-24 01:36:23.400194,0.0898,0.0005,0.1572,-3.54,139.9536,174.4385,115.389,-42.99,-45.396,0.1592,-0.1782,0.9712,-4.2114,-1.5259,-1.2817,-9.514,-8.877,18.133
2023-10-24 01:36:23.500457,-0.1167,-0.2681,0.1899,-35.8887,39.3066,62.0117,114.516,-52.844,-45.912,0.1797,-0.1646,0.9668,0.8545,0.9766,-0.1831,-9.597,-9.168,18.051
2023-10-24 01:36:23.600717,0.2163,0.0405,0.2212,78.064,-76.355,-241.6992,106.122,-39.32,-45.412,0.1646,-0.1616,0.9771,-0.8545,2.9297,1.5259,-9.536,-9.163,18.144
2023-10-24 01:36:23.700975,-0.0869,1.3203,0.457,-135.0098,-6.8359,-329.3457,100.563,-9.476,-41.929,0.165,-0.168,0.9819,1.9531,5.249,0.5493,-9.382,-9.02,18.221
2023-10-24 01:36:23.801242,-0.4624,0.7017,0.355,-176.2085,44.0674,299.9268,105.914,-0.906,-46.137,0.1348,-0.165,0.9741,1.4038,1.2207,0.3662,-9.207,-8.937,18.27
2023-10-24 01:36:23.901511,0.3022,1.0405,0.0483,-93.3228,82.2144,199.0967,109.237,-18.88,-45.231,0.1699,-0.1694,0.9185,-7.2021,3.0518,3.2959,-9.421,-8.871,18.545
2023-10-24 01:36:24.001774,0.2563,0.5981,0.124,-20.0195,147.583,208.0688,116.318,-43.116,-42.259,0.1812,-0.1587,0.9795,-2.9297,-5.3101,-3.1738,-9.613,-8.981,18.386
2023-10-24 01:36:24.102075,0.6279,-0.8003,0.1401,-217.6514,37.2314,114.563,102.184,-56.805,-42.451,0.1953,-0.1694,0.9736,0.3662,3.0518,-0.061,-9.745,-9.432,18.358
2023-10-24 01:36:24.202416,0.2212,-0.3291,0.229,12.3901,-47.3633,-203.064,105.952,-43.956,-46.527,0.1694,-0.1709,0.9736,2.4414,1.0376,-0.4883,-9.646,-9.531,18.347
2023-10-24 01:36:24.302681,0.3926,2.1968,-0.2861,-206.7261,-64.3311,-275.3296,107.012,-15.48,-45.753,0.1387,-0.1616,0.98,2.3804,0.8545,0.4883,-9.459,-9.305,18.375
2023-10-24 01:36:24.403396,0.1606,2.8105,-0.1548,-37.7808,52.2461,104.4312,112.214,-2.428,-45.396,0.1294,-0.1758,0.9761,0.7324,0.9155,3.2959,-9.465,-9.036,18.468
2023-10-24 01:36:24.503746,0.4512,1.0669,-0.1724,-30.2734,85.2661,186.0962,104.139,-20.435,-44.456,0.1548,-0.1567,0.9741,-2.3193,3.7842,3.479,-9.564,-8.855,18.88
2023-10-24 01:36:24.604426,0.4663,0.6138,0.23,133.4229,95.3369,179.8096,114.516,-41.484,-39.847,0.167,-0.1665,0.9873,-1.4038,-4.6997,-1.8311,-9.668,-8.943,18.946
2023-10-24 01:36:24.704787,0.0835,-0.0557,0.1729,-117.5537,8.7891,62.6831,103.909,-58.7,-37.282,0.188,-0.1743,0.9575,0.3052,1.2817,-1.1597,-9.778,-9.371,18.842
2023-10-24 01:36:24.805060,0.3706,-0.0137,0.5659,3.7231,-72.5708,-130.6763,97.608,-58.552,-34.299,0.1616,-0.1592,0.9722,2.4414,-0.9155,-2.3804,-9.608,-9.349,18.666
2023-10-24 01:36:24.905336,0.0654,-0.0005,0.6455,47.0581,-48.7671,-226.5625,96.647,-39.507,-37.87,0.1494,-0.1577,0.9712,2.1362,0.7324,-0.6714,-9.503,-9.119,18.523
2023-10-24 01:36:25.005627,0.3276,4.1152,-0.9121,28.5034,-179.0771,-248.4131,110.209,-13.008,-44.698,0.1587,-0.1855,0.9712,1.4038,0.061,-0.1221,-9.459,-9.014,18.572
2023-10-24 01:36:25.105912,0.4937,2.187,-0.6904,90.5762,74.707,182.0679,112.989,-14.606,-47.829,0.1431,-0.1934,1.0039,4.5166,-1.8311,1.3428,-9.283,-8.959,18.633
2023-10-24 01:36:25.206189,0.1729,0.1704,0.1187,76.4771,157.8979,257.019,103.409,-43.138,-39.293,0.1294,-0.1494,0.9756,-1.2207,-0.1221,1.3428,-9.421,-8.915,19.012
2023-10-24 01:36:25.306483,-0.124,-0.1807,0.8896,-153.0762,131.958,162.4756,97.311,-63.929,-21.643,0.1914,-0.1387,0.9541,-0.4272,-3.6621,-0.8545,-9.476,-8.904,18.913
2023-10-24 01:36:25.406779,0.2749,-0.3032,0.5713,-37.5977,-95.8252,-138.1226,90.302,-64.49,-26.461,0.1733,-0.1577,0.9751,1.5869,0.3662,-4.0283,-9.327,-9.13,18.721
2023-10-24 01:36:25.507073,0.4077,0.1187,0.3027,-123.8403,-65.7959,-233.5815,92.856,-43.846,-39.864,0.1533,-0.1665,0.9541,3.3569,2.3193,-2.1973,-8.959,-9.19,18.27
2023-10-24 01:36:25.607411,0.1299,3.0771,-0.0391,278.9917,-93.8721,-245.5444,105.386,-18.776,-43.116,0.1382,-0.1704,0.9531,3.479,-0.1831,-2.6245,-8.668,-8.998,18.018
2023-10-24 01:36:25.707711,0.896,1.4668,-0.1621,-235.0464,-24.1699,172.2412,101.503,-29.312,-47.032,0.1123,-0.1709,0.9951,2.8687,5.0049,1.4648,-8.388,-8.591,17.864
2023-10-24 01:36:25.808008,0.9648,1.1499,0.4185,314.3311,160.7056,140.2588,104.414,-45.994,-35.464,0.0903,-0.1099,1.0,-0.6104,3.1738,1.4648,-8.328,-8.146,18.188
2023-10-24 01:36:25.908297,-0.2974,-0.564,0.5396,-121.46,93.2007,178.0396,80.964,-62.65,-17.963,0.1509,-0.1255,0.9731,-0.6104,-4.3335,-1.6479,-8.344,-8.075,18.215
2023-10-24 01:36:26.008596,-0.2842,-1.0117,0.4067,-256.8359,27.6489,-21.0571,66.237,-67.341,-12.101,0.1729,-0.165,0.978,-0.7935,-11.7188,-6.7139,-8.481,-8.987,17.99
2023-10-24 01:36:26.108885,-0.1699,0.0161,0.3701,-71.5942,-29.3579,-188.3545,74.883,-53.987,-28.922,0.2188,-0.1719,0.98,0.7324,-3.8452,-6.5918,-8.465,-10.195,17.424
2023-10-24 01:36:26.209175,0.8296,0.9731,0.2017,535.0952,-109.1919,-263.5498,104.101,-32.953,-41.825,0.2437,-0.1782,0.9336,6.8359,4.1504,-2.1973,-8.174,-10.536,17.007
2023-10-24 01:36:26.309466,0.6108,0.7524,0.3965,175.7812,64.8193,129.5776,116.598,-34.266,-44.099,0.1216,-0.0962,0.9863,3.479,7.8125,0.5493,-7.564,-9.421,16.743
2023-10-24 01:36:26.409747,1.042,2.397,-1.1338,295.2881,25.0854,102.7222,119.361,-42.468,-44.626,0.1025,-0.1387,0.9365,1.8921,8.1787,2.1362,-7.355,-8.284,16.935
2023-10-24 01:36:26.510018,0.7402,0.5781,0.2798,-119.9951,158.2642,160.4614,111.423,-62.342,-34.882,0.1694,-0.123,0.9834,0.061,-4.4556,-5.7983,-7.119,-8.009,16.436
2023-10-24 01:36:26.610281,-0.5737,-0.4922,0.5586,58.3496,200.7446,202.8198,42.231,-78.904,30.366,0.1211,-0.0728,1.0439,2.0142,-10.0098,-8.3618,-6.586,-9.152,15.809
2023-10-24 01:36:26.710543,-0.7715,-2.6919,0.8398,-405.8838,51.1475,-120.6055,-13.546,-76.113,58.843,0.168,-0.1494,0.9233,-1.5869,6.958,-2.2583,-7.103,-9.531,15.26
2023-10-24 01:36:26.810805,0.0469,-0.0146,0.6396,-3.2959,56.0303,-267.395,74.921,-61.639,-25.499,0.25,-0.1343,0.9438,7.8735,2.4414,-1.8921,-6.79,-9.476,15.013
2023-10-24 01:36:26.911067,0.6523,2.0806,0.689,18.4326,-15.5029,-156.7383,87.034,-39.155,-30.822,0.0898,-0.1147,1.0156,-2.0752,5.7373,-8.9722,-6.246,-8.871,14.348
2023-10-24 01:36:27.011352,0.5591,0.3799,0.8325,-63.6597,-1.0986,164.3066,49.417,-41.05,-25.538,0.0654,-0.0801,0.9722,3.1128,20.1416,-0.6714,-5.685,-7.542,13.7
2023-10-24 01:36:27.111612,0.1689,-0.4448,1.0391,-236.6333,75.5615,177.063,22.456,-47.516,1.412,0.1113,-0.1064,0.9785,1.8311,16.6626,1.6479,-5.515,-6.01,13.607
2023-10-24 01:36:27.211873,0.416,-0.0112,1.0601,-10.498,65.6738,1.77,14.205,-43.544,14.854,0.083,-0.0806,0.9819,-1.9531,-3.418,-7.019,-5.306,-5.548,13.299
2023-10-24 01:36:27.312135,0.3716,0.02,0.8945,30.8228,23.0103,0.9155,5.999,-40.776,17.386,0.103,-0.0903,1.0024,-5.127,-2.3804,1.2817,-5.559,-6.031,13.046
2023-10-24 01:36:27.412394,0.1895,-0.3315,1.082,-6.1646,44.6167,-13.0005,1.148,-36.502,16.672,0.1191,-0.1162,1.0068,-3.6011,1.709,5.7983,-6.086,-6.081,13.546
2023-10-24 01:36:27.512660,0.1455,-0.6909,1.0,-77.8809,15.7471,-11.3525,-2.725,-34.272,15.952,0.1162,-0.1196,0.9937,-4.2725,-3.9062,-0.1831,-6.575,-6.158,13.854
2023-10-24 01:36:27.612928,0.1396,-0.4536,0.9263,-21.8506,4.6387,-8.2397,-2.763,-33.849,15.079,0.1108,-0.1104,0.9927,-2.8076,-0.4883,-0.5493,-6.844,-6.515,13.771
2023-10-24 01:36:27.713209,0.1611,-0.231,0.8247,-9.8877,9.5215,-0.2441,-0.181,-33.173,13.755,0.1079,-0.1318,0.9849,-5.0049,-1.0376,3.1128,-7.262,-6.553,13.975
2023-10-24 01:36:27.813729,0.1709,-0.375,0.9253,149.353,0.2441,12.8784,2.203,-31.503,14.112,0.1221,-0.1392,0.9658,-7.6904,-9.2163,4.2725,-7.976,-7.158,14.392
