2023-10-24 01:02:36.557620,0.6304,0.6577,0.4502,13.855,4.4556,4.4556,65.001,-39.902,-48.999,0.1001,0.0737,1.0088,-3.1128,5.7983,4.3945,1.818,-3.362,0.978
2023-10-24 01:02:36.658079,0.5825,0.6401,0.3452,-0.2441,-10.6201,-4.4556,63.984,-39.556,-49.246,0.0571,0.0059,1.0117,-8.606,1.5259,2.1362,1.285,-3.087,1.357
2023-10-24 01:02:36.758345,0.6401,0.668,0.458,-0.7324,5.3101,1.77,63.408,-39.468,-49.713,0.042,0.0317,1.0283,-0.7935,1.709,-5.9814,1.011,-2.686,1.302
2023-10-24 01:02:36.858632,0.6304,0.6987,0.4639,-1.9531,18.9819,7.9956,62.6,-39.265,-48.51,0.061,0.0205,0.9741,-5.3711,0.1221,-7.2021,0.544,-3.181,0.478
2023-10-24 01:02:36.958953,0.5977,0.8018,0.4414,13.0005,28.2593,13.6108,61.897,-39.084,-44.967,0.0889,0.0552,0.9683,-12.6343,11.4136,-8.4839,0.071,-2.983,-0.176
2023-10-24 01:02:37.059172,0.9478,0.9644,0.3232,82.4585,-6.2866,11.8408,61.029,-39.309,-42.676,-0.0063,-0.1782,0.917,-2.8687,-0.6714,-8.667,-1.236,-2.763,-0.956
2023-10-24 01:02:37.159453,1.0083,1.5049,-0.0635,-7.7515,45.4712,146.4233,67.714,-45.412,-38.37,0.1147,-0.0464,0.9727,13.6108,-18.3105,7.6904,-1.994,-2.747,-0.566
2023-10-24 01:02:37.259753,0.7939,0.5532,0.1528,74.4629,118.6523,160.8887,57.255,-56.651,-12.398,0.0093,0.0073,1.0029,-0.1221,7.019,0.8545,-1.544,-3.609,-0.648
2023-10-24 01:02:37.360040,0.1465,0.0342,0.6514,160.4004,127.3193,159.8511,28.378,-58.76,33.201,0.0796,0.0234,0.959,2.6855,-0.4272,3.2959,-1.379,-2.939,-0.461
2023-10-24 01:02:37.460339,-0.0078,-0.1807,0.8892,-113.0371,-9.0942,73.7305,9.767,-55.679,56.887,0.0181,-0.0303,0.9854,0.3662,1.8921,0.3052,-1.214,-2.527,-0.28
2023-10-24 01:02:37.560656,0.2798,-0.2891,0.4932,-14.2212,-134.2773,-127.9297,13.53,-65.984,41.193,0.0513,-0.0347,1.0029,3.8452,-1.5869,-0.3662,-1.165,-2.565,-0.198
2023-10-24 01:02:37.660985,0.5112,0.3848,0.231,-69.8853,-118.5303,-221.1914,60.474,-64.935,-17.111,0.0356,-0.0273,1.0176,1.1597,-2.9907,0.1831,-0.912,-2.818,-0.203
2023-10-24 01:02:37.761419,0.9976,0.9087,0.1465,-92.041,-105.835,-164.0015,78.311,-51.79,-51.888,0.0288,-0.021,1.0054,2.9907,-3.9673,-1.709,-0.972,-2.642,-0.286
2023-10-24 01:02:37.861901,1.1558,3.1367,0.3804,-32.4097,-41.0156,-89.6606,81.969,-38.32,-63.583,0.1055,0.0034,0.9922,2.1973,-0.8545,-0.1221,-0.654,-3.17,-0.412
2023-10-24 01:02:37.962200,0.811,1.3496,0.1655,252.8076,62.9272,46.936,82.282,-42.781,-59.914,0.0503,-0.0015,0.9888,1.8311,-0.8545,0.4272,-0.5,-3.142,-0.275
2023-10-24 01:02:38.062517,0.8086,0.7344,0.0186,-33.6304,122.1313,281.9214,77.338,-53.729,-47.692,0.022,-0.0112,1.0161,-0.5493,1.4648,0.4883,-0.516,-2.873,-0.297
2023-10-24 01:02:38.162867,0.2695,0.1577,0.3042,78.4912,148.2544,216.8579,47.032,-67.467,-2.939,0.0566,0.0132,0.9966,-1.8921,1.5869,0.0,-0.555,-2.917,-0.22
2023-10-24 01:02:38.263177,0.5107,0.1206,0.5796,116.1499,87.3413,75.4395,14.464,-64.363,42.726,0.0562,0.0044,0.9927,1.4038,0.7935,0.6104,-0.56,-2.922,-0.231
2023-10-24 01:02:38.363524,0.4482,-0.3965,0.7065,-154.8462,-64.27,-25.4517,-3.796,-63.699,57.184,0.04,0.0024,0.9937,0.061,-0.6104,-0.3662,-0.439,-2.955,-0.187
2023-10-24 01:02:38.463833,0.4453,-0.0239,0.5293,-112.1826,-90.332,-147.2168,12.48,-72.345,30.372,0.0566,-0.0068,0.9854,-1.9531,0.9766,-0.4883,-0.489,-2.928,-0.302
2023-10-24 01:02:38.564187,0.6621,0.2012,0.3232,-119.3848,-102.2339,-175.7812,63.281,-70.302,-35.316,0.0449,-0.0264,0.9937,2.3804,-6.958,-0.4883,-0.357,-3.252,-0.341
2023-10-24 01:02:38.664569,0.9111,0.522,-0.001,-57.6172,-107.605,-197.876,90.121,-54.558,-70.593,0.0469,-0.0137,0.9995,0.8545,-1.6479,-0.1831,-0.428,-3.186,-0.363
2023-10-24 01:02:38.764888,0.5562,2.4194,0.2739,-154.9683,-35.5835,27.4658,92.62,-36.909,-77.476,0.0845,-0.0186,0.9951,-4.7607,2.0752,0.061,-0.588,-3.093,-0.385
2023-10-24 01:02:38.865202,0.8174,1.0312,0.168,236.0229,76.8433,97.3511,91.379,-47.659,-71.537,0.0488,-0.021,0.9956,-1.6479,6.0425,0.7935,-0.665,-3.126,-0.341
2023-10-24 01:02:38.965490,0.8745,0.6152,-0.1123,-37.8418,94.1772,188.5986,89.484,-58.777,-59.788,0.0596,0.0044,0.998,0.6104,1.5869,1.0986,-0.472,-2.928,-0.286
2023-10-24 01:02:39.065802,0.4941,0.2241,0.2158,40.1001,136.7188,162.4756,64.116,-72.065,-24.5,0.0391,-0.0054,0.9858,-1.9531,3.6621,1.0986,-0.258,-3.027,-0.214
2023-10-24 01:02:39.166077,0.3081,-0.1021,0.5293,94.4824,61.7676,58.5938,13.206,-72.675,34.92,0.0664,-0.0054,0.9995,-1.4648,2.8076,0.0,-0.341,-2.856,-0.187
2023-10-24 01:02:39.266381,0.4492,-0.4482,0.6538,-167.5415,-70.1294,-59.7534,-1.824,-73.141,46.379,0.0586,0.0005,0.9976,0.1831,1.77,0.3052,-0.308,-2.889,-0.126
2023-10-24 01:02:39.366648,0.5117,0.2373,0.3838,-60.6079,-82.2144,-165.7715,50.065,-77.091,-10.662,0.0273,0.0068,1.0225,1.3428,2.4414,-0.6104,-0.236,-2.823,-0.132
2023-10-24 01:02:39.466916,0.8848,0.9727,0.2119,-132.8125,-90.6982,-151.9775,87.781,-63.644,-58.683,0.0269,-0.021,0.9961,-2.7466,3.3569,-0.4272,-0.39,-2.818,-0.242
2023-10-24 01:02:39.567192,0.9067,0.7451,0.1055,-45.9595,-42.7246,-195.4346,86.309,-46.763,-74.998,0.0742,0.0015,0.9873,-0.6714,-4.8828,-0.8545,-0.341,-3.071,-0.341
2023-10-24 01:02:39.667472,0.7041,1.3818,0.0601,-51.8188,-16.2354,49.5605,85.891,-37.332,-79.074,0.0718,-0.0044,1.0063,-2.1362,0.061,-0.4883,-0.324,-3.279,-0.461
2023-10-24 01:02:39.767782,0.9404,1.1323,0.02,179.6265,33.6914,71.8384,94.065,-44.863,-76.668,0.0811,-0.0156,0.9663,-0.7935,-0.7935,-2.0142,-0.538,-3.527,-0.505
2023-10-24 01:02:39.868063,0.6602,0.7783,0.1533,2.1362,87.0972,193.5425,95.526,-57.25,-68.269,0.0703,0.0112,1.0054,-0.5493,0.3052,2.0142,-0.396,-3.411,-0.511
2023-10-24 01:02:39.968363,0.5664,0.042,0.1187,112.793,130.9204,155.2124,77.838,-73.471,-40.787,0.0332,-0.0088,1.0112,-2.0752,5.5542,0.1221,-0.258,-3.521,-0.417
2023-10-24 01:02:40.068634,0.2383,0.3232,0.4907,101.9897,86.792,60.4858,26.378,-76.701,28.312,0.0469,-0.0054,1.0078,-0.7935,1.4648,1.2817,-0.291,-3.301,-0.434
2023-10-24 01:02:40.168901,0.5054,-0.0317,0.6377,-174.9878,-67.8711,-43.457,11.547,-79.239,33.283,0.0762,0.0029,1.0107,3.54,-0.9155,1.3428,-0.121,-3.373,-0.225
2023-10-24 01:02:40.269169,0.5547,0.0815,0.4658,-70.8008,-87.3413,-152.5269,74.141,-78.492,-42.841,0.043,-0.0112,1.0049,-0.3662,0.4272,0.8545,-0.049,-3.422,-0.132
2023-10-24 01:02:40.369443,0.9224,0.4697,0.3374,-163.7573,-36.3159,-148.1934,85.49,-63.16,-68.978,0.0918,0.0093,0.9873,-7.1411,7.9346,0.6104,-0.319,-3.279,-0.132
2023-10-24 01:02:40.469752,1.0034,1.0923,0.0229,-73.5474,20.2026,-165.2222,82.919,-44.676,-75.921,0.0615,-0.0127,1.0112,0.3052,-1.2207,-0.061,-0.341,-3.472,-0.203
2023-10-24 01:02:40.570077,0.6221,1.5786,0.5034,-55.6641,26.8555,-13.3667,78.201,-32.756,-74.004,0.0479,0.0063,1.0078,-1.0376,0.9766,-0.061,-0.357,-3.362,-0.176
2023-10-24 01:02:40.670372,0.731,2.0669,0.146,242.7368,19.4702,149.7192,84.501,-40.413,-70.62,0.0596,0.0093,0.998,0.3662,-0.7935,-1.1597,-0.39,-3.389,-0.242
2023-10-24 01:02:40.770686,0.3926,0.0933,0.0923,-76.5991,69.6411,221.1304,79.986,-62.699,-58.898,0.0625,-0.0103,1.0107,4.9438,-5.9204,0.8545,-0.203,-3.499,-0.225
2023-10-24 01:02:40.871008,0.2319,0.2349,0.4238,65.7959,108.0322,182.4341,43.011,-76.322,-8.652,0.0171,-0.0034,0.9995,-1.3428,1.9531,-0.9766,-0.17,-3.356,-0.187
2023-10-24 01:02:40.971324,0.355,-0.1201,0.7036,70.6787,3.6011,16.1133,2.329,-75.635,35.953,0.0811,-0.0122,0.9932,0.6104,-2.0142,-0.3662,-0.341,-3.274,-0.209
2023-10-24 01:02:41.071607,0.1567,-0.3564,0.6338,-87.4634,-94.2993,-108.9478,14.222,-80.442,14.991,0.0557,-0.0073,1.0005,0.8545,-0.3052,-0.1831,-0.308,-3.345,-0.258
2023-10-24 01:02:41.171955,0.5981,0.2544,0.4946,-91.1865,-70.3735,-204.2847,90.549,-72.186,-70.906,0.0469,-0.0054,1.002,0.4272,0.2441,-0.3052,-0.302,-3.285,-0.264
2023-10-24 01:02:41.272282,0.8413,0.3125,0.3579,-43.5181,-24.7192,-184.7534,88.412,-53.311,-82.793,0.0566,-0.0269,0.9946,0.9766,-1.5869,-0.9766,-0.319,-3.219,-0.302
2023-10-24 01:02:41.372575,0.6094,3.1836,0.2026,28.9917,-29.8462,-119.751,93.104,-33.942,-84.727,0.0576,-0.0225,1.0054,-0.3052,1.2817,0.9155,-0.516,-3.131,-0.275
2023-10-24 01:02:41.472854,0.9404,0.9478,0.1235,288.269,67.9321,85.6323,94.427,-43.391,-81.337,0.0537,0.0,0.9771,0.1831,-1.3428,0.7935,-0.22,-3.488,-0.176
2023-10-24 01:02:41.573182,1.0215,0.7612,-0.064,-45.2881,83.8013,164.3677,96.647,-54.695,-72.993,0.082,-0.0005,0.9961,-2.7466,2.6245,0.6714,-0.291,-3.378,-0.236
2023-10-24 01:02:41.673635,0.4712,0.5342,0.3525,118.5303,102.9663,143.7378,89.929,-69.269,-54.503,0.0513,-0.001,0.9976,1.9531,-3.6011,-0.4272,-0.236,-3.466,-0.187
2023-10-24 01:02:41.773997,0.4365,-0.0542,0.4448,82.2144,89.4165,90.1489,52.004,-79.409,-8.718,0.0601,-0.0059,0.9961,-0.7324,0.8545,-0.3662,-0.341,-3.301,-0.247
2023-10-24 01:02:41.874295,0.3301,-0.3057,0.7231,-148.4985,-19.9585,-0.8545,8.904,-78.349,33.036,0.0522,-0.0073,1.0005,1.5869,-1.6479,-0.6104,-0.324,-3.329,-0.247
2023-10-24 01:02:41.974635,0.4302,-0.0522,0.728,-49.8047,-79.895,-139.8315,51.312,-80.14,-18.166,0.0566,-0.0015,0.998,-1.4648,4.5166,0.9155,-0.324,-3.159,-0.258
2023-10-24 01:02:42.075004,0.6206,0.1763,0.3945,-43.2129,-85.4492,-183.1665,90.824,-64.819,-73.191,0.0425,-0.0107,0.9946,-2.1973,-1.2817,-1.3428,-0.39,-3.126,-0.242
2023-10-24 01:02:42.175336,0.3228,0.6006,0.0068,-55.7251,-104.4312,-139.8926,96.57,-46.187,-89.753,0.0728,0.001,1.0259,2.2583,-2.6855,-0.8545,-0.489,-3.367,-0.346
2023-10-24 01:02:42.275637,0.8623,1.4653,-0.0498,-52.6733,-35.7666,15.9302,99.338,-35.607,-96.372,0.0552,-0.0034,1.002,4.5166,-3.0518,0.6104,-0.33,-3.582,-0.33
2023-10-24 01:02:42.376002,0.9805,1.0405,0.0869,171.0205,53.6499,49.0723,106.732,-44.165,-92.241,0.0454,0.0059,0.9922,-0.4883,1.1597,1.2207,-0.297,-3.279,-0.115
2023-10-24 01:02:42.476373,0.8833,0.71,-0.0898,1.2207,78.6133,176.9409,109.226,-55.25,-88.693,0.0537,0.0083,1.0039,-1.8311,-0.7324,0.5493,-0.302,-3.093,-0.154
2023-10-24 01:02:42.576693,0.7788,0.5801,0.0825,135.5591,134.3384,143.5547,103.634,-73.427,-71.378,0.0488,-0.0005,0.9956,1.1597,-3.479,-1.0986,-0.434,-3.214,-0.11
2023-10-24 01:02:42.677029,0.3179,-0.041,0.4312,140.9912,117.7979,85.2051,26.191,-82.546,16.298,0.0728,-0.0112,0.9961,0.4272,-2.0142,-0.3052,-0.571,-3.126,-0.181
2023-10-24 01:02:42.777348,0.3979,-0.2642,0.7461,-155.7007,-28.2593,6.5308,-15.441,-80.255,53.904,0.063,-0.0063,0.9951,1.4648,-0.6104,-0.4883,-0.516,-3.17,-0.187
2023-10-24 01:02:42.877662,0.4883,0.2139,0.521,-90.6372,-90.7593,-123.1079,77.13,-84.985,-47.027,0.0479,-0.0005,0.9985,1.2207,0.3662,0.1831,-0.417,-3.043,-0.22
2023-10-24 01:02:42.977976,0.541,0.0679,0.46,-28.9307,-105.1636,-141.0522,111.714,-68.093,-91.324,0.0405,-0.0034,0.999,-1.2207,-0.7324,-1.1597,-0.461,-3.038,-0.275
2023-10-24 01:02:43.078286,0.7002,0.3521,-0.3579,3.2959,-114.3188,-174.1333,124.915,-47.455,-99.207,0.0464,-0.0215,1.0337,2.8687,2.2583,-0.7324,-0.374,-3.378,-0.346
2023-10-24 01:02:43.178581,0.4907,1.4727,-0.2534,-412.6587,-23.4375,67.3218,110.522,-32.877,-97.059,0.0435,-0.022,1.0063,1.6479,1.2817,0.6104,-0.159,-3.669,-0.313
2023-10-24 01:02:43.278886,0.7075,1.4482,-0.0635,153.1372,78.7354,33.8745,123.838,-42.929,-94.016,0.0752,0.0234,0.9868,-0.1221,1.5259,0.2441,-0.159,-3.477,-0.203
2023-10-24 01:02:43.379177,1.1045,0.731,-0.2129,91.0645,89.1113,123.8403,120.641,-54.179,-92.148,0.0723,-0.0029,1.001,-0.8545,1.77,0.7935,-0.088,-3.587,-0.203
2023-10-24 01:02:43.479464,0.4375,0.3032,0.2173,44.9219,130.0659,99.3042,113.494,-70.818,-78.854,0.0527,0.0,0.999,-1.1597,0.7935,-0.6104,-0.154,-3.532,-0.22
2023-10-24 01:02:43.579742,0.3906,0.1128,0.4688,36.6821,81.9092,54.0771,73.323,-81.92,-34.898,0.0669,-0.0093,0.9858,0.1831,0.7935,-0.7324,-0.368,-3.334,-0.269
2023-10-24 01:02:43.680001,0.2446,0.0078,0.7417,-144.6533,-29.9072,-3.7231,45.566,-82.886,-10.646,0.0552,-0.0044,1.0049,1.3428,-1.5869,-0.4272,-0.242,-3.351,-0.247
2023-10-24 01:02:43.780307,0.4268,0.1396,0.6401,-59.021,-94.6045,-123.4131,97.081,-77.366,-71.384,0.0537,0.0034,0.9995,-0.6104,1.8921,0.4883,-0.214,-3.268,-0.302
2023-10-24 01:02:43.880600,0.583,0.2695,0.3813,12.3291,-122.8027,-169.0063,108.089,-58.678,-94.554,0.0474,-0.0176,1.0,-1.4038,0.2441,-0.6104,-0.308,-3.197,-0.313
2023-10-24 01:02:43.980927,0.7612,0.8003,-0.2671,-161.9263,-44.1895,-173.645,104.678,-38.145,-101.635,0.062,-0.0146,1.0068,0.2441,0.3052,0.9155,-0.445,-3.098,-0.302
2023-10-24 01:02:44.081189,0.5698,1.2383,0.1958,-248.9014,13.4888,69.0918,95.054,-29.312,-100.399,0.0391,-0.0161,1.0034,2.6855,-2.6245,0.4272,-0.357,-3.279,-0.214
2023-10-24 01:02:44.181441,0.7827,2.0371,0.1553,107.3608,58.5327,74.585,106.628,-36.727,-94.406,0.0713,0.0244,1.001,-0.5493,0.8545,-0.6714,-0.181,-3.334,-0.17
2023-10-24 01:02:44.281742,0.7129,0.5762,0.0884,129.2725,88.9282,188.7817,107.776,-53.63,-92.0,0.0645,-0.0059,0.9971,0.7324,0.1831,0.3662,-0.154,-3.422,-0.187
2023-10-24 01:02:44.382020,0.5562,0.189,0.1543,56.7627,110.0464,111.6943,111.572,-68.901,-83.381,0.0527,-0.0059,0.9956,-1.1597,0.8545,-1.2207,-0.203,-3.373,-0.231
2023-10-24 01:02:44.482359,0.498,0.1689,0.3838,39.6118,100.0366,92.3462,80.662,-78.92,-47.642,0.0566,-0.0103,0.999,0.1831,0.1831,0.2441,-0.291,-3.312,-0.286
2023-10-24 01:02:44.582636,0.4111,-0.3848,0.7451,-60.2417,-32.3486,-48.0347,65.682,-79.53,-36.299,0.0522,-0.0142,0.9932,-0.4272,0.061,-0.7935,-0.324,-3.329,-0.291
2023-10-24 01:02:44.682956,0.5835,0.1006,0.5996,-164.7339,-94.4824,-129.3945,91.692,-70.845,-74.048,0.0669,0.0034,1.0083,1.77,-1.4038,0.7935,-0.28,-3.219,-0.247
2023-10-24 01:02:44.783228,0.7388,0.4399,0.4077,-77.6367,-111.3892,-167.3584,101.305,-53.899,-95.328,0.0508,-0.0054,1.0005,-1.8921,2.3804,-1.0376,-0.231,-3.257,-0.291
2023-10-24 01:02:44.883563,0.9536,1.4927,-0.3936,-23.6206,-38.4521,-134.5825,103.008,-35.859,-102.585,0.0664,-0.0176,1.0068,1.1597,-2.1973,-0.3662,-0.363,-3.214,-0.352
2023-10-24 01:02:44.983846,0.8242,0.2954,0.0083,49.1333,73.6084,103.0884,96.746,-36.464,-99.377,0.0283,-0.0176,1.001,-1.4038,1.9531,3.479,-0.379,-3.301,-0.258
2023-10-24 01:02:45.084210,0.8315,1.2979,0.1372,17.5171,50.6592,82.8247,105.694,-43.511,-92.274,0.064,0.0322,0.9951,-4.0283,1.77,-1.0376,-0.341,-2.966,-0.192
2023-10-24 01:02:45.184526,0.8057,0.6973,0.2109,108.5205,82.3975,117.5537,107.43,-56.387,-87.292,0.0835,-0.0205,0.9956,-0.3662,-0.3052,0.1221,-0.385,-3.252,-0.253
2023-10-24 01:02:45.284826,0.5957,0.3994,0.2295,90.4541,114.1357,92.2852,104.464,-70.17,-72.784,0.0503,-0.0132,0.9941,1.0986,-0.8545,-2.1973,-0.341,-3.296,-0.379
2023-10-24 01:02:45.385131,0.3906,0.1543,0.5928,36.0718,105.2856,81.665,68.934,-77.646,-31.047,0.0483,0.0044,0.9956,0.1221,1.0986,0.7935,-0.253,-3.192,-0.45
2023-10-24 01:02:45.485479,0.3516,-0.0781,0.7466,-165.3442,-75.6226,-10.3149,56.475,-81.09,-25.444,0.0317,-0.0034,0.9966,-0.6714,-2.0142,-0.1221,-0.247,-3.098,-0.352
2023-10-24 01:02:45.585775,0.5264,0.002,0.5088,-36.7432,-119.3848,-165.0391,102.524,-71.213,-84.891,0.0601,-0.0142,1.0,-0.9766,1.4648,1.4648,-0.434,-2.988,-0.302
2023-10-24 01:02:45.686071,0.7607,0.73,0.1582,-117.1265,-109.8633,-157.6538,106.249,-50.729,-99.124,0.0576,-0.0088,0.9976,-0.6104,0.1221,0.1221,-0.385,-3.203,-0.291
2023-10-24 01:02:45.786413,0.8862,1.6465,0.1865,-97.3511,-32.6538,-154.48,95.856,-33.706,-103.81,0.0518,-0.001,1.002,3.2959,-5.7983,-0.4272,-0.346,-3.268,-0.297
2023-10-24 01:02:45.886773,0.7305,0.5195,-0.1069,-112.1216,18.4326,126.0986,92.076,-30.685,-105.123,0.0605,-0.0015,0.9897,2.0142,-1.6479,0.9155,-0.341,-3.351,-0.258
2023-10-24 01:02:45.987071,0.7432,1.0288,0.2368,87.9517,17.8223,70.9839,105.425,-38.958,-102.382,0.0596,0.0181,0.9858,-1.4038,-0.1831,-1.1597,-0.247,-3.406,-0.242
2023-10-24 01:02:46.087436,0.8584,0.4009,-0.001,-8.667,84.9609,150.8179,106.93,-52.405,-100.854,0.0801,-0.022,1.002,2.3193,-3.6621,1.2207,-0.236,-3.296,-0.236
2023-10-24 01:02:46.187726,0.6294,0.394,0.2646,152.2827,150.6958,96.8628,102.914,-67.923,-81.172,0.0225,0.0059,1.001,-3.9673,5.249,-0.9766,-0.198,-3.208,-0.275
2023-10-24 01:02:46.288008,0.333,0.3071,0.5083,15.7471,88.501,81.2988,71.164,-77.086,-40.336,0.085,0.0107,1.0015,0.7324,-5.0049,-0.8545,-0.264,-3.246,-0.363
2023-10-24 01:02:46.388308,0.2085,-0.0698,0.6973,-148.3765,-70.3125,-40.1611,62.633,-80.2,-38.826,0.0693,-0.0117,0.998,-0.061,0.6104,-0.6714,-0.225,-3.461,-0.445
2023-10-24 01:02:46.488617,0.5239,0.2104,0.5713,-118.2861,-105.5298,-138.0615,98.13,-70.016,-88.687,0.0503,-0.0186,0.9985,1.77,1.709,0.4883,-0.176,-3.516,-0.45
2023-10-24 01:02:46.588912,0.519,0.4502,0.3315,-18.6768,-106.2622,-173.9502,101.602,-51.817,-104.447,0.0376,0.0015,0.9961,-1.6479,0.0,-0.7324,-0.154,-3.329,-0.445
2023-10-24 01:02:46.689199,0.5464,1.9019,-0.3672,102.478,-54.0771,-187.7441,102.53,-32.745,-110.429,0.0723,-0.0122,1.0054,0.3662,-2.2583,0.7935,-0.368,-3.164,-0.428
2023-10-24 01:02:46.789654,0.5547,0.0283,0.1675,177.6733,48.8892,110.1074,98.91,-34.525,-109.781,0.0757,0.0396,0.9995,1.3428,-2.8076,2.2583,-0.192,-3.51,-0.324
2023-10-24 01:02:46.889922,0.8525,1.1938,-0.188,-33.5693,63.5376,100.9521,108.364,-42.698,-104.711,0.0303,0.0283,1.0103,0.1831,-3.1738,-2.4414,-0.11,-3.329,-0.28
2023-10-24 01:02:46.990190,0.7339,0.5264,0.2817,126.0986,123.3521,142.6392,108.012,-58.964,-95.795,0.0835,-0.0298,0.9971,1.8311,-0.7935,1.5869,-0.132,-3.516,-0.269
2023-10-24 01:02:47.090488,0.4414,0.3218,0.3345,79.5288,138.4277,66.1621,95.641,-73.641,-69.126,0.0293,-0.001,1.0049,0.061,-0.061,-2.3804,-0.049,-3.505,-0.363
2023-10-24 01:02:47.190752,0.0869,0.0801,0.6548,-78.186,18.6768,35.6445,50.12,-78.36,-22.802,0.0728,-0.0005,0.9956,-0.9155,2.3804,0.6104,-0.165,-3.345,-0.439
2023-10-24 01:02:47.291030,0.5264,-0.1035,0.6777,-40.2222,-72.6929,-78.9795,59.079,-80.244,-41.232,0.0488,-0.0054,1.0068,2.1973,-2.4414,-0.7324,-0.093,-3.428,-0.461
2023-10-24 01:02:47.391371,0.7524,-0.0195,0.4033,-122.0093,-96.8628,-144.4092,97.262,-70.724,-91.241,0.0562,-0.0078,1.0049,0.0,-0.3662,0.0,-0.104,-3.384,-0.428
2023-10-24 01:02:47.491643,0.6138,0.7227,0.2549,-2.8687,-131.5918,-165.2222,104.716,-52.383,-109.056,0.0513,0.002,1.0088,-1.2207,1.9531,0.3052,-0.181,-3.219,-0.445
2023-10-24 01:02:47.591962,1.0215,1.8252,-0.2847,-165.0391,-57.1899,-111.3281,101.788,-33.245,-119.361,0.0581,-0.0186,1.0059,-0.5493,0.9766,0.3052,-0.269,-3.263,-0.428
2023-10-24 01:02:47.692258,0.6992,1.1895,-0.1826,-45.5322,7.8125,78.6133,102.003,-27.713,-120.657,0.0635,-0.0063,1.002,0.6104,0.061,0.6714,-0.341,-3.29,-0.379
2023-10-24 01:02:47.792572,0.6675,1.9536,-0.1904,43.5181,123.4741,154.7852,109.045,-39.573,-115.148,0.0547,0.0127,0.9966,0.0,-0.061,-0.1831,-0.209,-3.345,-0.33
2023-10-24 01:02:47.892833,0.7441,0.6006,0.2114,115.7837,150.5737,191.6504,101.92,-58.376,-104.233,0.0645,-0.0059,0.9995,2.0142,-1.4038,0.4272,-0.132,-3.367,-0.302
2023-10-24 01:02:47.993136,0.3521,0.2617,0.5464,90.8813,142.1509,113.8306,80.436,-75.031,-67.863,0.0376,0.0015,0.9985,-0.7324,-1.2207,-1.0376,-0.033,-3.466,-0.352
2023-10-24 01:02:48.093442,0.0034,-0.1895,0.7354,-33.3252,33.9355,16.4185,33.602,-77.437,-20.808,0.0815,-0.0063,0.998,-2.5635,3.6621,-0.2441,-0.247,-3.312,-0.412
2023-10-24 01:02:48.193736,0.3672,-0.0142,0.7095,-35.7056,-79.5898,-126.5869,59.211,-77.322,-53.817,0.063,-0.0103,0.9976,0.5493,0.8545,-0.3662,-0.231,-3.4,-0.472
2023-10-24 01:02:48.294054,0.7124,0.063,0.4614,-47.5464,-103.6377,-154.0527,96.356,-65.363,-100.876,0.0391,-0.0186,1.0044,0.1831,-1.3428,-0.4272,-0.209,-3.367,-0.445
2023-10-24 01:02:48.394387,0.7959,0.8145,0.1045,-64.1479,-133.5449,-158.8745,107.227,-46.774,-117.784,0.0576,-0.0044,1.0103,-1.0376,1.709,0.4272,-0.335,-3.115,-0.456
2023-10-24 01:02:48.494681,1.0005,2.3296,-0.0405,-271.9116,-37.4146,-159.2407,91.653,-27.719,-123.53,0.0518,-0.0171,1.0103,1.2817,0.9155,0.6104,-0.374,-3.203,-0.428
2023-10-24 01:02:48.594997,0.6587,0.522,0.1475,113.8916,18.0664,94.9707,87.275,-28.9,-123.25,0.0488,0.0146,1.0078,2.3804,-3.479,1.1597,-0.214,-3.318,-0.313
2023-10-24 01:02:48.695318,0.5464,1.1382,0.2402,6.5308,67.8711,168.7622,93.763,-40.858,-116.856,0.0654,0.0029,0.9971,-2.9297,2.1973,0.061,-0.28,-3.224,-0.363
2023-10-24 01:02:48.795613,0.6284,0.2544,0.2871,167.6636,131.4697,160.0342,90.428,-58.705,-101.942,0.0576,-0.0063,1.0015,1.5869,-0.6714,-0.5493,-0.269,-3.378,-0.33
2023-10-24 01:02:48.895906,0.27,0.1094,0.5884,25.7568,96.3745,90.6982,74.24,-69.417,-70.845,0.0425,-0.0044,0.9985,-0.1831,-0.1221,-0.6714,-0.214,-3.334,-0.412
2023-10-24 01:02:48.996193,0.5093,-0.1528,0.645,-193.9697,-44.5557,16.1133,54.487,-73.663,-58.145,0.0625,-0.0093,0.999,0.2441,-0.7935,-0.4883,-0.253,-3.312,-0.45
2023-10-24 01:02:49.096495,0.4619,0.0005,0.7461,-65.0635,-94.7266,-135.8643,72.719,-71.395,-85.699,0.064,0.002,1.0,0.7935,1.4648,0.9155,-0.225,-3.279,-0.445
2023-10-24 01:02:49.196803,0.5894,0.1499,0.4458,9.6436,-79.0405,-168.7622,89.352,-56.909,-114.142,0.0283,-0.0127,0.9976,-0.9155,-1.77,-0.9155,-0.154,-3.29,-0.428
2023-10-24 01:02:49.297118,0.8047,0.8853,0.144,-153.9917,-66.5283,-188.9648,90.236,-37.76,-126.881,0.0615,-0.0166,1.0034,-1.8311,0.8545,-0.1831,-0.445,-3.082,-0.461
2023-10-24 01:02:49.397417,0.7578,2.5049,0.2944,133.9111,-51.9409,-66.7725,89.39,-22.225,-132.885,0.0605,-0.0171,1.0117,2.6245,-0.5493,1.5259,-0.461,-3.142,-0.406
2023-10-24 01:02:49.497735,0.8599,1.0811,0.3164,135.6201,58.8379,101.6235,93.334,-30.201,-130.984,0.0649,0.0215,0.9834,-0.4272,2.1973,0.7324,-0.247,-3.246,-0.297
2023-10-24 01:02:49.598031,0.8267,1.0269,0.0586,57.373,96.8018,180.2368,101.717,-44.681,-124.437,0.061,0.0083,0.9897,-1.2207,-0.061,0.061,-0.198,-3.208,-0.341
2023-10-24 01:02:49.698341,0.4072,0.0884,0.3833,169.7998,128.0518,159.729,96.202,-64.243,-108.594,0.0488,-0.0127,0.998,-0.4272,-1.4038,-1.4038,-0.269,-3.257,-0.379
2023-10-24 01:02:49.798621,0.3125,0.0376,0.5806,43.0908,96.7407,114.3799,72.235,-75.877,-71.307,0.0552,-0.0127,1.0034,-1.2817,0.7935,-0.1221,-0.423,-3.159,-0.472
2023-10-24 01:02:49.898922,0.3706,-0.4927,0.627,-106.4453,-37.6587,-33.2642,38.243,-80.64,-41.292,0.0654,-0.0054,0.9985,-0.7324,0.4272,-0.1221,-0.368,-3.395,-0.478
2023-10-24 01:02:49.999190,0.5103,0.1055,0.5151,-166.1987,-93.9941,-147.7051,82.606,-76.805,-96.46,0.0679,0.0039,1.0015,1.9531,1.0376,0.4883,-0.247,-3.351,-0.456
2023-10-24 01:02:50.099450,0.6592,0.126,0.4302,-1.4038,-84.5337,-167.3584,95.927,-59.892,-123.228,0.022,-0.0049,0.9995,-0.061,-1.5259,-0.2441,-0.093,-3.411,-0.467
2023-10-24 01:02:50.199800,0.7949,0.5728,-0.0352,-77.2705,-106.2012,-205.0781,101.882,-40.106,-136.022,0.0742,-0.0171,0.9961,-1.709,-0.1221,-0.1221,-0.379,-3.159,-0.478
2023-10-24 01:02:50.300163,0.4854,2.7939,-0.1382,-118.5303,-23.9868,23.0103,109.111,-21.226,-139.186,0.0708,-0.02,1.0083,1.8921,1.5869,1.0986,-0.335,-3.246,-0.423
2023-10-24 01:02:50.400452,0.7358,1.0454,0.001,103.5156,74.3408,49.8657,108.979,-29.938,-137.741,0.0693,0.0327,0.9849,-1.5869,6.0425,-0.5493,-0.126,-3.362,-0.374
2023-10-24 01:02:50.500802,0.4634,0.9385,0.3267,-41.4429,109.7412,218.4448,110.841,-42.374,-132.55,0.082,-0.0186,0.9985,0.8545,-1.1597,0.6714,-0.176,-3.274,-0.45
2023-10-24 01:02:50.601063,0.4268,-0.1631,0.3208,86.6699,126.5869,181.0913,105.095,-64.297,-126.562,0.0381,-0.0088,0.9941,-0.1831,-0.7935,-1.709,-0.121,-3.433,-0.456
2023-10-24 01:02:50.701320,0.9067,0.2407,0.041,42.8467,123.7793,182.6782,92.637,-78.162,-105.26,0.0757,-0.001,0.9878,-1.9531,0.6104,0.1221,-0.302,-3.34,-0.533
2023-10-24 01:02:50.801656,0.2163,-0.2163,0.52,-219.7266,-54.0771,6.958,45.983,-87.292,-69.214,0.0635,-0.0137,0.9985,0.1221,-0.1831,0.3662,-0.401,-3.389,-0.522
2023-10-24 01:02:50.901912,0.4839,-0.4126,0.3579,-47.4243,-15.1367,-152.0386,94.982,-80.892,-132.973,0.0591,0.0068,0.9951,2.5024,-1.9531,0.4883,-0.253,-3.428,-0.478
2023-10-24 01:02:51.002203,0.6855,-0.0571,0.3135,-98.938,-25.5737,-219.0552,90.599,-61.315,-136.697,0.0488,0.0024,0.9844,-2.1362,0.0,-0.6104,-0.044,-3.4,-0.478
2023-10-24 01:02:51.102457,0.8267,0.6582,0.0898,32.0435,-14.9536,-262.6343,91.11,-39.155,-141.158,0.0645,-0.0171,1.0083,-0.061,-0.4883,0.0,-0.313,-3.142,-0.5
2023-10-24 01:02:51.202813,0.3555,3.0625,0.0967,174.1943,-87.7686,-122.0703,103.513,-20.045,-142.493,0.061,-0.02,0.9995,0.1831,1.0986,0.2441,-0.352,-3.252,-0.5
2023-10-24 01:02:51.303245,0.8306,0.9487,0.0747,-106.2622,50.7202,113.3423,97.52,-31.08,-140.169,0.0693,0.0083,0.9668,0.8545,-1.9531,0.4883,-0.209,-3.433,-0.396
2023-10-24 01:02:51.403513,0.728,1.2354,0.1948,0.1221,94.7876,177.063,103.255,-46.066,-134.11,0.1104,0.02,0.9727,-1.1597,-2.0752,0.9155,-0.28,-3.214,-0.456
2023-10-24 01:02:51.503882,0.4834,0.0068,0.3271,106.4453,85.083,188.1104,96.905,-63.935,-125.837,0.0371,-0.0098,1.0024,-0.2441,-0.061,-1.6479,-0.154,-3.439,-0.467
2023-10-24 01:02:51.604142,0.2988,0.0049,0.3267,6.0425,84.2285,137.3901,79.893,-80.722,-97.526,0.0669,-0.0098,0.9932,-1.77,2.4414,0.2441,-0.286,-3.323,-0.582
2023-10-24 01:02:51.704405,0.4795,0.0034,0.4106,-132.3242,-4.3335,29.4189,-24.922,-84.853,4.493,0.0566,-0.0088,1.0049,0.2441,-0.6104,-0.2441,-0.308,-3.389,-0.566
2023-10-24 01:02:51.804793,0.3867,-0.2686,0.6021,-72.998,-59.4482,-178.4668,120.965,-87.127,-152.781,0.0767,0.0049,0.9976,1.0376,2.2583,0.5493,-0.291,-3.345,-0.56
2023-10-24 01:02:51.908817,0.605,-0.0596,0.3955,-67.627,-42.4805,-203.125,99.871,-63.693,-142.8,0.0337,-0.0015,1.0015,-0.6714,-0.3662,-0.4883,-0.099,-3.4,-0.544
2023-10-24 01:02:52.009099,0.6777,0.8994,0.2227,-95.3369,-37.1704,-220.0928,97.207,-40.754,-143.234,0.0801,-0.0078,0.9893,-2.7466,2.5635,0.3052,-0.357,-3.219,-0.588
2023-10-24 01:02:52.109349,0.3643,3.1655,0.1587,243.042,-59.4482,-68.9697,105.694,-22.819,-144.163,0.0635,-0.0356,0.9922,1.0986,1.5259,0.9766,-0.396,-3.318,-0.549
2023-10-24 01:02:52.209603,0.6714,0.645,0.207,-159.668,52.063,92.3462,100.355,-32.734,-142.537,0.061,0.0229,0.9854,0.061,3.0518,0.6104,-0.121,-3.494,-0.434
2023-10-24 01:02:52.309921,0.875,1.5752,-0.0156,50.6592,80.9937,113.3423,108.853,-41.743,-138.944,0.0693,0.0073,1.001,0.061,0.3662,0.7935,-0.093,-3.274,-0.472
2023-10-24 01:02:52.410184,0.5605,0.0664,0.3105,82.9468,89.1113,192.8101,102.535,-61.523,-133.55,0.0327,-0.0146,1.0024,0.4272,-1.3428,-1.8311,-0.11,-3.417,-0.489
2023-10-24 01:02:52.510450,0.416,0.145,0.3276,23.0103,91.3086,146.4233,98.229,-79.135,-117.114,0.0659,-0.0049,0.999,-2.7466,2.3804,-0.061,-0.319,-3.181,-0.577
2023-10-24 01:02:52.610819,0.2627,-0.2979,0.5703,-58.2275,53.7109,103.4546,-10.129,-86.298,-9.223,0.0552,-0.0068,1.0059,1.6479,-1.4038,0.2441,-0.269,-3.422,-0.571
2023-10-24 01:02:52.711115,0.5005,-0.6113,0.6436,-83.7402,-24.7803,-95.7031,36.744,-87.479,-64.001,0.0615,-0.0059,1.0024,1.4038,-0.2441,-0.1221,-0.192,-3.422,-0.56
2023-10-24 01:02:52.811429,0.4897,0.1299,0.5386,-108.5205,-67.1997,-176.7578,100.486,-72.779,-134.198,0.0474,0.0083,1.0015,0.4883,0.061,0.061,-0.038,-3.4,-0.549
2023-10-24 01:02:52.911709,0.479,0.271,0.3179,-169.1895,-56.5796,-188.9648,94.532,-52.597,-143.333,0.0537,-0.0029,0.9961,-3.7231,2.9297,0.1221,-0.242,-3.279,-0.632
2023-10-24 01:02:53.012037,0.6284,1.8608,0.5166,63.2935,2.5024,-223.3887,88.923,-30.85,-145.97,0.0537,-0.0098,1.0156,1.3428,-0.2441,0.5493,-0.385,-3.516,-0.659
2023-10-24 01:02:53.112334,0.8042,1.5005,0.2354,-25.7568,52.2461,59.5093,94.988,-28.477,-146.717,0.0171,0.0098,0.9985,-2.1362,2.7466,2.8076,-0.242,-3.488,-0.483
2023-10-24 01:02:53.212638,1.1123,1.5356,-0.0059,253.418,39.4287,138.855,104.238,-38.403,-145.212,0.0879,0.0269,0.9819,-0.4883,-1.6479,-1.4648,-0.17,-3.219,-0.516
2023-10-24 01:02:53.313010,0.6572,0.0952,0.1982,-17.0898,77.6367,195.4346,105.447,-57.535,-143.251,0.0591,-0.0181,1.0122,2.6245,-2.6855,-0.2441,-0.055,-3.565,-0.461
2023-10-24 01:02:53.413297,0.5527,0.293,0.2959,133.9722,97.5342,143.8599,110.187,-76.866,-134.445,0.0508,0.0059,1.0005,-2.6855,2.8687,-1.0986,-0.115,-3.439,-0.593
2023-10-24 01:02:53.513598,0.6255,-0.1367,0.4551,-101.6235,14.2822,24.1089,75.394,-87.001,-105.507,0.0732,-0.0083,0.9995,0.4272,0.3052,-0.061,-0.253,-3.389,-0.621
2023-10-24 01:02:53.613894,0.5098,-0.7432,0.5762,-112.854,-15.3809,-97.29,-136.247,-89.154,94.482,0.0488,-0.0054,1.0059,-0.1831,1.2207,0.2441,-0.181,-3.4,-0.61
2023-10-24 01:02:53.714187,0.5103,-0.2651,0.4888,-78.3691,-32.1045,-176.9409,98.932,-81.936,-148.321,0.0542,0.0083,0.9961,-0.2441,0.2441,0.0,-0.154,-3.362,-0.621
2023-10-24 01:02:53.814483,0.5918,0.1641,0.4248,64.7583,-57.1289,-205.6274,100.613,-60.815,-153.369,0.0547,-0.0049,0.9961,-1.8311,1.5869,-0.2441,-0.286,-3.296,-0.654
2023-10-24 01:02:53.914789,0.6821,1.7134,-0.0874,24.5361,-60.6689,-209.7778,103.222,-39.051,-156.352,0.0967,-0.0151,0.9883,-1.4648,6.1646,-0.3052,-0.286,-3.389,-0.687
2023-10-24 01:02:54.015210,1.1797,1.1211,-0.1094,152.9541,27.4048,101.5015,107.314,-40.897,-158.615,0.0767,0.0063,0.9966,-1.0376,3.2959,2.5024,-0.192,-3.516,-0.566
2023-10-24 01:02:54.115494,0.9751,0.9683,0.2178,90.3931,79.2236,57.6782,110.726,-52.234,-151.15,0.0537,0.0381,1.0044,-2.0752,1.5259,-0.8545,-0.121,-3.219,-0.467
2023-10-24 01:02:54.215776,0.9028,0.6221,0.3003,66.04,78.4302,114.7461,107.529,-63.029,-143.525,0.0742,-0.0146,0.9937,-0.6714,0.061,0.3052,-0.176,-3.329,-0.467
2023-10-24 01:02:54.316079,0.5864,0.3535,0.1553,154.1748,121.2769,150.6958,107.369,-80.552,-129.012,0.0469,-0.0093,1.001,-1.5869,0.4883,-1.4038,-0.308,-3.329,-0.56
2023-10-24 01:02:54.416357,0.2515,-0.2246,0.5674,24.5972,99.7925,71.167,-25.746,-82.211,8.784,0.0752,-0.0005,0.9995,1.5259,-1.0986,-0.7935,-0.379,-3.362,-0.654
2023-10-24 01:02:54.516638,0.4541,-0.5059,0.6792,-146.9116,-50.1099,-47.5464,-51.378,-77.239,25.763,0.0396,-0.0068,1.0059,2.8076,-4.0894,-0.2441,-0.22,-3.494,-0.659
2023-10-24 01:02:54.616926,0.4727,0.1216,0.4565,-178.2837,-89.3555,-214.1724,-149.81,-89.995,112.11,0.0679,0.0103,0.9966,0.1831,0.061,0.6104,-0.088,-3.477,-0.632
2023-10-24 01:02:54.717175,0.6792,0.5024,0.4482,36.0718,-79.4067,-223.0225,108.463,-77.701,-150.271,0.0522,-0.0098,0.9971,-1.0986,-0.1831,-0.6104,-0.066,-3.527,-0.665
2023-10-24 01:02:54.817427,0.667,0.7202,0.249,-48.1567,-17.5171,-240.7227,98.256,-55.228,-149.31,0.0757,-0.0181,0.9941,-0.6104,1.3428,0.3662,-0.247,-3.472,-0.676
2023-10-24 01:02:54.917685,0.5591,1.9785,0.1538,-76.8433,1.709,51.0864,104.139,-42.435,-149.76,0.0513,-0.0107,1.0049,3.418,-1.3428,0.7935,-0.187,-3.538,-0.626
2023-10-24 01:02:55.017934,0.6504,0.6255,0.6338,69.458,32.7148,64.0869,104.381,-52.136,-147.678,0.0679,0.0356,0.9961,-2.7466,2.5635,-1.2207,-0.077,-3.488,-0.566
2023-10-24 01:02:55.118178,0.7007,1.7065,-0.0459,-87.8906,58.7769,224.9756,111.791,-65.171,-151.073,0.0859,-0.0181,0.9976,1.77,-1.0376,1.1597,-0.148,-3.4,-0.566
2023-10-24 01:02:55.218422,0.2129,0.084,0.3701,128.8452,85.4492,235.1074,-56.733,-88.511,20.303,0.0327,0.0029,0.9897,-1.2817,-0.3052,-1.4648,-0.06,-3.554,-0.61
2023-10-24 01:02:55.318663,0.6938,0.1553,0.4355,57.1289,110.4126,197.0215,-60.754,-68.231,33.997,0.0825,-0.0078,0.9961,-0.2441,-0.1831,-0.2441,-0.28,-3.329,-0.687
2023-10-24 01:02:55.418921,0.4541,-0.9121,0.6206,-123.7183,-28.5034,-102.417,-75.916,-66.209,38.529,0.0464,-0.02,1.0054,0.7324,-0.7324,-0.5493,-0.181,-3.51,-0.703
2023-10-24 01:02:55.519225,0.6729,-0.4258,0.3374,-68.8477,-20.0806,-231.0181,-88.209,-85.485,40.193,0.0649,-0.0005,1.0073,0.2441,1.0376,0.4883,-0.137,-3.4,-0.676
2023-10-24 01:02:55.619475,0.396,0.4058,0.4341,-91.9189,-60.5469,-209.9609,105.013,-81.277,-154.286,0.0449,-0.0093,0.9995,-2.6855,4.6387,-0.1831,-0.165,-3.373,-0.709
2023-10-24 01:02:55.719735,0.4375,1.5645,0.5215,43.2129,-42.6025,-224.7314,99.272,-58.085,-154.715,0.0713,0.0029,1.0005,-1.0986,2.4414,0.0,-0.385,-3.159,-0.692
2023-10-24 01:02:55.820004,0.5591,0.7822,0.3789,98.8159,23.4985,125.2441,109.226,-55.607,-160.84,0.0469,-0.019,1.0176,4.4556,-4.8828,0.5493,-0.082,-3.549,-0.654
2023-10-24 01:02:55.920327,0.7852,0.7178,0.3643,155.2124,69.1528,73.9136,113.835,-65.709,-160.181,0.0684,0.0347,0.9946,-3.8452,6.958,-0.7935,-0.088,-3.362,-0.599
2023-10-24 01:02:56.020769,0.7319,0.4238,0.3052,37.7197,87.0361,188.0493,113.994,-81.486,-155.588,0.0654,-0.0215,1.0063,1.0986,0.0,0.061,-0.077,-3.422,-0.67
2023-10-24 01:02:56.121036,0.4233,0.2783,0.4912,153.2593,103.6987,173.7061,-56.201,-82.09,26.345,0.0361,-0.0078,1.0039,-0.3662,0.061,-1.5259,-0.005,-3.516,-0.764
2023-10-24 01:02:56.221348,0.3271,-0.3438,0.4468,-65.6738,55.2979,96.0083,-59.513,-67.115,29.449,0.061,-0.0088,0.999,-2.8687,3.7231,0.7935,-0.203,-3.384,-0.802
2023-10-24 01:02:56.321621,0.311,-0.6445,0.5898,-127.1362,-39.2456,-48.5229,-71.461,-62.644,34.541,0.0615,-0.0073,1.0073,1.4648,-0.4883,0.4272,-0.148,-3.483,-0.753
2023-10-24 01:02:56.421910,0.4995,0.0132,0.4224,-85.7544,-59.021,-181.3965,-82.782,-77.552,39.727,0.0645,0.0107,0.9985,1.6479,0.6104,0.4272,0.049,-3.554,-0.714
2023-10-24 01:02:56.522259,0.79,0.3525,0.249,-65.4297,-39.5508,-182.9834,94.79,-85.957,-143.525,0.0405,-0.0088,0.9858,-2.8687,1.709,-0.9155,0.027,-3.549,-0.753
2023-10-24 01:02:56.622539,0.791,0.9028,0.2852,-17.7002,-39.6118,-193.1763,98.35,-66.638,-152.265,0.082,-0.0112,0.9976,-0.7935,0.9766,0.2441,-0.297,-3.274,-0.747
2023-10-24 01:02:56.722852,0.9253,1.3828,0.3115,-119.5679,-60.5469,8.2397,104.161,-56.118,-157.159,0.0503,-0.0073,0.9995,0.8545,-0.6714,1.1597,-0.203,-3.362,-0.659
2023-10-24 01:02:56.823168,0.9292,0.7759,0.1509,133.9111,29.0527,60.6689,111.127,-62.43,-159.604,0.0732,0.0249,0.98,-1.8311,3.2349,-0.3662,-0.071,-3.433,-0.626
2023-10-24 01:02:56.923446,0.8657,1.4673,0.0854,41.748,88.501,114.8071,123.173,-73.048,-155.847,0.064,-0.0117,0.9976,0.1831,-0.7935,0.4272,-0.099,-3.433,-0.643
2023-10-24 01:02:57.024003,0.4521,-0.0498,0.1377,61.5234,93.4448,158.4473,-143.481,-88.962,109.083,0.0449,-0.0098,1.0059,-0.1831,-1.0986,-0.9155,-0.143,-3.439,-0.687
2023-10-24 01:02:57.124433,0.4878,0.2622,0.3989,59.9365,61.2183,82.6416,-49.334,-76.745,25.768,0.0752,-0.002,0.9976,-1.0986,1.4648,0.2441,-0.297,-3.356,-0.731
2023-10-24 01:02:57.224718,0.3276,-0.3828,0.5332,-213.562,-51.1475,-18.0664,-69.549,-72.46,36.161,0.0508,-0.0059,0.9995,0.3662,0.1831,0.0,-0.258,-3.411,-0.703
2023-10-24 01:02:57.325096,0.5767,0.0845,0.314,-50.354,-53.6499,-149.1699,-88.5,-84.639,50.087,0.0679,0.0107,1.0005,1.8921,-0.2441,0.4272,-0.143,-3.378,-0.687
2023-10-24 01:02:57.425430,0.5972,0.3091,0.229,-22.644,-34.4238,-192.2607,98.124,-81.48,-142.679,0.0435,-0.0034,0.9883,-1.6479,-1.2817,-1.1597,-0.044,-3.466,-0.736
2023-10-24 01:02:57.525745,0.5454,0.8965,0.3574,-224.5483,-2.6855,-176.9409,84.227,-61.853,-143.459,0.0737,-0.0146,1.0112,-0.7324,1.1597,0.7935,-0.33,-3.197,-0.709
2023-10-24 01:02:57.626246,0.7812,1.3652,0.0811,153.6255,10.5591,125.2441,99.41,-57.508,-151.589,0.0576,-0.0063,1.0093,3.418,-0.5493,1.2207,-0.225,-3.417,-0.654
2023-10-24 01:02:57.726574,0.8999,0.8906,0.5234,197.2656,42.1143,69.519,103.233,-67.143,-144.641,0.0361,0.0396,0.999,-0.6104,-1.0376,-0.6714,0.0,-3.373,-0.538
2023-10-24 01:02:57.826863,0.5869,0.1846,-0.0112,-40.8325,22.0947,217.5293,110.297,-82.139,-150.101,0.0615,-0.0142,1.0122,4.5166,-12.5122,-1.2817,-0.214,-3.126,-0.599
2023-10-24 01:02:57.927182,0.4976,0.1025,0.188,147.3389,89.2334,148.7427,-52.311,-85.292,21.22,0.0425,-0.0161,0.9985,-0.6714,-0.061,-1.0376,-0.33,-3.307,-0.709
2023-10-24 01:02:58.027461,0.3838,-0.1416,0.5186,42.0532,68.4204,106.3843,-51.894,-71.076,27.378,0.083,-0.0044,0.999,0.4272,1.5259,0.0,-0.313,-3.389,-0.764
2023-10-24 01:02:58.127736,0.7046,-0.4351,0.5078,-131.2256,-42.8467,-110.9009,-65.468,-72.834,31.036,0.0547,0.0034,0.9912,1.5259,-2.3804,-0.3662,-0.181,-3.477,-0.753
2023-10-24 01:02:58.228079,0.5718,-0.0674,0.3662,-60.73,-26.7944,-184.2041,-44.324,-88.297,-0.071,0.0615,0.0098,1.0083,2.1973,-2.9907,0.1831,-0.038,-3.406,-0.725
2023-10-24 01:02:58.328357,0.479,0.5718,0.2441,-78.7354,-44.7388,-198.9746,97.839,-76.025,-147.134,0.0513,-0.0098,0.9946,-2.1973,1.8311,-0.9155,-0.082,-3.516,-0.84
2023-10-24 01:02:58.428593,0.5151,1.499,0.5854,126.5869,-0.4883,-242.1875,86.825,-51.982,-149.815,0.0688,-0.0107,0.9976,1.2207,-2.3193,0.5493,-0.247,-3.433,-0.78
2023-10-24 01:02:58.529047,0.7271,1.3921,0.145,-51.1475,36.0107,109.1919,99.723,-48.318,-153.984,0.063,-0.0044,1.0107,2.5635,-3.7231,1.0986,-0.104,-3.433,-0.698
2023-10-24 01:02:58.629303,0.8818,1.123,0.23,160.6445,24.1089,115.1123,95.883,-57.991,-150.134,0.0464,0.0269,0.999,-1.2817,2.3804,-1.0376,-0.06,-3.472,-0.67
2023-10-24 01:02:58.729563,0.6162,0.4097,0.3247,38.3911,71.5942,190.0635,98.102,-75.163,-140.938,0.0688,-0.0195,1.0029,-0.1221,0.1221,0.3052,-0.225,-3.29,-0.681
2023-10-24 01:02:58.829819,0.6064,0.1763,0.1558,86.9751,86.3037,141.9678,-84.276,-87.885,50.383,0.0396,0.0005,1.002,-1.709,1.6479,-0.6104,-0.28,-3.241,-0.747
2023-10-24 01:02:58.930069,0.5034,0.104,0.4414,-64.7583,23.5596,82.0312,-58.804,-75.053,28.674,0.0747,-0.0068,0.9971,0.4883,-0.3662,0.3662,-0.357,-3.274,-0.731
2023-10-24 01:02:59.030357,0.5884,-0.2734,0.4751,-65.8569,-34.1797,-45.166,-81.887,-75.745,40.913,0.063,0.0039,0.9917,1.3428,-0.7935,0.1831,-0.242,-3.356,-0.709
2023-10-24 01:02:59.130613,0.5298,-0.4106,0.3135,-94.6045,6.3477,-153.9307,-115.247,-87.49,64.1,0.0498,-0.0024,0.9941,2.0142,-3.418,-0.6104,-0.038,-3.543,-0.725
2023-10-24 01:02:59.230869,0.7402,0.4814,0.2231,-60.8521,-48.0347,-197.5708,101.283,-75.646,-152.633,0.0332,-0.0146,1.0151,-2.8687,2.2583,-0.3052,-0.247,-3.241,-0.78
2023-10-24 01:02:59.331149,0.7056,1.2993,0.2026,-44.4946,24.6582,-215.1489,92.736,-52.586,-150.732,0.1064,0.0288,0.9961,3.6011,-9.2773,0.6714,-0.39,-3.241,-0.747
2023-10-24 01:02:59.431405,0.5967,1.3506,0.1685,49.5605,50.354,112.2437,109.479,-44.522,-149.76,0.0454,-0.0112,1.0142,1.6479,1.6479,0.3662,-0.231,-3.395,-0.72
2023-10-24 01:02:59.531668,0.7046,0.9106,0.0352,-34.9121,45.8984,109.314,103.244,-53.943,-147.442,0.0732,0.0181,0.978,-0.1831,1.1597,-0.1221,-0.099,-3.521,-0.692
2023-10-24 01:02:59.631958,0.75,0.7339,0.2437,6.2256,82.4585,168.6401,105.414,-72.026,-139.658,0.0728,-0.0151,1.001,0.7935,-0.6714,0.9766,-0.165,-3.384,-0.72
2023-10-24 01:02:59.732221,0.4365,-0.0752,0.3066,96.7407,97.9614,163.208,47.878,-87.643,-78.695,0.0342,-0.0049,1.0,-0.3662,-0.061,-0.8545,-0.115,-3.483,-0.764
2023-10-24 01:02:59.832515,0.6841,0.2246,0.2769,-50.7202,44.4946,80.3223,-55.113,-78.799,30.13,0.0693,-0.0049,0.9966,-1.3428,1.0986,0.061,-0.264,-3.323,-0.807
2023-10-24 01:02:59.932780,0.5278,-0.438,0.4492,-88.1348,-25.5737,-21.7896,-72.68,-73.531,37.848,0.0562,-0.0098,1.002,-0.3052,-0.9155,-0.1221,-0.275,-3.367,-0.775
2023-10-24 01:03:00.033039,0.625,-0.1748,0.292,-87.6465,-31.9824,-141.7847,-86.364,-83.09,43.693,0.0713,0.0059,1.0044,2.3193,-0.9155,0.6104,-0.198,-3.362,-0.769
2023-10-24 01:03:00.133319,0.5396,0.312,0.3535,-4.9438,-43.6401,-184.2651,96.394,-80.717,-146.86,0.0332,0.0015,0.9932,-1.8311,0.7935,-0.9766,-0.066,-3.455,-0.807
2023-10-24 01:03:00.233728,0.5732,0.8687,0.2939,23.4985,-28.5034,-207.0312,96.196,-58.486,-151.655,0.0762,-0.0073,0.9897,-1.0986,-1.4648,-0.061,-0.412,-3.208,-0.829
2023-10-24 01:03:00.334014,0.5283,2.4468,-0.0933,-97.9614,7.0801,59.021,107.342,-41.649,-152.732,0.0645,-0.0161,0.998,1.8921,1.6479,0.5493,-0.346,-3.34,-0.786
2023-10-24 01:03:00.434307,0.7622,1.1836,0.0991,37.2925,39.7339,104.7363,108.43,-52.69,-150.991,0.061,0.0239,0.9722,-2.9907,2.6855,0.6104,-0.11,-3.461,-0.725
2023-10-24 01:03:00.534652,0.731,0.9468,-0.1157,-22.7051,80.1392,192.749,109.111,-66.912,-148.821,0.0703,-0.0005,1.0063,0.4883,-2.5635,0.7324,-0.225,-3.181,-0.747
2023-10-24 01:03:00.634946,0.1997,0.0132,0.1245,101.9897,135.6812,190.0635,28.521,-88.923,-65.627,0.0356,-0.0039,0.9976,0.1221,-3.1128,-0.5493,-0.176,-3.439,-0.742
2023-10-24 01:03:00.735237,0.1729,-0.2778,0.5112,43.1519,103.2104,141.4795,-44.517,-74.026,15.37,0.0791,0.0015,0.9858,-4.3335,2.8687,-0.061,-0.456,-3.257,-0.791
2023-10-24 01:03:00.835542,0.5391,-0.6655,0.7417,-138.7329,-44.0063,-105.957,-59.37,-73.466,18.408,0.0635,-0.0112,1.0103,5.127,-4.1504,-0.1831,-0.176,-3.604,-0.807
2023-10-24 01:03:00.935931,0.5273,-0.0654,0.4463,-49.5605,-87.4634,-188.4155,-43.874,-87.995,-4.219,0.041,0.0098,1.002,0.4883,0.5493,-0.3662,-0.044,-3.362,-0.835
2023-10-24 01:03:01.036220,0.6587,0.5308,0.2388,-62.2559,-103.0273,-171.5698,116.686,-72.367,-166.108,0.0259,-0.0166,1.0039,-2.2583,1.3428,-1.0986,-0.198,-3.246,-0.972
2023-10-24 01:03:01.136528,0.625,0.4785,-0.0371,-138.0005,-10.9863,-200.6836,104.771,-52.41,-164.954,0.1001,0.0225,1.0015,7.1411,-19.2261,-0.6104,-0.313,-3.351,-0.879
2023-10-24 01:03:01.236814,0.4634,1.2202,0.1514,36.6211,18.3105,153.3813,111.182,-44.072,-163.493,0.064,-0.0117,0.9995,0.061,3.7842,1.5259,-0.324,-3.34,-0.846
2023-10-24 01:03:01.337101,0.937,1.1572,0.1387,177.063,54.8096,85.7544,115.082,-56.124,-162.35,0.0386,0.0298,1.0034,-1.8921,3.418,-0.9766,-0.093,-3.351,-0.764
2023-10-24 01:03:01.437375,0.7461,0.7378,-0.0127,5.8594,90.332,180.603,122.596,-71.049,-163.356,0.0771,-0.0229,1.001,0.3052,-0.4883,0.1831,-0.231,-3.285,-0.775
2023-10-24 01:03:01.537709,0.5605,0.269,0.3149,217.5293,129.3945,142.0898,76.042,-88.423,-104.678,0.04,-0.0122,0.9966,-0.2441,0.3662,-0.7324,-0.253,-3.384,-0.824
2023-10-24 01:03:01.637983,0.2842,-0.2261,0.5166,51.6357,104.4922,79.6509,-43.857,-79.36,23.071,0.0747,0.0034,0.9946,-0.6714,0.6104,-0.1221,-0.302,-3.334,-0.879
2023-10-24 01:03:01.738235,0.4551,-0.4634,0.6455,-223.6328,-61.8896,-51.6968,-55.096,-73.273,26.955,0.0479,-0.0078,1.0034,0.8545,0.1831,0.061,-0.275,-3.307,-0.862
2023-10-24 01:03:01.838482,0.5059,-0.083,0.5425,-80.6885,-90.8203,-170.166,-80.464,-86.715,39.721,0.064,0.0073,0.9922,0.9155,1.0376,0.3662,-0.214,-3.285,-0.868
2023-10-24 01:03:01.938771,0.5459,0.2441,0.2637,-55.7861,-97.229,-185.3027,-34.409,-87.512,-14.079,0.0352,-0.0073,0.9995,-0.6104,-1.1597,-1.4648,-0.126,-3.345,-0.884
2023-10-24 01:03:02.039028,0.7705,1.0073,-0.0679,-152.0996,-63.4766,-206.665,112.061,-70.093,-171.991,0.063,-0.0273,1.0005,-1.8311,2.3193,0.3662,-0.412,-3.23,-0.923
2023-10-24 01:03:02.139474,0.4512,3.7993,-0.1172,113.6475,55.603,43.7012,113.082,-50.306,-164.888,0.0537,-0.0151,1.001,3.6011,-3.2349,0.6104,-0.308,-3.323,-0.857
2023-10-24 01:03:02.239772,0.8174,0.9385,-0.0425,60.1807,59.7534,89.9658,119.18,-63.891,-165.125,0.0537,0.0103,0.9932,-1.2207,-1.8311,0.7935,-0.137,-3.411,-0.758
2023-10-24 01:03:02.340025,0.8047,1.3267,-0.207,-43.7012,122.1313,160.0342,115.131,-77.305,-155.22,0.1206,0.0293,0.9795,1.709,-9.2163,0.1221,-0.286,-3.263,-0.835
2023-10-24 01:03:02.440280,0.2881,0.0796,0.1367,120.0562,149.9023,178.3447,-49.675,-80.925,13.178,0.0332,-0.002,0.999,1.1597,-4.5166,-1.5259,-0.121,-3.587,-0.851
2023-10-24 01:03:02.540591,0.9175,-0.1714,0.3091,66.5894,60.1807,60.1196,-48.032,-65.473,13.936,0.0439,-0.0396,1.0171,3.3569,-5.8594,-1.709,-0.445,-3.214,-0.978
2023-10-24 01:03:02.640975,0.5054,-0.2129,0.7095,-158.0811,-15.5029,-0.6714,-55.475,-56.387,16.133,0.1138,0.0454,0.9873,1.5259,-3.0518,2.1973,-0.115,-3.73,-0.895
2023-10-24 01:03:02.741302,0.3232,-0.1313,0.6616,-70.7397,-75.4395,-156.1279,-58.079,-66.385,13.579,0.0469,0.0083,0.9956,-0.4883,2.5024,-0.4272,-0.22,-3.224,-0.862
2023-10-24 01:03:02.841578,0.5205,0.1465,0.5645,-2.5635,-111.9385,-208.374,-54.586,-88.401,3.137,0.0459,0.0024,0.9961,-0.4883,-3.1738,-0.6714,-0.187,-3.252,-0.862
2023-10-24 01:03:02.941867,0.6621,0.6143,0.0269,-65.3687,-103.4546,-217.2241,119.07,-78.129,-175.051,0.0605,-0.0205,1.0088,-1.4648,2.2583,0.061,-0.445,-3.043,-0.895
2023-10-24 01:03:03.042310,0.8794,4.4316,-0.2427,72.5098,-72.7539,-157.2266,115.203,-51.877,-167.141,0.0361,-0.0103,1.0083,-0.6104,0.6104,0.1221,-0.319,-3.362,-0.912
2023-10-24 01:03:03.142601,0.917,1.3989,-0.1025,18.4326,84.8389,118.3472,119.257,-61.007,-171.266,0.0835,0.0215,1.0015,0.9766,-1.0376,1.0986,-0.264,-3.29,-0.851
2023-10-24 01:03:03.242938,0.9097,1.3042,-0.1353,42.9077,105.4688,123.4741,120.35,-73.065,-166.245,0.0493,0.0078,0.9873,-1.4038,-0.3662,-0.5493,-0.148,-3.367,-0.879
2023-10-24 01:03:03.343206,0.5874,0.2109,0.1094,67.627,119.0186,189.4531,-0.467,-90.28,-43.638,0.0498,-0.0195,1.0063,1.5869,-3.2959,-0.5493,-0.165,-3.428,-0.868
2023-10-24 01:03:03.443482,0.4126,0.2461,0.2646,19.043,106.9336,114.0137,-45.341,-73.916,10.64,0.0562,-0.0005,0.9985,-1.8921,1.4038,-0.5493,-0.231,-3.384,-0.95
2023-10-24 01:03:03.543765,0.0874,-0.1382,0.7412,-22.4609,21.3013,78.0029,-47.027,-59.409,13.804,0.061,-0.0156,1.002,1.3428,0.1221,0.5493,-0.258,-3.444,-0.928
2023-10-24 01:03:03.644116,0.3325,-0.4087,0.7515,-60.791,-61.3403,-93.2007,-59.343,-61.93,16.6,0.0547,-0.0024,0.999,0.061,0.061,-0.5493,-0.137,-3.477,-0.906
2023-10-24 01:03:03.744425,0.2397,0.0396,0.3701,-131.7139,-73.6084,-199.2798,-74.328,-80.398,16.732,0.0649,0.0078,1.0024,0.5493,0.4883,0.1221,-0.066,-3.428,-0.917
2023-10-24 01:03:03.844813,0.4883,0.46,0.3062,-62.561,-57.8613,-216.3696,101.689,-78.025,-165.63,0.0454,-0.0273,1.0063,-2.0752,1.8921,-1.0376,-0.148,-3.532,-1.027
2023-10-24 01:03:03.945106,0.7246,2.5923,0.103,20.9351,-36.0107,-238.5254,103.063,-52.213,-168.635,0.0659,-0.0024,1.0146,1.5259,-2.0752,0.6104,-0.313,-3.29,-0.956
2023-10-24 01:03:04.045397,0.8892,1.7739,-0.2466,-132.6904,37.3535,124.6338,117.922,-55.388,-170.283,0.0581,0.0254,1.0308,3.6011,-8.3618,1.4038,-0.06,-3.428,-0.868
2023-10-24 01:03:04.145701,0.9556,1.1104,0.0869,123.6572,65.8569,111.8164,107.386,-66.357,-165.053,0.0088,0.0093,1.0278,2.3193,-2.9297,-2.5635,-0.17,-3.192,-0.895
2023-10-24 01:03:04.246004,0.6567,0.4604,0.1704,30.2124,100.769,187.2559,96.658,-84.199,-145.657,0.0679,-0.0229,1.0034,1.709,-2.5635,-0.4883,-0.132,-3.521,-0.972
2023-10-24 01:03:04.346296,0.4331,0.208,0.2173,51.0864,117.5537,111.9995,-48.159,-80.832,8.778,0.0469,0.0039,1.0093,0.1221,-1.0376,-1.0986,-0.077,-3.56,-1.099
2023-10-24 01:03:04.446571,0.1812,-0.0068,0.666,-69.7632,50.354,107.605,-47.208,-66.682,8.965,0.0659,-0.0073,1.001,-0.3052,2.7466,0.9766,-0.192,-3.4,-1.11
2023-10-24 01:03:04.546851,0.5771,-0.627,0.6533,-42.4194,-37.2925,-89.2334,-62.655,-70.197,12.244,0.0581,-0.0049,0.9946,1.8921,-2.8076,-0.061,-0.099,-3.472,-1.022
2023-10-24 01:03:04.647169,0.6221,-0.082,0.4478,-33.1421,-75.8057,-190.8569,-57.739,-87.358,2.318,0.0659,0.0093,1.0059,-0.3052,0.1831,0.3662,-0.044,-3.378,-0.961
2023-10-24 01:03:04.747437,0.6157,0.3765,0.1592,-41.9922,-82.5195,-204.0405,113.005,-76.866,-170.739,0.0493,-0.0088,1.0049,-1.77,2.9297,-0.1221,-0.148,-3.356,-1.011
2023-10-24 01:03:04.847699,0.5093,2.6118,-0.1523,19.104,-83.0688,-224.4263,109.138,-53.152,-169.206,0.063,-0.0083,1.0044,-0.2441,-0.8545,-0.2441,-0.28,-3.34,-1.005
2023-10-24 01:03:04.947962,0.8745,0.0801,-0.3789,51.2695,18.0054,160.2783,107.117,-56.547,-178.846,0.0542,-0.0034,1.0171,3.6621,-2.1362,0.7935,-0.258,-3.351,-0.95
2023-10-24 01:03:05.048210,0.8965,1.6069,0.085,93.4448,81.9092,73.9746,126.623,-69.933,-169.03,0.0356,0.0332,1.0098,-1.4648,-1.4038,-1.3428,-0.055,-3.411,-0.923
2023-10-24 01:03:05.148467,0.7686,0.4136,0.1147,22.0337,97.0459,170.0439,130.864,-85.699,-175.353,0.0796,-0.02,1.0039,0.061,0.8545,0.3662,-0.247,-3.296,-0.934
2023-10-24 01:03:05.248720,0.4399,0.1934,0.2944,23.0103,125.1831,128.6621,-45.192,-76.882,10.009,0.0229,-0.0044,1.0024,-0.6714,-0.4883,-0.8545,-0.22,-3.384,-0.994
2023-10-24 01:03:05.348978,0.5044,-0.21,0.3911,27.4048,38.269,52.4902,-46.159,-66.627,11.08,0.0815,-0.0049,0.999,-1.3428,1.0986,0.2441,-0.396,-3.252,-1.016
2023-10-24 01:03:05.449249,0.627,-0.3413,0.563,-232.5439,-47.4243,-71.6553,-61.804,-65.61,14.365,0.0552,-0.0103,1.0015,1.8311,0.4883,0.3052,-0.258,-3.367,-0.961
2023-10-24 01:03:05.549528,0.4834,-0.1128,0.4346,-100.2808,-57.8003,-141.6626,-70.626,-77.064,15.101,0.0576,0.0146,0.9995,0.1831,0.3662,0.061,-0.115,-3.4,-0.978
2023-10-24 01:03:05.649847,0.5645,0.0449,0.3022,-61.9507,-32.8979,-181.5186,75.234,-87.308,-141.031,0.0464,-0.0161,0.9966,-1.1597,-1.77,-1.5869,-0.176,-3.499,-1.055
2023-10-24 01:03:05.750144,0.7554,0.7773,0.1011,-115.1733,-18.0054,-212.2803,94.768,-65.984,-166.234,0.0718,-0.0059,1.0059,0.6714,-2.0142,0.1831,-0.357,-3.318,-1.044
2023-10-24 01:03:05.850400,0.8013,0.5479,0.0112,13.1226,41.1377,107.2998,106.518,-54.608,-166.047,0.0557,-0.0137,1.0068,1.709,-1.77,0.7324,-0.275,-3.323,-0.972
2023-10-24 01:03:05.950696,0.7129,0.4561,0.1445,-0.8545,46.0205,97.5342,104.914,-66.572,-161.455,0.0581,0.0186,1.0181,-0.6104,1.2817,-0.9155,-0.126,-3.384,-0.945
2023-10-24 01:03:06.050992,0.8408,1.0547,0.0928,89.0503,82.9468,119.6289,100.695,-79.321,-147.162,0.0703,-0.0112,1.0083,-0.061,0.7935,0.6104,-0.258,-3.241,-1.005
2023-10-24 01:03:06.151313,0.5693,0.1602,0.0488,8.667,97.4121,177.1851,-62.249,-82.793,16.985,0.0347,-0.0122,1.001,-0.1831,-1.6479,-0.6714,-0.253,-3.356,-1.011
2023-10-24 01:03:06.251582,0.4785,-0.0176,0.374,9.8267,64.3921,91.98,-56.898,-67.291,15.029,0.0796,-0.0005,0.9946,-2.0142,2.4414,-0.1831,-0.385,-3.274,-1.06
2023-10-24 01:03:06.351895,0.3745,-0.3369,0.5088,-15.2588,-19.104,-15.2588,-61.479,-60.93,17.562,0.0605,-0.0039,1.0024,2.0752,-1.6479,0.6714,-0.308,-3.34,-1.038
2023-10-24 01:03:06.452209,0.3931,-0.189,0.5493,-53.1006,-55.603,-144.2261,-67.214,-69.104,15.897,0.0488,0.0039,0.9941,0.3052,0.1831,-0.1221,-0.159,-3.406,-1.044
2023-10-24 01:03:06.552524,0.5435,0.1455,0.2085,-21.6675,-105.896,-167.8467,-78.228,-85.232,30.52,0.0493,-0.0039,0.9971,-0.8545,-1.5259,-0.7324,-0.137,-3.428,-1.06
2023-10-24 01:03:06.652787,0.8208,0.8115,-0.0664,27.6489,-74.8901,-201.0498,114.384,-81.766,-158.022,0.0752,-0.0132,0.9995,-0.3052,1.77,0.3662,-0.33,-3.29,-1.082
2023-10-24 01:03:06.753092,0.7212,0.8838,0.2476,-111.8774,33.02,117.3096,106.633,-71.279,-149.584,0.0474,-0.0249,0.9956,2.0142,0.1831,0.6714,-0.269,-3.395,-1.033
2023-10-24 01:03:06.853360,0.8403,0.5073,0.1172,26.7334,52.9175,85.2661,86.375,-80.837,-132.385,0.0718,0.0239,0.9814,-4.3335,8.8501,-1.0986,-0.159,-3.34,-0.934
2023-10-24 01:03:06.953639,0.9092,1.0171,0.0518,19.165,67.9932,99.6094,6.361,-84.194,-44.577,0.0903,-0.0117,1.0049,1.2207,-2.0142,1.0986,-0.269,-3.318,-1.016
2023-10-24 01:03:07.053917,0.4243,0.0625,0.2178,57.5562,77.5146,145.5688,-47.027,-70.181,12.184,0.0234,-0.0103,1.0044,0.4272,-2.1362,-1.2817,-0.17,-3.521,-1.005
2023-10-24 01:03:07.154202,0.5537,-0.0112,0.2617,-0.9766,86.6699,92.5903,-47.884,-56.92,15.524,0.0781,-0.0073,0.9888,-1.5259,2.3804,-0.1831,-0.396,-3.29,-1.11
2023-10-24 01:03:07.254668,0.3647,-0.6094,0.5557,-193.2373,-55.7251,-58.5938,-57.947,-51.037,17.479,0.0513,-0.0073,0.9922,2.5635,-4.6387,-0.4272,-0.236,-3.483,-1.088
2023-10-24 01:03:07.355022,0.4971,-0.0664,0.4614,-21.4844,-80.2612,-158.7524,-60.211,-65.001,15.48,0.0708,0.0107,0.9932,0.2441,1.3428,0.3052,-0.187,-3.351,-1.132
2023-10-24 01:03:07.455453,0.6499,0.2119,0.2725,-70.3735,-48.2178,-192.3828,-49.796,-84.677,-2.021,0.021,-0.0137,1.0078,-1.9531,1.77,-0.6714,-0.132,-3.461,-1.132
2023-10-24 01:03:07.555787,0.8027,1.3071,0.1538,-95.7642,-33.9966,-221.4966,96.378,-80.673,-154.627,0.0503,-0.0161,1.0156,-1.5259,2.5635,1.709,-0.478,-2.889,-1.071
2023-10-24 01:03:07.656112,0.7129,1.7778,0.0869,-27.771,20.874,100.4639,108.023,-71.065,-157.418,0.0444,-0.0122,1.0098,0.9766,0.3662,0.1831,-0.242,-3.312,-1.016
2023-10-24 01:03:07.756423,0.7549,0.8848,0.1479,-36.5601,39.3066,64.5752,105.326,-80.321,-149.859,0.0879,0.0254,0.9849,-1.3428,4.7607,0.1221,-0.159,-3.351,-0.972
2023-10-24 01:03:07.856700,0.7212,0.9175,0.1445,21.9116,67.8711,138.6108,-119.542,-88.292,76.097,0.0479,-0.0322,0.9995,-1.8311,1.8311,-0.8545,-0.357,-3.131,-1.055
2023-10-24 01:03:07.956981,0.5688,0.4204,0.2744,86.1816,85.3271,152.3438,-59.041,-71.263,21.264,0.0352,-0.0205,1.0068,2.1362,-5.6763,-1.4648,-0.231,-3.34,-1.121
2023-10-24 01:03:08.057304,0.4136,0.0898,0.3013,-12.207,71.0449,109.8022,-57.233,-56.107,22.83,0.062,-0.0039,0.9956,-2.1973,3.1738,1.0986,-0.379,-3.285,-1.192
2023-10-24 01:03:08.157579,0.5508,-0.3237,0.4082,-230.7129,-36.1328,-40.1001,-69.835,-48.071,24.972,0.0728,-0.002,0.9966,1.5869,-2.9907,0.061,-0.33,-3.395,-1.137
2023-10-24 01:03:08.257921,0.5161,-0.0542,0.4858,32.1045,-45.4102,-153.5034,-71.279,-60.348,23.577,0.0747,0.0259,0.9932,1.2207,1.9531,1.2817,-0.115,-3.439,-1.11
2023-10-24 01:03:08.358231,0.6685,0.2573,0.2764,-53.3447,-44.1284,-181.2134,-70.746,-78.953,19.775,0.0161,-0.0186,0.9971,-1.5259,-0.4272,-0.6104,-0.17,-3.181,-1.022
2023-10-24 01:03:08.458542,0.7305,0.749,0.2798,-106.0791,-14.1602,-234.0088,150.496,-87.814,150.732,0.0718,-0.0166,0.9951,-2.5635,2.9297,0.6104,-0.505,-2.939,-1.027
2023-10-24 01:03:08.558801,0.4272,2.4727,0.2471,166.2598,80.5054,114.4409,104.266,-79.135,-149.661,0.0493,-0.0176,1.0117,1.8311,-1.0986,0.7935,-0.363,-3.17,-0.994
2023-10-24 01:03:08.659163,0.7974,0.9663,0.2549,-19.5923,49.5605,76.7822,18.506,-87.138,-72.438,0.0645,-0.002,0.9951,-1.77,2.1362,-0.7935,-0.33,-3.12,-0.912
2023-10-24 01:03:08.759475,0.6523,1.4028,0.2729,135.437,105.4077,185.2417,-46.62,-72.773,8.69,0.0566,-0.0093,1.0122,0.9766,0.061,-0.1221,-0.439,-3.087,-1.038
2023-10-24 01:03:08.859774,0.2656,-0.0078,0.3071,134.7046,119.812,163.7573,-48.862,-50.279,19.836,0.0425,-0.0059,1.0005,-1.2207,-0.7324,-1.6479,-0.472,-3.142,-1.093
2023-10-24 01:03:08.960023,0.4443,0.2998,0.5674,-35.4004,79.9561,123.4131,-45.374,-33.745,22.462,0.063,-0.0107,1.0068,0.3662,-1.4038,-0.5493,-0.472,-3.252,-1.203
2023-10-24 01:03:09.060267,0.3467,-0.3159,0.5825,-165.1611,-65.5518,-72.3267,-57.766,-34.783,25.142,0.061,-0.0059,1.002,4.0283,-4.3945,-0.6714,-0.286,-3.483,-1.247
2023-10-24 01:03:09.160557,0.3374,-0.1494,0.4727,-41.5039,-33.8745,-186.2793,-67.868,-50.208,22.868,0.0249,-0.0093,1.0029,-0.4272,3.7842,2.0142,-0.308,-3.016,-1.121
2023-10-24 01:03:09.260814,0.4717,0.4111,0.4653,-35.5835,-40.4663,-220.52,-58.052,-71.62,10.514,0.0498,-0.0073,0.9941,-3.0518,3.2959,0.4883,-0.45,-2.823,-1.022
2023-10-24 01:03:09.361076,0.4976,2.1558,0.1011,-114.9902,-23.4375,-243.103,80.766,-82.875,-130.963,0.0635,-0.0059,1.001,1.0376,-3.6621,0.0,-0.439,-3.071,-1.022
2023-10-24 01:03:09.461366,0.2144,1.1719,0.4229,53.1006,27.6489,119.9341,89.077,-75.515,-142.553,0.0615,-0.0244,1.001,0.3662,0.061,0.061,-0.516,-3.104,-1.027
2023-10-24 01:03:09.561631,0.6938,1.4907,0.2075,23.1323,53.6499,130.6763,45.571,-87.116,-89.247,0.0449,0.0127,0.9941,2.5024,-4.9438,-1.0986,-0.472,-3.109,-0.994
2023-10-24 01:03:09.661884,0.6138,0.4087,0.2637,96.7407,76.2939,202.8198,-70.032,-72.109,27.18,0.0698,-0.0127,1.0039,-0.3052,0.6714,0.1831,-0.445,-3.186,-1.137
2023-10-24 01:03:09.762144,0.5142,0.416,0.2935,19.165,56.8848,104.5532,-60.068,-53.888,26.279,0.0435,-0.001,0.9976,-0.4883,-0.4272,-1.3428,-0.379,-3.246,-1.181
2023-10-24 01:03:09.862399,0.5669,-0.0142,0.4541,-54.6875,62.6831,141.7847,-64.127,-42.797,27.065,0.0659,-0.0127,0.999,0.4272,0.1831,-0.061,-0.396,-3.252,-1.247
2023-10-24 01:03:09.962671,0.3384,-0.0283,0.5122,-76.5381,-35.4004,-22.8271,-66.44,-34.937,28.757,0.0444,-0.0078,1.0063,-1.2817,5.3711,0.4883,-0.28,-3.279,-1.198
2023-10-24 01:03:10.062944,0.3789,-0.1626,0.438,-71.8994,-31.5552,-106.1401,-80.48,-42.627,31.767,0.0596,-0.0005,1.0063,1.77,-2.3193,0.3662,-0.209,-3.34,-1.198
2023-10-24 01:03:10.163217,0.5425,0.2793,0.5015,3.9062,-36.5601,-169.9219,-76.212,-58.991,32.701,0.0425,-0.0186,1.0073,0.3052,-0.061,0.1831,-0.286,-3.159,-1.071
2023-10-24 01:03:10.263659,0.605,0.3999,0.5332,-1.8311,-50.5981,-200.0122,-61.254,-76.168,26.9,0.0527,-0.0103,1.001,-0.5493,-0.061,0.1831,-0.39,-3.082,-1.066
2023-10-24 01:03:10.363942,0.5278,3.8936,-0.1396,-25.1465,-165.8325,-202.8809,141.669,-86.287,-167.283,0.0557,-0.0015,1.0029,0.061,-0.9766,0.061,-0.439,-2.994,-1.038
2023-10-24 01:03:10.464270,0.8843,0.7754,-0.1748,436.4624,51.8188,88.9282,-164.833,-82.65,131.001,0.0532,-0.0039,1.0117,1.709,-0.6714,1.1597,-0.456,-2.983,-0.989
2023-10-24 01:03:10.564744,0.624,1.5312,-0.0264,-51.8188,76.5381,114.3188,-71.104,-79.678,56.201,0.0488,0.0044,0.9888,-1.1597,-3.0518,-2.9907,-0.423,-3.087,-1.104
2023-10-24 01:03:10.665047,0.6523,0.5303,0.21,139.6484,117.4316,158.3862,-56.772,-59.815,48.027,0.0669,-0.0205,0.9985,1.4038,-0.6104,-0.6714,-0.45,-3.312,-1.219
2023-10-24 01:03:10.765358,0.5386,0.0576,0.1802,20.3247,104.0039,100.9521,-51.861,-42.632,46.489,0.0391,-0.0093,1.0034,0.9155,-2.0142,-0.2441,-0.335,-3.389,-1.296
2023-10-24 01:03:10.865804,0.3862,0.4189,0.2388,-145.9351,34.9121,131.5918,-56.706,-29.559,48.45,0.0557,0.0054,1.0083,0.1221,1.9531,1.709,-0.396,-3.224,-1.181
2023-10-24 01:03:10.966149,0.375,-0.4351,0.4766,-156.5552,-62.2559,-84.2896,-75.811,-33.569,51.191,0.0664,-0.0039,1.0,-0.3052,-0.1831,-0.2441,-0.352,-3.329,-1.17
2023-10-24 01:03:11.066447,0.5527,-0.0249,0.3462,18.7378,-41.687,-184.8755,-81.227,-49.268,53.965,0.0527,-0.0156,1.0,-0.6714,2.4414,1.2817,-0.297,-3.279,-1.093
2023-10-24 01:03:11.166826,0.7935,0.731,0.1816,-20.0195,-74.2798,-184.8755,-84.65,-68.148,61.837,0.0308,-0.0229,1.0103,-2.5635,5.9204,0.061,-0.439,-2.917,-1.049
2023-10-24 01:03:11.267110,0.4287,3.4663,0.6279,-42.2974,-81.0547,-192.3218,-147.085,-86.962,119.086,0.0498,-0.0107,1.0225,0.9155,0.4883,0.1221,-0.538,-2.895,-1.033
2023-10-24 01:03:11.367456,0.7651,0.8594,0.2656,141.1133,86.1816,100.1587,-101.124,-84.375,71.84,0.0493,0.0273,0.9912,0.2441,-2.0142,0.6104,-0.428,-3.071,-0.983
2023-10-24 01:03:11.467750,0.8765,1.3491,-0.0581,57.1289,58.8379,99.2432,-58.458,-75.795,38.694,0.0674,0.019,0.9805,-1.5259,-2.8076,-2.3804,-0.357,-3.329,-1.137
2023-10-24 01:03:11.568068,0.627,0.5527,0.1699,52.4292,105.7129,183.1665,-55.931,-57.81,42.473,0.0728,-0.02,1.0039,1.3428,-0.1221,-0.8545,-0.396,-3.384,-1.247
2023-10-24 01:03:11.668331,0.4873,0.1465,0.3296,22.7661,85.144,99.4263,-52.482,-39.705,43.242,0.0347,-0.0142,1.0,-2.6245,3.7231,-2.6855,-0.286,-3.417,-1.472
2023-10-24 01:03:11.768622,0.2656,0.0322,0.4834,-14.5264,86.3647,138.2446,-52.262,-25.774,44.011,0.0605,-0.0093,1.0068,-0.2441,2.5635,2.0752,-0.335,-3.301,-1.522
2023-10-24 01:03:11.868870,0.4795,-0.5811,0.52,-117.8589,-39.3677,-81.1768,-63.199,-25.312,45.066,0.0415,-0.0063,1.0107,-0.3052,0.061,1.9531,-0.412,-3.071,-1.225
2023-10-24 01:03:11.969112,0.6953,-0.085,0.3638,-84.4727,-22.522,-197.4487,-71.68,-40.248,42.792,0.0894,0.02,0.9932,0.9766,-1.0986,0.7935,-0.33,-3.274,-1.148
2023-10-24 01:03:12.069456,0.5806,0.3208,0.5083,71.0449,-28.2593,-207.2144,-65.369,-59.068,35.42,0.0532,-0.0078,0.9888,-0.4272,1.0376,0.6104,-0.269,-3.34,-1.082
2023-10-24 01:03:12.169708,0.4404,2.4263,0.335,15.3809,-119.9341,-233.7646,-41.825,-81.722,15.392,0.0596,-0.0122,0.9868,-1.77,2.2583,-0.7935,-0.357,-3.246,-1.11
2023-10-24 01:03:12.269962,1.0283,0.8862,-0.0991,75.5615,-23.3154,134.8877,-108.699,-85.193,72.015,0.0474,-0.0054,1.0127,1.77,0.4883,0.9766,-0.439,-3.01,-1.099
2023-10-24 01:03:12.370361,0.7979,1.0532,0.2749,159.2407,70.0073,72.2656,-60.381,-74.251,37.831,0.0327,0.0073,0.9927,-2.7466,-0.1831,-1.8921,-0.406,-3.049,-1.088
2023-10-24 01:03:12.470625,0.6152,0.6157,0.2603,37.9639,132.0801,183.3496,-49.092,-57.568,35.046,0.085,-0.0093,1.0093,-0.1831,-0.1831,0.0,-0.335,-3.356,-1.269
2023-10-24 01:03:12.570929,0.2397,0.2383,0.3809,30.7617,132.8125,136.7798,-43.616,-35.266,37.864,0.0366,-0.0117,1.001,0.4272,-0.9766,-0.9155,-0.258,-3.549,-1.329
2023-10-24 01:03:12.671329,0.5176,0.207,0.4839,-106.8726,15.625,86.4258,-50.46,-22.994,40.161,0.0732,-0.0049,0.9941,-0.1221,0.6104,0.5493,-0.269,-3.494,-1.351
2023-10-24 01:03:12.771597,0.6812,-0.6885,0.5107,7.6294,-43.7012,-140.5029,-69.428,-26.867,43.896,0.0493,0.0059,1.0068,0.0,3.8452,0.8545,-0.17,-3.521,-1.302
2023-10-24 01:03:12.871891,0.5713,-0.0903,0.2842,-14.3433,-23.6206,-219.6045,-66.918,-44.967,39.216,0.0566,-0.0068,1.0039,-1.0376,1.77,1.3428,-0.181,-3.285,-1.198
2023-10-24 01:03:12.972156,0.4097,0.8193,0.1392,-11.9019,-73.4253,-230.4688,-44.747,-65.27,25.45,0.0444,-0.0029,0.9971,-2.4414,4.0894,0.0,-0.335,-3.12,-1.165
2023-10-24 01:03:13.072416,0.5537,3.9458,0.1104,-60.5469,-105.896,-212.4023,20.775,-77.19,-41.765,0.0684,-0.0093,1.0034,0.4272,-0.5493,-0.061,-0.439,-3.115,-1.165
2023-10-24 01:03:13.172692,0.583,-0.1743,0.3462,49.6826,-8.2397,145.5078,-9.965,-79.887,-26.724,0.0732,0.0254,0.9995,0.7935,0.0,1.6479,-0.28,-3.246,-1.099
2023-10-24 01:03:13.272964,0.6685,2.3989,-0.1489,57.4951,32.7148,70.4346,-14.925,-72.219,8.459,0.0479,0.0244,0.9902,-0.061,-4.8218,-2.9907,-0.335,-3.115,-1.148
2023-10-24 01:03:13.373264,0.3242,0.1675,0.4185,124.6948,160.6445,382.9346,-50.999,-44.127,46.192,0.0596,-0.0259,1.0161,3.2959,-3.9062,1.0986,-0.291,-3.301,-1.187
2023-10-24 01:03:13.473576,-0.541,-0.937,0.6289,1.709,10.5591,96.6797,-48.697,-12.112,53.212,0.0117,-0.0083,1.0015,-5.0049,5.3711,-2.8687,-0.472,-3.01,-1.208
2023-10-24 01:03:13.573893,0.2729,-0.7827,0.7041,-117.0654,-66.5283,-171.9971,-62.155,-11.332,57.81,0.103,-0.019,0.9834,3.1128,-3.2959,-0.5493,-0.335,-3.615,-1.5
2023-10-24 01:03:13.674172,0.332,-0.2041,0.3198,-28.0762,-20.6299,-271.6675,-65.539,-35.189,50.955,0.0122,-0.0259,1.0107,0.2441,7.3242,3.3569,-0.357,-3.131,-1.252
2023-10-24 01:03:13.774462,0.4883,0.9253,0.3447,-122.1924,-68.4204,-280.5786,-53.8,-62.507,34.876,0.0273,-0.0059,0.9971,-4.3335,1.6479,-0.3662,-0.549,-2.769,-1.154
2023-10-24 01:03:13.874783,0.1445,4.5557,0.8184,149.231,-53.4668,-253.7842,27.79,-82.579,-58.931,0.104,-0.0015,1.0063,0.5493,0.6714,0.061,-0.406,-3.323,-1.269
2023-10-24 01:03:13.975070,1.019,-0.2817,0.0996,611.0229,5.6152,174.9878,-86.281,-87.726,43.748,0.043,0.002,1.0288,-0.3052,5.8594,2.8076,-0.33,-3.164,-1.126
2023-10-24 01:03:14.075386,0.6367,1.5098,0.1914,-84.3506,75.5615,212.8906,-51.954,-71.373,45.06,0.0469,0.0132,1.0151,0.7324,-1.8311,-3.6621,-0.357,-3.131,-1.225
2023-10-24 01:03:14.175679,0.605,0.2935,0.0103,161.438,164.856,207.1533,-57.689,-45.934,53.196,0.063,-0.0093,1.001,2.5024,-2.0752,0.6714,-0.313,-3.334,-1.274
2023-10-24 01:03:14.276003,-0.2944,-0.436,0.6396,-1.77,55.542,91.1865,-53.657,-24.104,49.785,0.0317,0.0,1.0029,-0.4883,-3.3569,-2.1362,-0.247,-3.246,-1.412
2023-10-24 01:03:14.376297,0.2256,-0.373,0.6714,-177.3071,-87.4634,-150.8789,-65.067,-23.956,52.339,0.0562,-0.0244,0.9995,-1.9531,1.3428,0.7935,-0.494,-3.197,-1.439
2023-10-24 01:03:14.476586,0.1099,-0.022,0.6396,1.0376,-90.8813,-217.6514,-73.982,-44.368,53.806,0.0737,-0.0024,1.0166,4.6387,-2.2583,0.6714,-0.253,-3.395,-1.362
2023-10-24 01:03:14.576878,0.4556,0.3726,0.417,22.3389,-129.9438,-218.6279,-79.695,-68.983,63.501,0.021,-0.0176,1.0039,-0.8545,-0.1221,-0.7935,-0.335,-3.109,-1.285
2023-10-24 01:03:14.677170,0.8608,6.106,-0.6479,-111.8164,-108.4595,-175.415,120.256,-86.012,-135.269,0.0732,-0.02,1.0215,1.6479,0.2441,0.4883,-0.368,-3.038,-1.285
2023-10-24 01:03:14.777428,0.7866,1.123,-0.4399,666.9922,101.6235,62.5,-85.562,-85.688,61.331,0.02,0.0127,1.0049,-1.1597,-2.8076,2.0752,-0.374,-2.972,-1.104
2023-10-24 01:03:14.877674,0.6182,1.085,-0.3638,-108.3984,124.5117,160.8276,-36.216,-72.581,32.047,0.0806,0.0156,0.9883,-0.061,-5.0049,-2.5635,-0.324,-3.389,-1.291
2023-10-24 01:03:14.977914,0.5234,0.5269,0.2998,124.5117,202.5757,189.3311,-36.392,-47.681,39.441,0.0747,-0.0049,1.0078,2.8687,-2.5635,0.4272,-0.214,-3.636,-1.28
2023-10-24 01:03:15.078152,-0.0806,-0.3813,0.6558,-169.9829,25.6348,80.0781,-43.462,-26.136,44.78,0.0317,0.0083,1.0034,-1.709,-1.1597,-2.7466,-0.319,-3.4,-1.379
2023-10-24 01:03:15.178396,0.4824,-0.2876,0.5093,-148.5596,-79.9561,-87.0361,-58.079,-30.569,48.532,0.0947,0.002,1.0005,1.5869,-0.1831,-0.7324,-0.368,-3.406,-1.615
2023-10-24 01:03:15.278675,0.5513,0.0615,0.4834,-122.6196,-68.9087,-217.8345,-67.434,-49.224,47.395,0.0186,-0.0337,1.0103,-1.8311,4.3335,1.4648,-0.231,-3.257,-1.533
2023-10-24 01:03:15.378925,0.582,1.0835,0.1416,51.6357,-117.9199,-225.0977,-63.144,-71.472,47.06,-0.0215,-0.0308,1.0171,1.5869,-3.479,-0.2441,-0.533,-2.78,-1.544
2023-10-24 01:03:15.479177,0.7124,2.918,0.7871,-133.1177,-78.4302,-128.3569,163.169,-88.967,171.381,0.0986,-0.0259,1.0229,4.5776,-4.3335,1.6479,-0.406,-3.142,-1.379
2023-10-24 01:03:15.579443,0.8833,0.8584,0.1567,337.3413,86.3037,113.4033,-51.877,-85.995,28.081,0.0146,0.0259,1.002,-0.3662,0.3052,1.2207,-0.291,-3.109,-1.23
2023-10-24 01:03:15.679737,0.5811,1.291,0.2773,-105.1025,89.2334,244.1406,-55.085,-68.401,42.275,0.083,0.0278,0.9888,-1.6479,-0.6714,-0.7935,-0.209,-3.378,-1.335
2023-10-24 01:03:15.779990,0.1309,-0.1069,0.4434,194.458,114.9292,247.3755,-58.052,-40.133,52.828,0.0498,-0.0161,1.0127,2.3804,-2.6855,-0.6714,-0.187,-3.428,-1.296
2023-10-24 01:03:15.880250,0.3442,-0.6475,0.6733,-46.2646,35.5225,124.1455,-59.584,-22.061,54.893,0.0464,-0.0049,0.9976,-1.1597,0.4883,-3.2349,-0.203,-3.307,-1.582
2023-10-24 01:03:15.980502,0.3198,-0.6182,0.7114,-101.1963,-44.4946,-178.1616,-69.62,-28.235,55.854,0.0669,-0.0083,0.9873,0.4883,0.5493,-1.2817,-0.247,-3.329,-1.763
2023-10-24 01:03:16.080749,0.4927,-0.2251,0.4082,-49.4385,-59.3262,-230.4077,-77.492,-50.977,55.547,0.0195,-0.0054,1.0073,0.0,1.1597,1.5869,-0.214,-2.994,-1.692
2023-10-24 01:03:16.181041,0.6919,0.585,0.0625,-118.2251,-89.7217,-268.6157,-87.72,-77.509,65.517,0.0293,-0.0063,0.9829,-4.8828,5.3101,1.6479,-0.505,-2.736,-1.653
2023-10-24 01:03:16.281297,0.2896,3.5884,-0.4473,397.3999,12.6953,-129.6387,92.142,-87.907,-101.014,0.0977,-0.0054,1.0,0.9766,-4.0894,1.709,-0.341,-3.076,-1.412
2023-10-24 01:03:16.381543,0.9751,0.5327,-0.1396,-25.5737,85.022,131.3477,-61.875,-77.618,51.01,0.0308,0.0054,0.9932,-1.3428,-2.8076,1.6479,-0.22,-3.274,-1.313
2023-10-24 01:03:16.481798,0.8071,0.9858,0.1826,23.7427,128.8452,176.3916,-49.686,-59.711,44.302,0.0986,0.0239,1.0078,-0.4272,2.6245,1.1597,-0.159,-3.389,-1.373
2023-10-24 01:03:16.582055,0.2231,-0.0024,0.4829,198.3643,129.3335,173.4009,-46.994,-37.936,48.45,0.0293,-0.0176,1.0088,-1.5259,2.8687,-0.6104,-0.17,-3.455,-1.318
2023-10-24 01:03:16.682329,-0.0156,-0.8955,0.6611,-111.8774,-17.0898,15.625,-52.125,-24.022,52.147,0.0405,0.0,1.0049,-2.1362,0.4883,-2.4414,-0.363,-3.054,-1.593
2023-10-24 01:03:16.782610,0.2651,-0.4307,0.5322,-135.6812,-60.2417,-213.7451,-67.764,-34.316,53.091,0.062,-0.0127,0.9927,0.8545,1.1597,-1.1597,-0.335,-3.274,-1.785
2023-10-24 01:03:16.882883,0.5864,0.2021,0.3008,-21.3623,-47.7905,-215.271,-71.768,-56.558,51.136,0.0415,-0.0117,1.0034,2.6245,-2.5635,0.1221,-0.154,-3.285,-1.78
2023-10-24 01:03:16.983148,0.9082,1.25,0.2188,-130.0659,-32.3486,-212.5854,-72.427,-79.387,45.84,0.0303,-0.0098,0.9878,-3.1738,4.9438,1.6479,-0.379,-2.933,-1.714
2023-10-24 01:03:17.083421,0.3213,1.4468,0.1436,-24.1699,1.709,230.1636,-85.831,-85.957,65.759,0.0854,-0.0176,1.0034,0.5493,1.5259,2.6855,-0.346,-2.922,-1.412
2023-10-24 01:03:17.183711,1.0156,0.3276,0.1968,97.3511,61.2793,103.2104,-76.223,-72.548,57.398,0.0493,0.0107,0.9775,-1.0376,1.4038,0.1831,-0.225,-3.351,-1.324
2023-10-24 01:03:17.284042,0.8853,1.4126,-0.1367,-6.5918,58.2886,101.3184,-55.421,-61.496,50.46,0.0806,0.0015,1.0186,0.6714,0.9766,1.1597,-0.319,-3.235,-1.384
2023-10-24 01:03:17.384321,0.5757,0.0415,0.0728,93.0176,108.4595,177.2461,-59.502,-42.748,53.487,0.0127,-0.0259,1.0234,-1.2207,5.9204,-0.2441,-0.209,-3.17,-1.373
